ISO-10303-21;
HEADER;
/* Generated by software containing ST-Developer
 * from STEP Tools, Inc. (www.steptools.com) 
 */

FILE_DESCRIPTION(
/* description */ ('',
'CAx-IF Rec.Pracs.---Representation and Presentation of Product Manufa
cturing Information (PMI)---4.0---2014-10-13'),
/* implementation_level */ '2;1');

FILE_NAME(
/* name */ 'Carvera-Air-MDF-Bed.STEP.step',
/* time_stamp */ '2024-12-02T13:23:59+08:00',
/* author */ (''),
/* organization */ (''),
/* preprocessor_version */ 'ST-DEVELOPER v20',
/* originating_system */ 'Autodesk Translation Framework v13.20.0.188',

/* authorisation */ '');

FILE_SCHEMA (('AP242_MANAGED_MODEL_BASED_3D_ENGINEERING_MIM_LF { 1 0 10303 442 1 1 4 }'));
ENDSEC;

DATA;
#10=MECHANICAL_DESIGN_GEOMETRIC_PRESENTATION_REPRESENTATION('',(#13),#2988);
#11=SHAPE_REPRESENTATION_RELATIONSHIP('SRR','None',#2995,#12);
#12=ADVANCED_BREP_SHAPE_REPRESENTATION('',(#14),#2987);
#13=STYLED_ITEM('',(#3005),#14);
#14=MANIFOLD_SOLID_BREP('Body1',#1764);
#15=CYLINDRICAL_SURFACE('',#1916,2.99999999999992);
#16=CYLINDRICAL_SURFACE('',#1918,0.199999999999992);
#17=CYLINDRICAL_SURFACE('',#1926,0.199999999999992);
#18=CYLINDRICAL_SURFACE('',#1928,2.99999999999993);
#19=CYLINDRICAL_SURFACE('',#1929,2.99999999999993);
#20=CYLINDRICAL_SURFACE('',#1930,2.99999999999993);
#21=CYLINDRICAL_SURFACE('',#1931,2.99999999999993);
#22=CYLINDRICAL_SURFACE('',#1932,2.99999999999993);
#23=CYLINDRICAL_SURFACE('',#1933,3.00000000000004);
#24=CYLINDRICAL_SURFACE('',#1934,3.00000000000005);
#25=CYLINDRICAL_SURFACE('',#1935,3.00000000000004);
#26=CYLINDRICAL_SURFACE('',#1936,2.99999999999991);
#27=CYLINDRICAL_SURFACE('',#1937,2.99999999999993);
#28=CYLINDRICAL_SURFACE('',#1938,2.99999999999993);
#29=CYLINDRICAL_SURFACE('',#1939,2.99999999999993);
#30=CYLINDRICAL_SURFACE('',#1940,2.99999999999991);
#31=CYLINDRICAL_SURFACE('',#1941,2.99999999999993);
#32=CYLINDRICAL_SURFACE('',#1942,2.99999999999993);
#33=CYLINDRICAL_SURFACE('',#1943,2.99999999999993);
#34=CYLINDRICAL_SURFACE('',#1944,3.00000000000016);
#35=CYLINDRICAL_SURFACE('',#1945,2.99999999999993);
#36=CYLINDRICAL_SURFACE('',#1946,3.00000000000016);
#37=CYLINDRICAL_SURFACE('',#1947,3.00000000000004);
#38=CYLINDRICAL_SURFACE('',#1948,3.00000000000004);
#39=CYLINDRICAL_SURFACE('',#1949,3.00000000000004);
#40=CYLINDRICAL_SURFACE('',#1950,3.00000000000005);
#41=CYLINDRICAL_SURFACE('',#1951,3.00000000000005);
#42=CYLINDRICAL_SURFACE('',#1952,3.00000000000005);
#43=CYLINDRICAL_SURFACE('',#1953,3.00000000000005);
#44=CYLINDRICAL_SURFACE('',#1954,3.00000000000016);
#45=CYLINDRICAL_SURFACE('',#1955,3.00000000000016);
#46=CYLINDRICAL_SURFACE('',#1956,3.00000000000016);
#47=CYLINDRICAL_SURFACE('',#1957,3.00000000000016);
#48=CYLINDRICAL_SURFACE('',#1958,3.00000000000016);
#49=CYLINDRICAL_SURFACE('',#1959,3.00000000000005);
#50=CYLINDRICAL_SURFACE('',#1960,3.00000000000005);
#51=CYLINDRICAL_SURFACE('',#1961,3.00000000000016);
#52=CYLINDRICAL_SURFACE('',#1962,3.00000000000016);
#53=CYLINDRICAL_SURFACE('',#1963,3.00000000000016);
#54=CYLINDRICAL_SURFACE('',#1964,3.00000000000016);
#55=CYLINDRICAL_SURFACE('',#1965,3.00000000000005);
#56=CYLINDRICAL_SURFACE('',#1966,3.00000000000016);
#57=CYLINDRICAL_SURFACE('',#1967,3.00000000000016);
#58=CYLINDRICAL_SURFACE('',#1968,3.00000000000016);
#59=CYLINDRICAL_SURFACE('',#1969,3.00000000000016);
#60=CYLINDRICAL_SURFACE('',#1970,3.00000000000016);
#61=CYLINDRICAL_SURFACE('',#1971,3.00000000000016);
#62=CYLINDRICAL_SURFACE('',#1972,3.00000000000016);
#63=CYLINDRICAL_SURFACE('',#1973,3.00000000000016);
#64=CYLINDRICAL_SURFACE('',#1974,3.00000000000016);
#65=CYLINDRICAL_SURFACE('',#1975,3.00000000000005);
#66=CYLINDRICAL_SURFACE('',#1976,3.00000000000016);
#67=CYLINDRICAL_SURFACE('',#1977,3.00000000000005);
#68=CYLINDRICAL_SURFACE('',#1978,3.00000000000016);
#69=CYLINDRICAL_SURFACE('',#1979,3.00000000000016);
#70=CYLINDRICAL_SURFACE('',#1980,3.00000000000016);
#71=CYLINDRICAL_SURFACE('',#1981,3.00000000000016);
#72=CYLINDRICAL_SURFACE('',#1982,3.00000000000016);
#73=CYLINDRICAL_SURFACE('',#1983,3.00000000000004);
#74=CYLINDRICAL_SURFACE('',#1984,2.99999999999993);
#75=CYLINDRICAL_SURFACE('',#1985,3.00000000000004);
#76=CYLINDRICAL_SURFACE('',#1986,3.00000000000016);
#77=CYLINDRICAL_SURFACE('',#1987,3.00000000000016);
#78=CYLINDRICAL_SURFACE('',#1988,3.00000000000016);
#79=CYLINDRICAL_SURFACE('',#1989,3.00000000000016);
#80=CYLINDRICAL_SURFACE('',#1990,3.00000000000016);
#81=CYLINDRICAL_SURFACE('',#1991,3.00000000000004);
#82=CYLINDRICAL_SURFACE('',#1992,2.99999999999993);
#83=FACE_BOUND('',#293,.T.);
#84=FACE_BOUND('',#294,.T.);
#85=FACE_BOUND('',#295,.T.);
#86=FACE_BOUND('',#296,.T.);
#87=FACE_BOUND('',#297,.T.);
#88=FACE_BOUND('',#298,.T.);
#89=FACE_BOUND('',#299,.T.);
#90=FACE_BOUND('',#300,.T.);
#91=FACE_BOUND('',#301,.T.);
#92=FACE_BOUND('',#302,.T.);
#93=FACE_BOUND('',#303,.T.);
#94=FACE_BOUND('',#304,.T.);
#95=FACE_BOUND('',#305,.T.);
#96=FACE_BOUND('',#306,.T.);
#97=FACE_BOUND('',#307,.T.);
#98=FACE_BOUND('',#308,.T.);
#99=FACE_BOUND('',#309,.T.);
#100=FACE_BOUND('',#310,.T.);
#101=FACE_BOUND('',#311,.T.);
#102=FACE_BOUND('',#312,.T.);
#103=FACE_BOUND('',#313,.T.);
#104=FACE_BOUND('',#314,.T.);
#105=FACE_BOUND('',#315,.T.);
#106=FACE_BOUND('',#316,.T.);
#107=FACE_BOUND('',#317,.T.);
#108=FACE_BOUND('',#318,.T.);
#109=FACE_BOUND('',#319,.T.);
#110=FACE_BOUND('',#320,.T.);
#111=FACE_BOUND('',#321,.T.);
#112=FACE_BOUND('',#322,.T.);
#113=FACE_BOUND('',#323,.T.);
#114=FACE_BOUND('',#324,.T.);
#115=FACE_BOUND('',#325,.T.);
#116=FACE_BOUND('',#326,.T.);
#117=FACE_BOUND('',#327,.T.);
#118=FACE_BOUND('',#328,.T.);
#119=FACE_BOUND('',#329,.T.);
#120=FACE_BOUND('',#330,.T.);
#121=FACE_BOUND('',#331,.T.);
#122=FACE_BOUND('',#332,.T.);
#123=FACE_BOUND('',#333,.T.);
#124=FACE_BOUND('',#334,.T.);
#125=FACE_BOUND('',#335,.T.);
#126=FACE_BOUND('',#336,.T.);
#127=FACE_BOUND('',#337,.T.);
#128=FACE_BOUND('',#338,.T.);
#129=FACE_BOUND('',#339,.T.);
#130=FACE_BOUND('',#340,.T.);
#131=FACE_BOUND('',#341,.T.);
#132=FACE_BOUND('',#342,.T.);
#133=FACE_BOUND('',#343,.T.);
#134=FACE_BOUND('',#344,.T.);
#135=FACE_BOUND('',#345,.T.);
#136=FACE_BOUND('',#346,.T.);
#137=FACE_BOUND('',#347,.T.);
#138=FACE_BOUND('',#348,.T.);
#139=FACE_BOUND('',#349,.T.);
#140=FACE_BOUND('',#350,.T.);
#141=FACE_BOUND('',#351,.T.);
#142=FACE_BOUND('',#352,.T.);
#143=FACE_BOUND('',#353,.T.);
#144=FACE_BOUND('',#354,.T.);
#145=FACE_BOUND('',#355,.T.);
#146=FACE_BOUND('',#356,.T.);
#147=FACE_BOUND('',#357,.T.);
#148=FACE_BOUND('',#359,.T.);
#149=FACE_BOUND('',#360,.T.);
#150=FACE_BOUND('',#361,.T.);
#151=FACE_BOUND('',#362,.T.);
#152=FACE_BOUND('',#363,.T.);
#153=FACE_BOUND('',#364,.T.);
#154=FACE_BOUND('',#365,.T.);
#155=FACE_BOUND('',#366,.T.);
#156=FACE_BOUND('',#367,.T.);
#157=FACE_BOUND('',#368,.T.);
#158=FACE_BOUND('',#369,.T.);
#159=FACE_BOUND('',#370,.T.);
#160=FACE_BOUND('',#371,.T.);
#161=FACE_BOUND('',#372,.T.);
#162=FACE_BOUND('',#373,.T.);
#163=FACE_BOUND('',#374,.T.);
#164=FACE_BOUND('',#375,.T.);
#165=FACE_BOUND('',#376,.T.);
#166=FACE_BOUND('',#377,.T.);
#167=FACE_BOUND('',#378,.T.);
#168=FACE_BOUND('',#379,.T.);
#169=FACE_BOUND('',#380,.T.);
#170=FACE_BOUND('',#381,.T.);
#171=FACE_BOUND('',#382,.T.);
#172=FACE_BOUND('',#383,.T.);
#173=FACE_BOUND('',#384,.T.);
#174=FACE_BOUND('',#385,.T.);
#175=FACE_BOUND('',#386,.T.);
#176=FACE_BOUND('',#387,.T.);
#177=FACE_BOUND('',#388,.T.);
#178=FACE_BOUND('',#389,.T.);
#179=FACE_BOUND('',#390,.T.);
#180=FACE_BOUND('',#391,.T.);
#181=FACE_BOUND('',#392,.T.);
#182=FACE_BOUND('',#393,.T.);
#183=FACE_BOUND('',#394,.T.);
#184=FACE_BOUND('',#395,.T.);
#185=FACE_BOUND('',#396,.T.);
#186=FACE_BOUND('',#397,.T.);
#187=FACE_BOUND('',#398,.T.);
#188=FACE_BOUND('',#399,.T.);
#189=FACE_BOUND('',#400,.T.);
#190=FACE_BOUND('',#401,.T.);
#191=FACE_BOUND('',#402,.T.);
#192=FACE_BOUND('',#403,.T.);
#193=FACE_BOUND('',#404,.T.);
#194=FACE_BOUND('',#405,.T.);
#195=FACE_BOUND('',#406,.T.);
#196=FACE_BOUND('',#407,.T.);
#197=FACE_BOUND('',#408,.T.);
#198=FACE_BOUND('',#409,.T.);
#199=FACE_BOUND('',#410,.T.);
#200=FACE_BOUND('',#411,.T.);
#201=FACE_BOUND('',#412,.T.);
#202=FACE_BOUND('',#413,.T.);
#203=FACE_BOUND('',#414,.T.);
#204=FACE_BOUND('',#415,.T.);
#205=FACE_BOUND('',#416,.T.);
#206=FACE_BOUND('',#417,.T.);
#207=FACE_BOUND('',#418,.T.);
#208=FACE_BOUND('',#419,.T.);
#209=FACE_BOUND('',#420,.T.);
#210=FACE_BOUND('',#421,.T.);
#211=FACE_BOUND('',#422,.T.);
#212=FACE_BOUND('',#423,.T.);
#213=FACE_OUTER_BOUND('',#292,.T.);
#214=FACE_OUTER_BOUND('',#358,.T.);
#215=FACE_OUTER_BOUND('',#424,.T.);
#216=FACE_OUTER_BOUND('',#425,.T.);
#217=FACE_OUTER_BOUND('',#426,.T.);
#218=FACE_OUTER_BOUND('',#427,.T.);
#219=FACE_OUTER_BOUND('',#428,.T.);
#220=FACE_OUTER_BOUND('',#429,.T.);
#221=FACE_OUTER_BOUND('',#430,.T.);
#222=FACE_OUTER_BOUND('',#431,.T.);
#223=FACE_OUTER_BOUND('',#432,.T.);
#224=FACE_OUTER_BOUND('',#433,.T.);
#225=FACE_OUTER_BOUND('',#434,.T.);
#226=FACE_OUTER_BOUND('',#435,.T.);
#227=FACE_OUTER_BOUND('',#436,.T.);
#228=FACE_OUTER_BOUND('',#437,.T.);
#229=FACE_OUTER_BOUND('',#438,.T.);
#230=FACE_OUTER_BOUND('',#439,.T.);
#231=FACE_OUTER_BOUND('',#440,.T.);
#232=FACE_OUTER_BOUND('',#441,.T.);
#233=FACE_OUTER_BOUND('',#442,.T.);
#234=FACE_OUTER_BOUND('',#443,.T.);
#235=FACE_OUTER_BOUND('',#444,.T.);
#236=FACE_OUTER_BOUND('',#445,.T.);
#237=FACE_OUTER_BOUND('',#446,.T.);
#238=FACE_OUTER_BOUND('',#447,.T.);
#239=FACE_OUTER_BOUND('',#448,.T.);
#240=FACE_OUTER_BOUND('',#449,.T.);
#241=FACE_OUTER_BOUND('',#450,.T.);
#242=FACE_OUTER_BOUND('',#451,.T.);
#243=FACE_OUTER_BOUND('',#452,.T.);
#244=FACE_OUTER_BOUND('',#453,.T.);
#245=FACE_OUTER_BOUND('',#454,.T.);
#246=FACE_OUTER_BOUND('',#455,.T.);
#247=FACE_OUTER_BOUND('',#456,.T.);
#248=FACE_OUTER_BOUND('',#457,.T.);
#249=FACE_OUTER_BOUND('',#458,.T.);
#250=FACE_OUTER_BOUND('',#459,.T.);
#251=FACE_OUTER_BOUND('',#460,.T.);
#252=FACE_OUTER_BOUND('',#461,.T.);
#253=FACE_OUTER_BOUND('',#462,.T.);
#254=FACE_OUTER_BOUND('',#463,.T.);
#255=FACE_OUTER_BOUND('',#464,.T.);
#256=FACE_OUTER_BOUND('',#465,.T.);
#257=FACE_OUTER_BOUND('',#466,.T.);
#258=FACE_OUTER_BOUND('',#467,.T.);
#259=FACE_OUTER_BOUND('',#468,.T.);
#260=FACE_OUTER_BOUND('',#469,.T.);
#261=FACE_OUTER_BOUND('',#470,.T.);
#262=FACE_OUTER_BOUND('',#471,.T.);
#263=FACE_OUTER_BOUND('',#472,.T.);
#264=FACE_OUTER_BOUND('',#473,.T.);
#265=FACE_OUTER_BOUND('',#474,.T.);
#266=FACE_OUTER_BOUND('',#475,.T.);
#267=FACE_OUTER_BOUND('',#476,.T.);
#268=FACE_OUTER_BOUND('',#477,.T.);
#269=FACE_OUTER_BOUND('',#478,.T.);
#270=FACE_OUTER_BOUND('',#479,.T.);
#271=FACE_OUTER_BOUND('',#480,.T.);
#272=FACE_OUTER_BOUND('',#481,.T.);
#273=FACE_OUTER_BOUND('',#482,.T.);
#274=FACE_OUTER_BOUND('',#483,.T.);
#275=FACE_OUTER_BOUND('',#484,.T.);
#276=FACE_OUTER_BOUND('',#485,.T.);
#277=FACE_OUTER_BOUND('',#486,.T.);
#278=FACE_OUTER_BOUND('',#487,.T.);
#279=FACE_OUTER_BOUND('',#488,.T.);
#280=FACE_OUTER_BOUND('',#489,.T.);
#281=FACE_OUTER_BOUND('',#490,.T.);
#282=FACE_OUTER_BOUND('',#491,.T.);
#283=FACE_OUTER_BOUND('',#492,.T.);
#284=FACE_OUTER_BOUND('',#493,.T.);
#285=FACE_OUTER_BOUND('',#494,.T.);
#286=FACE_OUTER_BOUND('',#495,.T.);
#287=FACE_OUTER_BOUND('',#496,.T.);
#288=FACE_OUTER_BOUND('',#497,.T.);
#289=FACE_OUTER_BOUND('',#498,.T.);
#290=FACE_OUTER_BOUND('',#499,.T.);
#291=FACE_OUTER_BOUND('',#500,.T.);
#292=EDGE_LOOP('',(#1212,#1213,#1214,#1215,#1216,#1217,#1218,#1219,#1220,
#1221,#1222,#1223));
#293=EDGE_LOOP('',(#1224));
#294=EDGE_LOOP('',(#1225));
#295=EDGE_LOOP('',(#1226));
#296=EDGE_LOOP('',(#1227));
#297=EDGE_LOOP('',(#1228));
#298=EDGE_LOOP('',(#1229));
#299=EDGE_LOOP('',(#1230));
#300=EDGE_LOOP('',(#1231));
#301=EDGE_LOOP('',(#1232));
#302=EDGE_LOOP('',(#1233));
#303=EDGE_LOOP('',(#1234));
#304=EDGE_LOOP('',(#1235));
#305=EDGE_LOOP('',(#1236));
#306=EDGE_LOOP('',(#1237));
#307=EDGE_LOOP('',(#1238));
#308=EDGE_LOOP('',(#1239));
#309=EDGE_LOOP('',(#1240));
#310=EDGE_LOOP('',(#1241));
#311=EDGE_LOOP('',(#1242));
#312=EDGE_LOOP('',(#1243));
#313=EDGE_LOOP('',(#1244));
#314=EDGE_LOOP('',(#1245));
#315=EDGE_LOOP('',(#1246));
#316=EDGE_LOOP('',(#1247));
#317=EDGE_LOOP('',(#1248));
#318=EDGE_LOOP('',(#1249));
#319=EDGE_LOOP('',(#1250));
#320=EDGE_LOOP('',(#1251));
#321=EDGE_LOOP('',(#1252));
#322=EDGE_LOOP('',(#1253));
#323=EDGE_LOOP('',(#1254));
#324=EDGE_LOOP('',(#1255));
#325=EDGE_LOOP('',(#1256));
#326=EDGE_LOOP('',(#1257));
#327=EDGE_LOOP('',(#1258));
#328=EDGE_LOOP('',(#1259));
#329=EDGE_LOOP('',(#1260));
#330=EDGE_LOOP('',(#1261));
#331=EDGE_LOOP('',(#1262));
#332=EDGE_LOOP('',(#1263));
#333=EDGE_LOOP('',(#1264));
#334=EDGE_LOOP('',(#1265));
#335=EDGE_LOOP('',(#1266));
#336=EDGE_LOOP('',(#1267));
#337=EDGE_LOOP('',(#1268));
#338=EDGE_LOOP('',(#1269));
#339=EDGE_LOOP('',(#1270));
#340=EDGE_LOOP('',(#1271));
#341=EDGE_LOOP('',(#1272));
#342=EDGE_LOOP('',(#1273));
#343=EDGE_LOOP('',(#1274));
#344=EDGE_LOOP('',(#1275));
#345=EDGE_LOOP('',(#1276));
#346=EDGE_LOOP('',(#1277));
#347=EDGE_LOOP('',(#1278));
#348=EDGE_LOOP('',(#1279));
#349=EDGE_LOOP('',(#1280));
#350=EDGE_LOOP('',(#1281));
#351=EDGE_LOOP('',(#1282));
#352=EDGE_LOOP('',(#1283));
#353=EDGE_LOOP('',(#1284));
#354=EDGE_LOOP('',(#1285));
#355=EDGE_LOOP('',(#1286));
#356=EDGE_LOOP('',(#1287));
#357=EDGE_LOOP('',(#1288));
#358=EDGE_LOOP('',(#1289,#1290,#1291,#1292,#1293,#1294,#1295,#1296,#1297,
#1298,#1299,#1300));
#359=EDGE_LOOP('',(#1301));
#360=EDGE_LOOP('',(#1302));
#361=EDGE_LOOP('',(#1303));
#362=EDGE_LOOP('',(#1304));
#363=EDGE_LOOP('',(#1305));
#364=EDGE_LOOP('',(#1306));
#365=EDGE_LOOP('',(#1307));
#366=EDGE_LOOP('',(#1308));
#367=EDGE_LOOP('',(#1309));
#368=EDGE_LOOP('',(#1310));
#369=EDGE_LOOP('',(#1311));
#370=EDGE_LOOP('',(#1312));
#371=EDGE_LOOP('',(#1313));
#372=EDGE_LOOP('',(#1314));
#373=EDGE_LOOP('',(#1315));
#374=EDGE_LOOP('',(#1316));
#375=EDGE_LOOP('',(#1317));
#376=EDGE_LOOP('',(#1318));
#377=EDGE_LOOP('',(#1319));
#378=EDGE_LOOP('',(#1320));
#379=EDGE_LOOP('',(#1321));
#380=EDGE_LOOP('',(#1322));
#381=EDGE_LOOP('',(#1323));
#382=EDGE_LOOP('',(#1324));
#383=EDGE_LOOP('',(#1325));
#384=EDGE_LOOP('',(#1326));
#385=EDGE_LOOP('',(#1327));
#386=EDGE_LOOP('',(#1328));
#387=EDGE_LOOP('',(#1329));
#388=EDGE_LOOP('',(#1330));
#389=EDGE_LOOP('',(#1331));
#390=EDGE_LOOP('',(#1332));
#391=EDGE_LOOP('',(#1333));
#392=EDGE_LOOP('',(#1334));
#393=EDGE_LOOP('',(#1335));
#394=EDGE_LOOP('',(#1336));
#395=EDGE_LOOP('',(#1337));
#396=EDGE_LOOP('',(#1338));
#397=EDGE_LOOP('',(#1339));
#398=EDGE_LOOP('',(#1340));
#399=EDGE_LOOP('',(#1341));
#400=EDGE_LOOP('',(#1342));
#401=EDGE_LOOP('',(#1343));
#402=EDGE_LOOP('',(#1344));
#403=EDGE_LOOP('',(#1345));
#404=EDGE_LOOP('',(#1346));
#405=EDGE_LOOP('',(#1347));
#406=EDGE_LOOP('',(#1348));
#407=EDGE_LOOP('',(#1349));
#408=EDGE_LOOP('',(#1350));
#409=EDGE_LOOP('',(#1351));
#410=EDGE_LOOP('',(#1352));
#411=EDGE_LOOP('',(#1353));
#412=EDGE_LOOP('',(#1354));
#413=EDGE_LOOP('',(#1355));
#414=EDGE_LOOP('',(#1356));
#415=EDGE_LOOP('',(#1357));
#416=EDGE_LOOP('',(#1358));
#417=EDGE_LOOP('',(#1359));
#418=EDGE_LOOP('',(#1360));
#419=EDGE_LOOP('',(#1361));
#420=EDGE_LOOP('',(#1362));
#421=EDGE_LOOP('',(#1363));
#422=EDGE_LOOP('',(#1364));
#423=EDGE_LOOP('',(#1365));
#424=EDGE_LOOP('',(#1366,#1367,#1368,#1369));
#425=EDGE_LOOP('',(#1370,#1371,#1372,#1373));
#426=EDGE_LOOP('',(#1374,#1375,#1376,#1377));
#427=EDGE_LOOP('',(#1378,#1379,#1380,#1381));
#428=EDGE_LOOP('',(#1382,#1383,#1384,#1385));
#429=EDGE_LOOP('',(#1386,#1387,#1388,#1389));
#430=EDGE_LOOP('',(#1390,#1391,#1392,#1393));
#431=EDGE_LOOP('',(#1394,#1395,#1396,#1397));
#432=EDGE_LOOP('',(#1398,#1399,#1400,#1401));
#433=EDGE_LOOP('',(#1402,#1403,#1404,#1405));
#434=EDGE_LOOP('',(#1406,#1407,#1408,#1409));
#435=EDGE_LOOP('',(#1410,#1411,#1412,#1413));
#436=EDGE_LOOP('',(#1414,#1415,#1416,#1417));
#437=EDGE_LOOP('',(#1418,#1419,#1420,#1421));
#438=EDGE_LOOP('',(#1422,#1423,#1424,#1425));
#439=EDGE_LOOP('',(#1426,#1427,#1428,#1429));
#440=EDGE_LOOP('',(#1430,#1431,#1432,#1433));
#441=EDGE_LOOP('',(#1434,#1435,#1436,#1437));
#442=EDGE_LOOP('',(#1438,#1439,#1440,#1441));
#443=EDGE_LOOP('',(#1442,#1443,#1444,#1445));
#444=EDGE_LOOP('',(#1446,#1447,#1448,#1449));
#445=EDGE_LOOP('',(#1450,#1451,#1452,#1453));
#446=EDGE_LOOP('',(#1454,#1455,#1456,#1457));
#447=EDGE_LOOP('',(#1458,#1459,#1460,#1461));
#448=EDGE_LOOP('',(#1462,#1463,#1464,#1465));
#449=EDGE_LOOP('',(#1466,#1467,#1468,#1469));
#450=EDGE_LOOP('',(#1470,#1471,#1472,#1473));
#451=EDGE_LOOP('',(#1474,#1475,#1476,#1477));
#452=EDGE_LOOP('',(#1478,#1479,#1480,#1481));
#453=EDGE_LOOP('',(#1482,#1483,#1484,#1485));
#454=EDGE_LOOP('',(#1486,#1487,#1488,#1489));
#455=EDGE_LOOP('',(#1490,#1491,#1492,#1493));
#456=EDGE_LOOP('',(#1494,#1495,#1496,#1497));
#457=EDGE_LOOP('',(#1498,#1499,#1500,#1501));
#458=EDGE_LOOP('',(#1502,#1503,#1504,#1505));
#459=EDGE_LOOP('',(#1506,#1507,#1508,#1509));
#460=EDGE_LOOP('',(#1510,#1511,#1512,#1513));
#461=EDGE_LOOP('',(#1514,#1515,#1516,#1517));
#462=EDGE_LOOP('',(#1518,#1519,#1520,#1521));
#463=EDGE_LOOP('',(#1522,#1523,#1524,#1525));
#464=EDGE_LOOP('',(#1526,#1527,#1528,#1529));
#465=EDGE_LOOP('',(#1530,#1531,#1532,#1533));
#466=EDGE_LOOP('',(#1534,#1535,#1536,#1537));
#467=EDGE_LOOP('',(#1538,#1539,#1540,#1541));
#468=EDGE_LOOP('',(#1542,#1543,#1544,#1545));
#469=EDGE_LOOP('',(#1546,#1547,#1548,#1549));
#470=EDGE_LOOP('',(#1550,#1551,#1552,#1553));
#471=EDGE_LOOP('',(#1554,#1555,#1556,#1557));
#472=EDGE_LOOP('',(#1558,#1559,#1560,#1561));
#473=EDGE_LOOP('',(#1562,#1563,#1564,#1565));
#474=EDGE_LOOP('',(#1566,#1567,#1568,#1569));
#475=EDGE_LOOP('',(#1570,#1571,#1572,#1573));
#476=EDGE_LOOP('',(#1574,#1575,#1576,#1577));
#477=EDGE_LOOP('',(#1578,#1579,#1580,#1581));
#478=EDGE_LOOP('',(#1582,#1583,#1584,#1585));
#479=EDGE_LOOP('',(#1586,#1587,#1588,#1589));
#480=EDGE_LOOP('',(#1590,#1591,#1592,#1593));
#481=EDGE_LOOP('',(#1594,#1595,#1596,#1597));
#482=EDGE_LOOP('',(#1598,#1599,#1600,#1601));
#483=EDGE_LOOP('',(#1602,#1603,#1604,#1605));
#484=EDGE_LOOP('',(#1606,#1607,#1608,#1609));
#485=EDGE_LOOP('',(#1610,#1611,#1612,#1613));
#486=EDGE_LOOP('',(#1614,#1615,#1616,#1617));
#487=EDGE_LOOP('',(#1618,#1619,#1620,#1621));
#488=EDGE_LOOP('',(#1622,#1623,#1624,#1625));
#489=EDGE_LOOP('',(#1626,#1627,#1628,#1629));
#490=EDGE_LOOP('',(#1630,#1631,#1632,#1633));
#491=EDGE_LOOP('',(#1634,#1635,#1636,#1637));
#492=EDGE_LOOP('',(#1638,#1639,#1640,#1641));
#493=EDGE_LOOP('',(#1642,#1643,#1644,#1645));
#494=EDGE_LOOP('',(#1646,#1647,#1648,#1649));
#495=EDGE_LOOP('',(#1650,#1651,#1652,#1653));
#496=EDGE_LOOP('',(#1654,#1655,#1656,#1657));
#497=EDGE_LOOP('',(#1658,#1659,#1660,#1661));
#498=EDGE_LOOP('',(#1662,#1663,#1664,#1665));
#499=EDGE_LOOP('',(#1666,#1667,#1668,#1669));
#500=EDGE_LOOP('',(#1670,#1671,#1672,#1673));
#501=LINE('',#2526,#596);
#502=LINE('',#2530,#597);
#503=LINE('',#2532,#598);
#504=LINE('',#2534,#599);
#505=LINE('',#2536,#600);
#506=LINE('',#2538,#601);
#507=LINE('',#2540,#602);
#508=LINE('',#2542,#603);
#509=LINE('',#2545,#604);
#510=LINE('',#2681,#605);
#511=LINE('',#2685,#606);
#512=LINE('',#2687,#607);
#513=LINE('',#2689,#608);
#514=LINE('',#2691,#609);
#515=LINE('',#2693,#610);
#516=LINE('',#2695,#611);
#517=LINE('',#2697,#612);
#518=LINE('',#2700,#613);
#519=LINE('',#2832,#614);
#520=LINE('',#2833,#615);
#521=LINE('',#2835,#616);
#522=LINE('',#2837,#617);
#523=LINE('',#2839,#618);
#524=LINE('',#2841,#619);
#525=LINE('',#2843,#620);
#526=LINE('',#2845,#621);
#527=LINE('',#2847,#622);
#528=LINE('',#2849,#623);
#529=LINE('',#2851,#624);
#530=LINE('',#2853,#625);
#531=LINE('',#2856,#626);
#532=LINE('',#2858,#627);
#533=LINE('',#2860,#628);
#534=LINE('',#2862,#629);
#535=LINE('',#2864,#630);
#536=LINE('',#2866,#631);
#537=LINE('',#2868,#632);
#538=LINE('',#2870,#633);
#539=LINE('',#2872,#634);
#540=LINE('',#2874,#635);
#541=LINE('',#2876,#636);
#542=LINE('',#2878,#637);
#543=LINE('',#2880,#638);
#544=LINE('',#2882,#639);
#545=LINE('',#2884,#640);
#546=LINE('',#2886,#641);
#547=LINE('',#2888,#642);
#548=LINE('',#2890,#643);
#549=LINE('',#2892,#644);
#550=LINE('',#2894,#645);
#551=LINE('',#2896,#646);
#552=LINE('',#2898,#647);
#553=LINE('',#2900,#648);
#554=LINE('',#2902,#649);
#555=LINE('',#2904,#650);
#556=LINE('',#2906,#651);
#557=LINE('',#2908,#652);
#558=LINE('',#2910,#653);
#559=LINE('',#2912,#654);
#560=LINE('',#2914,#655);
#561=LINE('',#2916,#656);
#562=LINE('',#2918,#657);
#563=LINE('',#2920,#658);
#564=LINE('',#2922,#659);
#565=LINE('',#2924,#660);
#566=LINE('',#2926,#661);
#567=LINE('',#2928,#662);
#568=LINE('',#2930,#663);
#569=LINE('',#2932,#664);
#570=LINE('',#2934,#665);
#571=LINE('',#2936,#666);
#572=LINE('',#2938,#667);
#573=LINE('',#2940,#668);
#574=LINE('',#2942,#669);
#575=LINE('',#2944,#670);
#576=LINE('',#2946,#671);
#577=LINE('',#2948,#672);
#578=LINE('',#2950,#673);
#579=LINE('',#2952,#674);
#580=LINE('',#2954,#675);
#581=LINE('',#2956,#676);
#582=LINE('',#2958,#677);
#583=LINE('',#2960,#678);
#584=LINE('',#2962,#679);
#585=LINE('',#2964,#680);
#586=LINE('',#2966,#681);
#587=LINE('',#2968,#682);
#588=LINE('',#2970,#683);
#589=LINE('',#2972,#684);
#590=LINE('',#2974,#685);
#591=LINE('',#2976,#686);
#592=LINE('',#2978,#687);
#593=LINE('',#2980,#688);
#594=LINE('',#2982,#689);
#595=LINE('',#2984,#690);
#596=VECTOR('',#1999,1000.);
#597=VECTOR('',#2002,1000.);
#598=VECTOR('',#2003,1000.);
#599=VECTOR('',#2004,1000.);
#600=VECTOR('',#2005,1000.);
#601=VECTOR('',#2006,1000.);
#602=VECTOR('',#2007,1000.);
#603=VECTOR('',#2008,1000.);
#604=VECTOR('',#2011,1000.);
#605=VECTOR('',#2146,1000.);
#606=VECTOR('',#2149,1000.);
#607=VECTOR('',#2150,1000.);
#608=VECTOR('',#2151,1000.);
#609=VECTOR('',#2152,1000.);
#610=VECTOR('',#2153,1000.);
#611=VECTOR('',#2154,1000.);
#612=VECTOR('',#2155,1000.);
#613=VECTOR('',#2158,1000.);
#614=VECTOR('',#2291,1000.);
#615=VECTOR('',#2292,1000.);
#616=VECTOR('',#2295,1000.);
#617=VECTOR('',#2298,1000.);
#618=VECTOR('',#2301,1000.);
#619=VECTOR('',#2304,1000.);
#620=VECTOR('',#2307,1000.);
#621=VECTOR('',#2310,1000.);
#622=VECTOR('',#2313,1000.);
#623=VECTOR('',#2316,1000.);
#624=VECTOR('',#2319,1000.);
#625=VECTOR('',#2322,1000.);
#626=VECTOR('',#2327,2.99999999999993);
#627=VECTOR('',#2330,2.99999999999993);
#628=VECTOR('',#2333,2.99999999999993);
#629=VECTOR('',#2336,2.99999999999993);
#630=VECTOR('',#2339,2.99999999999993);
#631=VECTOR('',#2342,3.00000000000004);
#632=VECTOR('',#2345,3.00000000000005);
#633=VECTOR('',#2348,3.00000000000004);
#634=VECTOR('',#2351,2.99999999999991);
#635=VECTOR('',#2354,2.99999999999993);
#636=VECTOR('',#2357,2.99999999999993);
#637=VECTOR('',#2360,2.99999999999993);
#638=VECTOR('',#2363,2.99999999999991);
#639=VECTOR('',#2366,2.99999999999993);
#640=VECTOR('',#2369,2.99999999999993);
#641=VECTOR('',#2372,2.99999999999993);
#642=VECTOR('',#2375,3.00000000000016);
#643=VECTOR('',#2378,2.99999999999993);
#644=VECTOR('',#2381,3.00000000000016);
#645=VECTOR('',#2384,3.00000000000004);
#646=VECTOR('',#2387,3.00000000000004);
#647=VECTOR('',#2390,3.00000000000004);
#648=VECTOR('',#2393,3.00000000000005);
#649=VECTOR('',#2396,3.00000000000005);
#650=VECTOR('',#2399,3.00000000000005);
#651=VECTOR('',#2402,3.00000000000005);
#652=VECTOR('',#2405,3.00000000000016);
#653=VECTOR('',#2408,3.00000000000016);
#654=VECTOR('',#2411,3.00000000000016);
#655=VECTOR('',#2414,3.00000000000016);
#656=VECTOR('',#2417,3.00000000000016);
#657=VECTOR('',#2420,3.00000000000005);
#658=VECTOR('',#2423,3.00000000000005);
#659=VECTOR('',#2426,3.00000000000016);
#660=VECTOR('',#2429,3.00000000000016);
#661=VECTOR('',#2432,3.00000000000016);
#662=VECTOR('',#2435,3.00000000000016);
#663=VECTOR('',#2438,3.00000000000005);
#664=VECTOR('',#2441,3.00000000000016);
#665=VECTOR('',#2444,3.00000000000016);
#666=VECTOR('',#2447,3.00000000000016);
#667=VECTOR('',#2450,3.00000000000016);
#668=VECTOR('',#2453,3.00000000000016);
#669=VECTOR('',#2456,3.00000000000016);
#670=VECTOR('',#2459,3.00000000000016);
#671=VECTOR('',#2462,3.00000000000016);
#672=VECTOR('',#2465,3.00000000000016);
#673=VECTOR('',#2468,3.00000000000005);
#674=VECTOR('',#2471,3.00000000000016);
#675=VECTOR('',#2474,3.00000000000005);
#676=VECTOR('',#2477,3.00000000000016);
#677=VECTOR('',#2480,3.00000000000016);
#678=VECTOR('',#2483,3.00000000000016);
#679=VECTOR('',#2486,3.00000000000016);
#680=VECTOR('',#2489,3.00000000000016);
#681=VECTOR('',#2492,3.00000000000004);
#682=VECTOR('',#2495,2.99999999999993);
#683=VECTOR('',#2498,3.00000000000004);
#684=VECTOR('',#2501,3.00000000000016);
#685=VECTOR('',#2504,3.00000000000016);
#686=VECTOR('',#2507,3.00000000000016);
#687=VECTOR('',#2510,3.00000000000016);
#688=VECTOR('',#2513,3.00000000000016);
#689=VECTOR('',#2516,3.00000000000004);
#690=VECTOR('',#2519,2.99999999999993);
#691=CIRCLE('',#1779,2.99999999999992);
#692=CIRCLE('',#1780,0.199999999999992);
#693=CIRCLE('',#1781,0.199999999999992);
#694=CIRCLE('',#1782,2.99999999999993);
#695=CIRCLE('',#1783,2.99999999999993);
#696=CIRCLE('',#1784,2.99999999999993);
#697=CIRCLE('',#1785,3.00000000000005);
#698=CIRCLE('',#1786,2.99999999999991);
#699=CIRCLE('',#1787,2.99999999999993);
#700=CIRCLE('',#1788,2.99999999999991);
#701=CIRCLE('',#1789,2.99999999999993);
#702=CIRCLE('',#1790,3.00000000000016);
#703=CIRCLE('',#1791,3.00000000000016);
#704=CIRCLE('',#1792,3.00000000000004);
#705=CIRCLE('',#1793,3.00000000000005);
#706=CIRCLE('',#1794,3.00000000000005);
#707=CIRCLE('',#1795,3.00000000000016);
#708=CIRCLE('',#1796,3.00000000000016);
#709=CIRCLE('',#1797,3.00000000000016);
#710=CIRCLE('',#1798,3.00000000000005);
#711=CIRCLE('',#1799,3.00000000000016);
#712=CIRCLE('',#1800,3.00000000000016);
#713=CIRCLE('',#1801,3.00000000000016);
#714=CIRCLE('',#1802,3.00000000000016);
#715=CIRCLE('',#1803,3.00000000000016);
#716=CIRCLE('',#1804,3.00000000000016);
#717=CIRCLE('',#1805,3.00000000000016);
#718=CIRCLE('',#1806,3.00000000000016);
#719=CIRCLE('',#1807,3.00000000000016);
#720=CIRCLE('',#1808,3.00000000000016);
#721=CIRCLE('',#1809,3.00000000000016);
#722=CIRCLE('',#1810,2.99999999999993);
#723=CIRCLE('',#1811,3.00000000000016);
#724=CIRCLE('',#1812,3.00000000000016);
#725=CIRCLE('',#1813,3.00000000000016);
#726=CIRCLE('',#1814,2.99999999999994);
#727=CIRCLE('',#1815,3.00000000000004);
#728=CIRCLE('',#1816,3.00000000000016);
#729=CIRCLE('',#1817,3.00000000000016);
#730=CIRCLE('',#1818,3.00000000000004);
#731=CIRCLE('',#1819,3.00000000000004);
#732=CIRCLE('',#1820,3.00000000000016);
#733=CIRCLE('',#1821,3.00000000000016);
#734=CIRCLE('',#1822,3.00000000000005);
#735=CIRCLE('',#1823,3.00000000000005);
#736=CIRCLE('',#1824,3.00000000000016);
#737=CIRCLE('',#1825,3.00000000000016);
#738=CIRCLE('',#1826,3.00000000000016);
#739=CIRCLE('',#1827,3.00000000000016);
#740=CIRCLE('',#1828,3.00000000000005);
#741=CIRCLE('',#1829,3.00000000000016);
#742=CIRCLE('',#1830,3.00000000000016);
#743=CIRCLE('',#1831,3.00000000000005);
#744=CIRCLE('',#1832,3.00000000000016);
#745=CIRCLE('',#1833,3.00000000000016);
#746=CIRCLE('',#1834,3.00000000000005);
#747=CIRCLE('',#1835,3.00000000000005);
#748=CIRCLE('',#1836,3.00000000000004);
#749=CIRCLE('',#1837,3.00000000000004);
#750=CIRCLE('',#1838,2.99999999999993);
#751=CIRCLE('',#1839,2.99999999999993);
#752=CIRCLE('',#1840,2.99999999999993);
#753=CIRCLE('',#1841,2.99999999999994);
#754=CIRCLE('',#1842,2.99999999999993);
#755=CIRCLE('',#1843,3.00000000000004);
#756=CIRCLE('',#1844,3.00000000000004);
#757=CIRCLE('',#1845,2.99999999999993);
#758=CIRCLE('',#1846,2.99999999999993);
#759=CIRCLE('',#1848,2.99999999999992);
#760=CIRCLE('',#1849,0.199999999999992);
#761=CIRCLE('',#1850,0.199999999999992);
#762=CIRCLE('',#1851,2.99999999999993);
#763=CIRCLE('',#1852,2.99999999999993);
#764=CIRCLE('',#1853,2.99999999999993);
#765=CIRCLE('',#1854,2.99999999999993);
#766=CIRCLE('',#1855,2.99999999999993);
#767=CIRCLE('',#1856,3.00000000000004);
#768=CIRCLE('',#1857,3.00000000000005);
#769=CIRCLE('',#1858,3.00000000000004);
#770=CIRCLE('',#1859,2.99999999999991);
#771=CIRCLE('',#1860,2.99999999999993);
#772=CIRCLE('',#1861,2.99999999999993);
#773=CIRCLE('',#1862,2.99999999999994);
#774=CIRCLE('',#1863,2.99999999999991);
#775=CIRCLE('',#1864,2.99999999999993);
#776=CIRCLE('',#1865,2.99999999999993);
#777=CIRCLE('',#1866,2.99999999999993);
#778=CIRCLE('',#1867,3.00000000000016);
#779=CIRCLE('',#1868,2.99999999999993);
#780=CIRCLE('',#1869,3.00000000000016);
#781=CIRCLE('',#1870,3.00000000000004);
#782=CIRCLE('',#1871,3.00000000000004);
#783=CIRCLE('',#1872,3.00000000000004);
#784=CIRCLE('',#1873,3.00000000000005);
#785=CIRCLE('',#1874,3.00000000000005);
#786=CIRCLE('',#1875,3.00000000000005);
#787=CIRCLE('',#1876,3.00000000000005);
#788=CIRCLE('',#1877,3.00000000000016);
#789=CIRCLE('',#1878,3.00000000000016);
#790=CIRCLE('',#1879,3.00000000000016);
#791=CIRCLE('',#1880,3.00000000000016);
#792=CIRCLE('',#1881,3.00000000000016);
#793=CIRCLE('',#1882,3.00000000000005);
#794=CIRCLE('',#1883,3.00000000000005);
#795=CIRCLE('',#1884,3.00000000000016);
#796=CIRCLE('',#1885,3.00000000000016);
#797=CIRCLE('',#1886,3.00000000000016);
#798=CIRCLE('',#1887,3.00000000000016);
#799=CIRCLE('',#1888,3.00000000000005);
#800=CIRCLE('',#1889,3.00000000000016);
#801=CIRCLE('',#1890,3.00000000000016);
#802=CIRCLE('',#1891,3.00000000000016);
#803=CIRCLE('',#1892,3.00000000000016);
#804=CIRCLE('',#1893,3.00000000000016);
#805=CIRCLE('',#1894,3.00000000000016);
#806=CIRCLE('',#1895,3.00000000000016);
#807=CIRCLE('',#1896,3.00000000000016);
#808=CIRCLE('',#1897,3.00000000000016);
#809=CIRCLE('',#1898,3.00000000000005);
#810=CIRCLE('',#1899,3.00000000000016);
#811=CIRCLE('',#1900,3.00000000000005);
#812=CIRCLE('',#1901,3.00000000000016);
#813=CIRCLE('',#1902,3.00000000000016);
#814=CIRCLE('',#1903,3.00000000000016);
#815=CIRCLE('',#1904,3.00000000000016);
#816=CIRCLE('',#1905,3.00000000000016);
#817=CIRCLE('',#1906,3.00000000000004);
#818=CIRCLE('',#1907,2.99999999999993);
#819=CIRCLE('',#1908,3.00000000000004);
#820=CIRCLE('',#1909,3.00000000000016);
#821=CIRCLE('',#1910,3.00000000000016);
#822=CIRCLE('',#1911,3.00000000000016);
#823=CIRCLE('',#1912,3.00000000000016);
#824=CIRCLE('',#1913,3.00000000000016);
#825=CIRCLE('',#1914,3.00000000000004);
#826=CIRCLE('',#1915,2.99999999999994);
#827=VERTEX_POINT('',#2522);
#828=VERTEX_POINT('',#2523);
#829=VERTEX_POINT('',#2525);
#830=VERTEX_POINT('',#2527);
#831=VERTEX_POINT('',#2529);
#832=VERTEX_POINT('',#2531);
#833=VERTEX_POINT('',#2533);
#834=VERTEX_POINT('',#2535);
#835=VERTEX_POINT('',#2537);
#836=VERTEX_POINT('',#2539);
#837=VERTEX_POINT('',#2541);
#838=VERTEX_POINT('',#2543);
#839=VERTEX_POINT('',#2546);
#840=VERTEX_POINT('',#2548);
#841=VERTEX_POINT('',#2550);
#842=VERTEX_POINT('',#2552);
#843=VERTEX_POINT('',#2554);
#844=VERTEX_POINT('',#2556);
#845=VERTEX_POINT('',#2558);
#846=VERTEX_POINT('',#2560);
#847=VERTEX_POINT('',#2562);
#848=VERTEX_POINT('',#2564);
#849=VERTEX_POINT('',#2566);
#850=VERTEX_POINT('',#2568);
#851=VERTEX_POINT('',#2570);
#852=VERTEX_POINT('',#2572);
#853=VERTEX_POINT('',#2574);
#854=VERTEX_POINT('',#2576);
#855=VERTEX_POINT('',#2578);
#856=VERTEX_POINT('',#2580);
#857=VERTEX_POINT('',#2582);
#858=VERTEX_POINT('',#2584);
#859=VERTEX_POINT('',#2586);
#860=VERTEX_POINT('',#2588);
#861=VERTEX_POINT('',#2590);
#862=VERTEX_POINT('',#2592);
#863=VERTEX_POINT('',#2594);
#864=VERTEX_POINT('',#2596);
#865=VERTEX_POINT('',#2598);
#866=VERTEX_POINT('',#2600);
#867=VERTEX_POINT('',#2602);
#868=VERTEX_POINT('',#2604);
#869=VERTEX_POINT('',#2606);
#870=VERTEX_POINT('',#2608);
#871=VERTEX_POINT('',#2610);
#872=VERTEX_POINT('',#2612);
#873=VERTEX_POINT('',#2614);
#874=VERTEX_POINT('',#2616);
#875=VERTEX_POINT('',#2618);
#876=VERTEX_POINT('',#2620);
#877=VERTEX_POINT('',#2622);
#878=VERTEX_POINT('',#2624);
#879=VERTEX_POINT('',#2626);
#880=VERTEX_POINT('',#2628);
#881=VERTEX_POINT('',#2630);
#882=VERTEX_POINT('',#2632);
#883=VERTEX_POINT('',#2634);
#884=VERTEX_POINT('',#2636);
#885=VERTEX_POINT('',#2638);
#886=VERTEX_POINT('',#2640);
#887=VERTEX_POINT('',#2642);
#888=VERTEX_POINT('',#2644);
#889=VERTEX_POINT('',#2646);
#890=VERTEX_POINT('',#2648);
#891=VERTEX_POINT('',#2650);
#892=VERTEX_POINT('',#2652);
#893=VERTEX_POINT('',#2654);
#894=VERTEX_POINT('',#2656);
#895=VERTEX_POINT('',#2658);
#896=VERTEX_POINT('',#2660);
#897=VERTEX_POINT('',#2662);
#898=VERTEX_POINT('',#2664);
#899=VERTEX_POINT('',#2666);
#900=VERTEX_POINT('',#2668);
#901=VERTEX_POINT('',#2670);
#902=VERTEX_POINT('',#2672);
#903=VERTEX_POINT('',#2674);
#904=VERTEX_POINT('',#2677);
#905=VERTEX_POINT('',#2678);
#906=VERTEX_POINT('',#2680);
#907=VERTEX_POINT('',#2682);
#908=VERTEX_POINT('',#2684);
#909=VERTEX_POINT('',#2686);
#910=VERTEX_POINT('',#2688);
#911=VERTEX_POINT('',#2690);
#912=VERTEX_POINT('',#2692);
#913=VERTEX_POINT('',#2694);
#914=VERTEX_POINT('',#2696);
#915=VERTEX_POINT('',#2698);
#916=VERTEX_POINT('',#2701);
#917=VERTEX_POINT('',#2703);
#918=VERTEX_POINT('',#2705);
#919=VERTEX_POINT('',#2707);
#920=VERTEX_POINT('',#2709);
#921=VERTEX_POINT('',#2711);
#922=VERTEX_POINT('',#2713);
#923=VERTEX_POINT('',#2715);
#924=VERTEX_POINT('',#2717);
#925=VERTEX_POINT('',#2719);
#926=VERTEX_POINT('',#2721);
#927=VERTEX_POINT('',#2723);
#928=VERTEX_POINT('',#2725);
#929=VERTEX_POINT('',#2727);
#930=VERTEX_POINT('',#2729);
#931=VERTEX_POINT('',#2731);
#932=VERTEX_POINT('',#2733);
#933=VERTEX_POINT('',#2735);
#934=VERTEX_POINT('',#2737);
#935=VERTEX_POINT('',#2739);
#936=VERTEX_POINT('',#2741);
#937=VERTEX_POINT('',#2743);
#938=VERTEX_POINT('',#2745);
#939=VERTEX_POINT('',#2747);
#940=VERTEX_POINT('',#2749);
#941=VERTEX_POINT('',#2751);
#942=VERTEX_POINT('',#2753);
#943=VERTEX_POINT('',#2755);
#944=VERTEX_POINT('',#2757);
#945=VERTEX_POINT('',#2759);
#946=VERTEX_POINT('',#2761);
#947=VERTEX_POINT('',#2763);
#948=VERTEX_POINT('',#2765);
#949=VERTEX_POINT('',#2767);
#950=VERTEX_POINT('',#2769);
#951=VERTEX_POINT('',#2771);
#952=VERTEX_POINT('',#2773);
#953=VERTEX_POINT('',#2775);
#954=VERTEX_POINT('',#2777);
#955=VERTEX_POINT('',#2779);
#956=VERTEX_POINT('',#2781);
#957=VERTEX_POINT('',#2783);
#958=VERTEX_POINT('',#2785);
#959=VERTEX_POINT('',#2787);
#960=VERTEX_POINT('',#2789);
#961=VERTEX_POINT('',#2791);
#962=VERTEX_POINT('',#2793);
#963=VERTEX_POINT('',#2795);
#964=VERTEX_POINT('',#2797);
#965=VERTEX_POINT('',#2799);
#966=VERTEX_POINT('',#2801);
#967=VERTEX_POINT('',#2803);
#968=VERTEX_POINT('',#2805);
#969=VERTEX_POINT('',#2807);
#970=VERTEX_POINT('',#2809);
#971=VERTEX_POINT('',#2811);
#972=VERTEX_POINT('',#2813);
#973=VERTEX_POINT('',#2815);
#974=VERTEX_POINT('',#2817);
#975=VERTEX_POINT('',#2819);
#976=VERTEX_POINT('',#2821);
#977=VERTEX_POINT('',#2823);
#978=VERTEX_POINT('',#2825);
#979=VERTEX_POINT('',#2827);
#980=VERTEX_POINT('',#2829);
#981=EDGE_CURVE('',#827,#828,#691,.T.);
#982=EDGE_CURVE('',#828,#829,#501,.T.);
#983=EDGE_CURVE('',#829,#830,#692,.T.);
#984=EDGE_CURVE('',#830,#831,#502,.T.);
#985=EDGE_CURVE('',#831,#832,#503,.T.);
#986=EDGE_CURVE('',#832,#833,#504,.T.);
#987=EDGE_CURVE('',#833,#834,#505,.T.);
#988=EDGE_CURVE('',#834,#835,#506,.T.);
#989=EDGE_CURVE('',#835,#836,#507,.T.);
#990=EDGE_CURVE('',#836,#837,#508,.T.);
#991=EDGE_CURVE('',#837,#838,#693,.T.);
#992=EDGE_CURVE('',#838,#827,#509,.T.);
#993=EDGE_CURVE('',#839,#839,#694,.T.);
#994=EDGE_CURVE('',#840,#840,#695,.T.);
#995=EDGE_CURVE('',#841,#841,#696,.T.);
#996=EDGE_CURVE('',#842,#842,#697,.T.);
#997=EDGE_CURVE('',#843,#843,#698,.T.);
#998=EDGE_CURVE('',#844,#844,#699,.T.);
#999=EDGE_CURVE('',#845,#845,#700,.T.);
#1000=EDGE_CURVE('',#846,#846,#701,.T.);
#1001=EDGE_CURVE('',#847,#847,#702,.T.);
#1002=EDGE_CURVE('',#848,#848,#703,.T.);
#1003=EDGE_CURVE('',#849,#849,#704,.T.);
#1004=EDGE_CURVE('',#850,#850,#705,.T.);
#1005=EDGE_CURVE('',#851,#851,#706,.T.);
#1006=EDGE_CURVE('',#852,#852,#707,.T.);
#1007=EDGE_CURVE('',#853,#853,#708,.T.);
#1008=EDGE_CURVE('',#854,#854,#709,.T.);
#1009=EDGE_CURVE('',#855,#855,#710,.T.);
#1010=EDGE_CURVE('',#856,#856,#711,.T.);
#1011=EDGE_CURVE('',#857,#857,#712,.T.);
#1012=EDGE_CURVE('',#858,#858,#713,.T.);
#1013=EDGE_CURVE('',#859,#859,#714,.T.);
#1014=EDGE_CURVE('',#860,#860,#715,.T.);
#1015=EDGE_CURVE('',#861,#861,#716,.T.);
#1016=EDGE_CURVE('',#862,#862,#717,.T.);
#1017=EDGE_CURVE('',#863,#863,#718,.T.);
#1018=EDGE_CURVE('',#864,#864,#719,.T.);
#1019=EDGE_CURVE('',#865,#865,#720,.T.);
#1020=EDGE_CURVE('',#866,#866,#721,.T.);
#1021=EDGE_CURVE('',#867,#867,#722,.T.);
#1022=EDGE_CURVE('',#868,#868,#723,.T.);
#1023=EDGE_CURVE('',#869,#869,#724,.T.);
#1024=EDGE_CURVE('',#870,#870,#725,.T.);
#1025=EDGE_CURVE('',#871,#871,#726,.T.);
#1026=EDGE_CURVE('',#872,#872,#727,.T.);
#1027=EDGE_CURVE('',#873,#873,#728,.T.);
#1028=EDGE_CURVE('',#874,#874,#729,.T.);
#1029=EDGE_CURVE('',#875,#875,#730,.T.);
#1030=EDGE_CURVE('',#876,#876,#731,.T.);
#1031=EDGE_CURVE('',#877,#877,#732,.T.);
#1032=EDGE_CURVE('',#878,#878,#733,.T.);
#1033=EDGE_CURVE('',#879,#879,#734,.T.);
#1034=EDGE_CURVE('',#880,#880,#735,.T.);
#1035=EDGE_CURVE('',#881,#881,#736,.T.);
#1036=EDGE_CURVE('',#882,#882,#737,.T.);
#1037=EDGE_CURVE('',#883,#883,#738,.T.);
#1038=EDGE_CURVE('',#884,#884,#739,.T.);
#1039=EDGE_CURVE('',#885,#885,#740,.T.);
#1040=EDGE_CURVE('',#886,#886,#741,.T.);
#1041=EDGE_CURVE('',#887,#887,#742,.T.);
#1042=EDGE_CURVE('',#888,#888,#743,.T.);
#1043=EDGE_CURVE('',#889,#889,#744,.T.);
#1044=EDGE_CURVE('',#890,#890,#745,.T.);
#1045=EDGE_CURVE('',#891,#891,#746,.T.);
#1046=EDGE_CURVE('',#892,#892,#747,.T.);
#1047=EDGE_CURVE('',#893,#893,#748,.T.);
#1048=EDGE_CURVE('',#894,#894,#749,.T.);
#1049=EDGE_CURVE('',#895,#895,#750,.T.);
#1050=EDGE_CURVE('',#896,#896,#751,.T.);
#1051=EDGE_CURVE('',#897,#897,#752,.T.);
#1052=EDGE_CURVE('',#898,#898,#753,.T.);
#1053=EDGE_CURVE('',#899,#899,#754,.T.);
#1054=EDGE_CURVE('',#900,#900,#755,.T.);
#1055=EDGE_CURVE('',#901,#901,#756,.T.);
#1056=EDGE_CURVE('',#902,#902,#757,.T.);
#1057=EDGE_CURVE('',#903,#903,#758,.T.);
#1058=EDGE_CURVE('',#904,#905,#759,.T.);
#1059=EDGE_CURVE('',#906,#904,#510,.T.);
#1060=EDGE_CURVE('',#907,#906,#760,.T.);
#1061=EDGE_CURVE('',#908,#907,#511,.T.);
#1062=EDGE_CURVE('',#909,#908,#512,.T.);
#1063=EDGE_CURVE('',#910,#909,#513,.T.);
#1064=EDGE_CURVE('',#911,#910,#514,.T.);
#1065=EDGE_CURVE('',#912,#911,#515,.T.);
#1066=EDGE_CURVE('',#913,#912,#516,.T.);
#1067=EDGE_CURVE('',#914,#913,#517,.T.);
#1068=EDGE_CURVE('',#915,#914,#761,.T.);
#1069=EDGE_CURVE('',#905,#915,#518,.T.);
#1070=EDGE_CURVE('',#916,#916,#762,.T.);
#1071=EDGE_CURVE('',#917,#917,#763,.T.);
#1072=EDGE_CURVE('',#918,#918,#764,.T.);
#1073=EDGE_CURVE('',#919,#919,#765,.T.);
#1074=EDGE_CURVE('',#920,#920,#766,.T.);
#1075=EDGE_CURVE('',#921,#921,#767,.T.);
#1076=EDGE_CURVE('',#922,#922,#768,.T.);
#1077=EDGE_CURVE('',#923,#923,#769,.T.);
#1078=EDGE_CURVE('',#924,#924,#770,.T.);
#1079=EDGE_CURVE('',#925,#925,#771,.T.);
#1080=EDGE_CURVE('',#926,#926,#772,.T.);
#1081=EDGE_CURVE('',#927,#927,#773,.T.);
#1082=EDGE_CURVE('',#928,#928,#774,.T.);
#1083=EDGE_CURVE('',#929,#929,#775,.T.);
#1084=EDGE_CURVE('',#930,#930,#776,.T.);
#1085=EDGE_CURVE('',#931,#931,#777,.T.);
#1086=EDGE_CURVE('',#932,#932,#778,.T.);
#1087=EDGE_CURVE('',#933,#933,#779,.T.);
#1088=EDGE_CURVE('',#934,#934,#780,.T.);
#1089=EDGE_CURVE('',#935,#935,#781,.T.);
#1090=EDGE_CURVE('',#936,#936,#782,.T.);
#1091=EDGE_CURVE('',#937,#937,#783,.T.);
#1092=EDGE_CURVE('',#938,#938,#784,.T.);
#1093=EDGE_CURVE('',#939,#939,#785,.T.);
#1094=EDGE_CURVE('',#940,#940,#786,.T.);
#1095=EDGE_CURVE('',#941,#941,#787,.T.);
#1096=EDGE_CURVE('',#942,#942,#788,.T.);
#1097=EDGE_CURVE('',#943,#943,#789,.T.);
#1098=EDGE_CURVE('',#944,#944,#790,.T.);
#1099=EDGE_CURVE('',#945,#945,#791,.T.);
#1100=EDGE_CURVE('',#946,#946,#792,.T.);
#1101=EDGE_CURVE('',#947,#947,#793,.T.);
#1102=EDGE_CURVE('',#948,#948,#794,.T.);
#1103=EDGE_CURVE('',#949,#949,#795,.T.);
#1104=EDGE_CURVE('',#950,#950,#796,.T.);
#1105=EDGE_CURVE('',#951,#951,#797,.T.);
#1106=EDGE_CURVE('',#952,#952,#798,.T.);
#1107=EDGE_CURVE('',#953,#953,#799,.T.);
#1108=EDGE_CURVE('',#954,#954,#800,.T.);
#1109=EDGE_CURVE('',#955,#955,#801,.T.);
#1110=EDGE_CURVE('',#956,#956,#802,.T.);
#1111=EDGE_CURVE('',#957,#957,#803,.T.);
#1112=EDGE_CURVE('',#958,#958,#804,.T.);
#1113=EDGE_CURVE('',#959,#959,#805,.T.);
#1114=EDGE_CURVE('',#960,#960,#806,.T.);
#1115=EDGE_CURVE('',#961,#961,#807,.T.);
#1116=EDGE_CURVE('',#962,#962,#808,.T.);
#1117=EDGE_CURVE('',#963,#963,#809,.T.);
#1118=EDGE_CURVE('',#964,#964,#810,.T.);
#1119=EDGE_CURVE('',#965,#965,#811,.T.);
#1120=EDGE_CURVE('',#966,#966,#812,.T.);
#1121=EDGE_CURVE('',#967,#967,#813,.T.);
#1122=EDGE_CURVE('',#968,#968,#814,.T.);
#1123=EDGE_CURVE('',#969,#969,#815,.T.);
#1124=EDGE_CURVE('',#970,#970,#816,.T.);
#1125=EDGE_CURVE('',#971,#971,#817,.T.);
#1126=EDGE_CURVE('',#972,#972,#818,.T.);
#1127=EDGE_CURVE('',#973,#973,#819,.T.);
#1128=EDGE_CURVE('',#974,#974,#820,.T.);
#1129=EDGE_CURVE('',#975,#975,#821,.T.);
#1130=EDGE_CURVE('',#976,#976,#822,.T.);
#1131=EDGE_CURVE('',#977,#977,#823,.T.);
#1132=EDGE_CURVE('',#978,#978,#824,.T.);
#1133=EDGE_CURVE('',#979,#979,#825,.T.);
#1134=EDGE_CURVE('',#980,#980,#826,.T.);
#1135=EDGE_CURVE('',#828,#905,#519,.T.);
#1136=EDGE_CURVE('',#827,#904,#520,.T.);
#1137=EDGE_CURVE('',#829,#915,#521,.T.);
#1138=EDGE_CURVE('',#830,#914,#522,.T.);
#1139=EDGE_CURVE('',#831,#913,#523,.T.);
#1140=EDGE_CURVE('',#832,#912,#524,.T.);
#1141=EDGE_CURVE('',#833,#911,#525,.T.);
#1142=EDGE_CURVE('',#834,#910,#526,.T.);
#1143=EDGE_CURVE('',#835,#909,#527,.T.);
#1144=EDGE_CURVE('',#836,#908,#528,.T.);
#1145=EDGE_CURVE('',#837,#907,#529,.T.);
#1146=EDGE_CURVE('',#838,#906,#530,.T.);
#1147=EDGE_CURVE('',#839,#916,#531,.T.);
#1148=EDGE_CURVE('',#903,#917,#532,.T.);
#1149=EDGE_CURVE('',#840,#918,#533,.T.);
#1150=EDGE_CURVE('',#902,#919,#534,.T.);
#1151=EDGE_CURVE('',#841,#920,#535,.T.);
#1152=EDGE_CURVE('',#901,#921,#536,.T.);
#1153=EDGE_CURVE('',#842,#922,#537,.T.);
#1154=EDGE_CURVE('',#900,#923,#538,.T.);
#1155=EDGE_CURVE('',#843,#924,#539,.T.);
#1156=EDGE_CURVE('',#899,#925,#540,.T.);
#1157=EDGE_CURVE('',#844,#926,#541,.T.);
#1158=EDGE_CURVE('',#898,#927,#542,.T.);
#1159=EDGE_CURVE('',#845,#928,#543,.T.);
#1160=EDGE_CURVE('',#897,#929,#544,.T.);
#1161=EDGE_CURVE('',#846,#930,#545,.T.);
#1162=EDGE_CURVE('',#896,#931,#546,.T.);
#1163=EDGE_CURVE('',#847,#932,#547,.T.);
#1164=EDGE_CURVE('',#895,#933,#548,.T.);
#1165=EDGE_CURVE('',#848,#934,#549,.T.);
#1166=EDGE_CURVE('',#894,#935,#550,.T.);
#1167=EDGE_CURVE('',#849,#936,#551,.T.);
#1168=EDGE_CURVE('',#893,#937,#552,.T.);
#1169=EDGE_CURVE('',#850,#938,#553,.T.);
#1170=EDGE_CURVE('',#892,#939,#554,.T.);
#1171=EDGE_CURVE('',#851,#940,#555,.T.);
#1172=EDGE_CURVE('',#891,#941,#556,.T.);
#1173=EDGE_CURVE('',#852,#942,#557,.T.);
#1174=EDGE_CURVE('',#890,#943,#558,.T.);
#1175=EDGE_CURVE('',#853,#944,#559,.T.);
#1176=EDGE_CURVE('',#889,#945,#560,.T.);
#1177=EDGE_CURVE('',#854,#946,#561,.T.);
#1178=EDGE_CURVE('',#888,#947,#562,.T.);
#1179=EDGE_CURVE('',#855,#948,#563,.T.);
#1180=EDGE_CURVE('',#887,#949,#564,.T.);
#1181=EDGE_CURVE('',#856,#950,#565,.T.);
#1182=EDGE_CURVE('',#886,#951,#566,.T.);
#1183=EDGE_CURVE('',#857,#952,#567,.T.);
#1184=EDGE_CURVE('',#885,#953,#568,.T.);
#1185=EDGE_CURVE('',#858,#954,#569,.T.);
#1186=EDGE_CURVE('',#884,#955,#570,.T.);
#1187=EDGE_CURVE('',#859,#956,#571,.T.);
#1188=EDGE_CURVE('',#883,#957,#572,.T.);
#1189=EDGE_CURVE('',#860,#958,#573,.T.);
#1190=EDGE_CURVE('',#882,#959,#574,.T.);
#1191=EDGE_CURVE('',#861,#960,#575,.T.);
#1192=EDGE_CURVE('',#881,#961,#576,.T.);
#1193=EDGE_CURVE('',#862,#962,#577,.T.);
#1194=EDGE_CURVE('',#880,#963,#578,.T.);
#1195=EDGE_CURVE('',#863,#964,#579,.T.);
#1196=EDGE_CURVE('',#879,#965,#580,.T.);
#1197=EDGE_CURVE('',#864,#966,#581,.T.);
#1198=EDGE_CURVE('',#878,#967,#582,.T.);
#1199=EDGE_CURVE('',#865,#968,#583,.T.);
#1200=EDGE_CURVE('',#877,#969,#584,.T.);
#1201=EDGE_CURVE('',#866,#970,#585,.T.);
#1202=EDGE_CURVE('',#876,#971,#586,.T.);
#1203=EDGE_CURVE('',#867,#972,#587,.T.);
#1204=EDGE_CURVE('',#875,#973,#588,.T.);
#1205=EDGE_CURVE('',#868,#974,#589,.T.);
#1206=EDGE_CURVE('',#874,#975,#590,.T.);
#1207=EDGE_CURVE('',#869,#976,#591,.T.);
#1208=EDGE_CURVE('',#873,#977,#592,.T.);
#1209=EDGE_CURVE('',#870,#978,#593,.T.);
#1210=EDGE_CURVE('',#872,#979,#594,.T.);
#1211=EDGE_CURVE('',#871,#980,#595,.T.);
#1212=ORIENTED_EDGE('',*,*,#981,.T.);
#1213=ORIENTED_EDGE('',*,*,#982,.T.);
#1214=ORIENTED_EDGE('',*,*,#983,.T.);
#1215=ORIENTED_EDGE('',*,*,#984,.T.);
#1216=ORIENTED_EDGE('',*,*,#985,.T.);
#1217=ORIENTED_EDGE('',*,*,#986,.T.);
#1218=ORIENTED_EDGE('',*,*,#987,.T.);
#1219=ORIENTED_EDGE('',*,*,#988,.T.);
#1220=ORIENTED_EDGE('',*,*,#989,.T.);
#1221=ORIENTED_EDGE('',*,*,#990,.T.);
#1222=ORIENTED_EDGE('',*,*,#991,.T.);
#1223=ORIENTED_EDGE('',*,*,#992,.T.);
#1224=ORIENTED_EDGE('',*,*,#993,.F.);
#1225=ORIENTED_EDGE('',*,*,#994,.F.);
#1226=ORIENTED_EDGE('',*,*,#995,.F.);
#1227=ORIENTED_EDGE('',*,*,#996,.F.);
#1228=ORIENTED_EDGE('',*,*,#997,.F.);
#1229=ORIENTED_EDGE('',*,*,#998,.F.);
#1230=ORIENTED_EDGE('',*,*,#999,.F.);
#1231=ORIENTED_EDGE('',*,*,#1000,.F.);
#1232=ORIENTED_EDGE('',*,*,#1001,.F.);
#1233=ORIENTED_EDGE('',*,*,#1002,.F.);
#1234=ORIENTED_EDGE('',*,*,#1003,.F.);
#1235=ORIENTED_EDGE('',*,*,#1004,.F.);
#1236=ORIENTED_EDGE('',*,*,#1005,.F.);
#1237=ORIENTED_EDGE('',*,*,#1006,.F.);
#1238=ORIENTED_EDGE('',*,*,#1007,.F.);
#1239=ORIENTED_EDGE('',*,*,#1008,.F.);
#1240=ORIENTED_EDGE('',*,*,#1009,.F.);
#1241=ORIENTED_EDGE('',*,*,#1010,.F.);
#1242=ORIENTED_EDGE('',*,*,#1011,.F.);
#1243=ORIENTED_EDGE('',*,*,#1012,.F.);
#1244=ORIENTED_EDGE('',*,*,#1013,.F.);
#1245=ORIENTED_EDGE('',*,*,#1014,.F.);
#1246=ORIENTED_EDGE('',*,*,#1015,.F.);
#1247=ORIENTED_EDGE('',*,*,#1016,.F.);
#1248=ORIENTED_EDGE('',*,*,#1017,.F.);
#1249=ORIENTED_EDGE('',*,*,#1018,.F.);
#1250=ORIENTED_EDGE('',*,*,#1019,.F.);
#1251=ORIENTED_EDGE('',*,*,#1020,.F.);
#1252=ORIENTED_EDGE('',*,*,#1021,.F.);
#1253=ORIENTED_EDGE('',*,*,#1022,.F.);
#1254=ORIENTED_EDGE('',*,*,#1023,.F.);
#1255=ORIENTED_EDGE('',*,*,#1024,.F.);
#1256=ORIENTED_EDGE('',*,*,#1025,.F.);
#1257=ORIENTED_EDGE('',*,*,#1026,.F.);
#1258=ORIENTED_EDGE('',*,*,#1027,.F.);
#1259=ORIENTED_EDGE('',*,*,#1028,.F.);
#1260=ORIENTED_EDGE('',*,*,#1029,.F.);
#1261=ORIENTED_EDGE('',*,*,#1030,.F.);
#1262=ORIENTED_EDGE('',*,*,#1031,.F.);
#1263=ORIENTED_EDGE('',*,*,#1032,.F.);
#1264=ORIENTED_EDGE('',*,*,#1033,.F.);
#1265=ORIENTED_EDGE('',*,*,#1034,.F.);
#1266=ORIENTED_EDGE('',*,*,#1035,.F.);
#1267=ORIENTED_EDGE('',*,*,#1036,.F.);
#1268=ORIENTED_EDGE('',*,*,#1037,.F.);
#1269=ORIENTED_EDGE('',*,*,#1038,.F.);
#1270=ORIENTED_EDGE('',*,*,#1039,.F.);
#1271=ORIENTED_EDGE('',*,*,#1040,.F.);
#1272=ORIENTED_EDGE('',*,*,#1041,.F.);
#1273=ORIENTED_EDGE('',*,*,#1042,.F.);
#1274=ORIENTED_EDGE('',*,*,#1043,.F.);
#1275=ORIENTED_EDGE('',*,*,#1044,.F.);
#1276=ORIENTED_EDGE('',*,*,#1045,.F.);
#1277=ORIENTED_EDGE('',*,*,#1046,.F.);
#1278=ORIENTED_EDGE('',*,*,#1047,.F.);
#1279=ORIENTED_EDGE('',*,*,#1048,.F.);
#1280=ORIENTED_EDGE('',*,*,#1049,.F.);
#1281=ORIENTED_EDGE('',*,*,#1050,.F.);
#1282=ORIENTED_EDGE('',*,*,#1051,.F.);
#1283=ORIENTED_EDGE('',*,*,#1052,.F.);
#1284=ORIENTED_EDGE('',*,*,#1053,.F.);
#1285=ORIENTED_EDGE('',*,*,#1054,.F.);
#1286=ORIENTED_EDGE('',*,*,#1055,.F.);
#1287=ORIENTED_EDGE('',*,*,#1056,.F.);
#1288=ORIENTED_EDGE('',*,*,#1057,.F.);
#1289=ORIENTED_EDGE('',*,*,#1058,.F.);
#1290=ORIENTED_EDGE('',*,*,#1059,.F.);
#1291=ORIENTED_EDGE('',*,*,#1060,.F.);
#1292=ORIENTED_EDGE('',*,*,#1061,.F.);
#1293=ORIENTED_EDGE('',*,*,#1062,.F.);
#1294=ORIENTED_EDGE('',*,*,#1063,.F.);
#1295=ORIENTED_EDGE('',*,*,#1064,.F.);
#1296=ORIENTED_EDGE('',*,*,#1065,.F.);
#1297=ORIENTED_EDGE('',*,*,#1066,.F.);
#1298=ORIENTED_EDGE('',*,*,#1067,.F.);
#1299=ORIENTED_EDGE('',*,*,#1068,.F.);
#1300=ORIENTED_EDGE('',*,*,#1069,.F.);
#1301=ORIENTED_EDGE('',*,*,#1070,.T.);
#1302=ORIENTED_EDGE('',*,*,#1071,.T.);
#1303=ORIENTED_EDGE('',*,*,#1072,.T.);
#1304=ORIENTED_EDGE('',*,*,#1073,.T.);
#1305=ORIENTED_EDGE('',*,*,#1074,.T.);
#1306=ORIENTED_EDGE('',*,*,#1075,.T.);
#1307=ORIENTED_EDGE('',*,*,#1076,.T.);
#1308=ORIENTED_EDGE('',*,*,#1077,.T.);
#1309=ORIENTED_EDGE('',*,*,#1078,.T.);
#1310=ORIENTED_EDGE('',*,*,#1079,.T.);
#1311=ORIENTED_EDGE('',*,*,#1080,.T.);
#1312=ORIENTED_EDGE('',*,*,#1081,.T.);
#1313=ORIENTED_EDGE('',*,*,#1082,.T.);
#1314=ORIENTED_EDGE('',*,*,#1083,.T.);
#1315=ORIENTED_EDGE('',*,*,#1084,.T.);
#1316=ORIENTED_EDGE('',*,*,#1085,.T.);
#1317=ORIENTED_EDGE('',*,*,#1086,.T.);
#1318=ORIENTED_EDGE('',*,*,#1087,.T.);
#1319=ORIENTED_EDGE('',*,*,#1088,.T.);
#1320=ORIENTED_EDGE('',*,*,#1089,.T.);
#1321=ORIENTED_EDGE('',*,*,#1090,.T.);
#1322=ORIENTED_EDGE('',*,*,#1091,.T.);
#1323=ORIENTED_EDGE('',*,*,#1092,.T.);
#1324=ORIENTED_EDGE('',*,*,#1093,.T.);
#1325=ORIENTED_EDGE('',*,*,#1094,.T.);
#1326=ORIENTED_EDGE('',*,*,#1095,.T.);
#1327=ORIENTED_EDGE('',*,*,#1096,.T.);
#1328=ORIENTED_EDGE('',*,*,#1097,.T.);
#1329=ORIENTED_EDGE('',*,*,#1098,.T.);
#1330=ORIENTED_EDGE('',*,*,#1099,.T.);
#1331=ORIENTED_EDGE('',*,*,#1100,.T.);
#1332=ORIENTED_EDGE('',*,*,#1101,.T.);
#1333=ORIENTED_EDGE('',*,*,#1102,.T.);
#1334=ORIENTED_EDGE('',*,*,#1103,.T.);
#1335=ORIENTED_EDGE('',*,*,#1104,.T.);
#1336=ORIENTED_EDGE('',*,*,#1105,.T.);
#1337=ORIENTED_EDGE('',*,*,#1106,.T.);
#1338=ORIENTED_EDGE('',*,*,#1107,.T.);
#1339=ORIENTED_EDGE('',*,*,#1108,.T.);
#1340=ORIENTED_EDGE('',*,*,#1109,.T.);
#1341=ORIENTED_EDGE('',*,*,#1110,.T.);
#1342=ORIENTED_EDGE('',*,*,#1111,.T.);
#1343=ORIENTED_EDGE('',*,*,#1112,.T.);
#1344=ORIENTED_EDGE('',*,*,#1113,.T.);
#1345=ORIENTED_EDGE('',*,*,#1114,.T.);
#1346=ORIENTED_EDGE('',*,*,#1115,.T.);
#1347=ORIENTED_EDGE('',*,*,#1116,.T.);
#1348=ORIENTED_EDGE('',*,*,#1117,.T.);
#1349=ORIENTED_EDGE('',*,*,#1118,.T.);
#1350=ORIENTED_EDGE('',*,*,#1119,.T.);
#1351=ORIENTED_EDGE('',*,*,#1120,.T.);
#1352=ORIENTED_EDGE('',*,*,#1121,.T.);
#1353=ORIENTED_EDGE('',*,*,#1122,.T.);
#1354=ORIENTED_EDGE('',*,*,#1123,.T.);
#1355=ORIENTED_EDGE('',*,*,#1124,.T.);
#1356=ORIENTED_EDGE('',*,*,#1125,.T.);
#1357=ORIENTED_EDGE('',*,*,#1126,.T.);
#1358=ORIENTED_EDGE('',*,*,#1127,.T.);
#1359=ORIENTED_EDGE('',*,*,#1128,.T.);
#1360=ORIENTED_EDGE('',*,*,#1129,.T.);
#1361=ORIENTED_EDGE('',*,*,#1130,.T.);
#1362=ORIENTED_EDGE('',*,*,#1131,.T.);
#1363=ORIENTED_EDGE('',*,*,#1132,.T.);
#1364=ORIENTED_EDGE('',*,*,#1133,.T.);
#1365=ORIENTED_EDGE('',*,*,#1134,.T.);
#1366=ORIENTED_EDGE('',*,*,#1058,.T.);
#1367=ORIENTED_EDGE('',*,*,#1135,.F.);
#1368=ORIENTED_EDGE('',*,*,#981,.F.);
#1369=ORIENTED_EDGE('',*,*,#1136,.T.);
#1370=ORIENTED_EDGE('',*,*,#1069,.T.);
#1371=ORIENTED_EDGE('',*,*,#1137,.F.);
#1372=ORIENTED_EDGE('',*,*,#982,.F.);
#1373=ORIENTED_EDGE('',*,*,#1135,.T.);
#1374=ORIENTED_EDGE('',*,*,#1068,.T.);
#1375=ORIENTED_EDGE('',*,*,#1138,.F.);
#1376=ORIENTED_EDGE('',*,*,#983,.F.);
#1377=ORIENTED_EDGE('',*,*,#1137,.T.);
#1378=ORIENTED_EDGE('',*,*,#1067,.T.);
#1379=ORIENTED_EDGE('',*,*,#1139,.F.);
#1380=ORIENTED_EDGE('',*,*,#984,.F.);
#1381=ORIENTED_EDGE('',*,*,#1138,.T.);
#1382=ORIENTED_EDGE('',*,*,#1066,.T.);
#1383=ORIENTED_EDGE('',*,*,#1140,.F.);
#1384=ORIENTED_EDGE('',*,*,#985,.F.);
#1385=ORIENTED_EDGE('',*,*,#1139,.T.);
#1386=ORIENTED_EDGE('',*,*,#1065,.T.);
#1387=ORIENTED_EDGE('',*,*,#1141,.F.);
#1388=ORIENTED_EDGE('',*,*,#986,.F.);
#1389=ORIENTED_EDGE('',*,*,#1140,.T.);
#1390=ORIENTED_EDGE('',*,*,#1064,.T.);
#1391=ORIENTED_EDGE('',*,*,#1142,.F.);
#1392=ORIENTED_EDGE('',*,*,#987,.F.);
#1393=ORIENTED_EDGE('',*,*,#1141,.T.);
#1394=ORIENTED_EDGE('',*,*,#1063,.T.);
#1395=ORIENTED_EDGE('',*,*,#1143,.F.);
#1396=ORIENTED_EDGE('',*,*,#988,.F.);
#1397=ORIENTED_EDGE('',*,*,#1142,.T.);
#1398=ORIENTED_EDGE('',*,*,#1062,.T.);
#1399=ORIENTED_EDGE('',*,*,#1144,.F.);
#1400=ORIENTED_EDGE('',*,*,#989,.F.);
#1401=ORIENTED_EDGE('',*,*,#1143,.T.);
#1402=ORIENTED_EDGE('',*,*,#1061,.T.);
#1403=ORIENTED_EDGE('',*,*,#1145,.F.);
#1404=ORIENTED_EDGE('',*,*,#990,.F.);
#1405=ORIENTED_EDGE('',*,*,#1144,.T.);
#1406=ORIENTED_EDGE('',*,*,#1060,.T.);
#1407=ORIENTED_EDGE('',*,*,#1146,.F.);
#1408=ORIENTED_EDGE('',*,*,#991,.F.);
#1409=ORIENTED_EDGE('',*,*,#1145,.T.);
#1410=ORIENTED_EDGE('',*,*,#1059,.T.);
#1411=ORIENTED_EDGE('',*,*,#1136,.F.);
#1412=ORIENTED_EDGE('',*,*,#992,.F.);
#1413=ORIENTED_EDGE('',*,*,#1146,.T.);
#1414=ORIENTED_EDGE('',*,*,#993,.T.);
#1415=ORIENTED_EDGE('',*,*,#1147,.T.);
#1416=ORIENTED_EDGE('',*,*,#1070,.F.);
#1417=ORIENTED_EDGE('',*,*,#1147,.F.);
#1418=ORIENTED_EDGE('',*,*,#1057,.T.);
#1419=ORIENTED_EDGE('',*,*,#1148,.T.);
#1420=ORIENTED_EDGE('',*,*,#1071,.F.);
#1421=ORIENTED_EDGE('',*,*,#1148,.F.);
#1422=ORIENTED_EDGE('',*,*,#994,.T.);
#1423=ORIENTED_EDGE('',*,*,#1149,.T.);
#1424=ORIENTED_EDGE('',*,*,#1072,.F.);
#1425=ORIENTED_EDGE('',*,*,#1149,.F.);
#1426=ORIENTED_EDGE('',*,*,#1056,.T.);
#1427=ORIENTED_EDGE('',*,*,#1150,.T.);
#1428=ORIENTED_EDGE('',*,*,#1073,.F.);
#1429=ORIENTED_EDGE('',*,*,#1150,.F.);
#1430=ORIENTED_EDGE('',*,*,#995,.T.);
#1431=ORIENTED_EDGE('',*,*,#1151,.T.);
#1432=ORIENTED_EDGE('',*,*,#1074,.F.);
#1433=ORIENTED_EDGE('',*,*,#1151,.F.);
#1434=ORIENTED_EDGE('',*,*,#1055,.T.);
#1435=ORIENTED_EDGE('',*,*,#1152,.T.);
#1436=ORIENTED_EDGE('',*,*,#1075,.F.);
#1437=ORIENTED_EDGE('',*,*,#1152,.F.);
#1438=ORIENTED_EDGE('',*,*,#996,.T.);
#1439=ORIENTED_EDGE('',*,*,#1153,.T.);
#1440=ORIENTED_EDGE('',*,*,#1076,.F.);
#1441=ORIENTED_EDGE('',*,*,#1153,.F.);
#1442=ORIENTED_EDGE('',*,*,#1054,.T.);
#1443=ORIENTED_EDGE('',*,*,#1154,.T.);
#1444=ORIENTED_EDGE('',*,*,#1077,.F.);
#1445=ORIENTED_EDGE('',*,*,#1154,.F.);
#1446=ORIENTED_EDGE('',*,*,#997,.T.);
#1447=ORIENTED_EDGE('',*,*,#1155,.T.);
#1448=ORIENTED_EDGE('',*,*,#1078,.F.);
#1449=ORIENTED_EDGE('',*,*,#1155,.F.);
#1450=ORIENTED_EDGE('',*,*,#1053,.T.);
#1451=ORIENTED_EDGE('',*,*,#1156,.T.);
#1452=ORIENTED_EDGE('',*,*,#1079,.F.);
#1453=ORIENTED_EDGE('',*,*,#1156,.F.);
#1454=ORIENTED_EDGE('',*,*,#998,.T.);
#1455=ORIENTED_EDGE('',*,*,#1157,.T.);
#1456=ORIENTED_EDGE('',*,*,#1080,.F.);
#1457=ORIENTED_EDGE('',*,*,#1157,.F.);
#1458=ORIENTED_EDGE('',*,*,#1052,.T.);
#1459=ORIENTED_EDGE('',*,*,#1158,.T.);
#1460=ORIENTED_EDGE('',*,*,#1081,.F.);
#1461=ORIENTED_EDGE('',*,*,#1158,.F.);
#1462=ORIENTED_EDGE('',*,*,#999,.T.);
#1463=ORIENTED_EDGE('',*,*,#1159,.T.);
#1464=ORIENTED_EDGE('',*,*,#1082,.F.);
#1465=ORIENTED_EDGE('',*,*,#1159,.F.);
#1466=ORIENTED_EDGE('',*,*,#1051,.T.);
#1467=ORIENTED_EDGE('',*,*,#1160,.T.);
#1468=ORIENTED_EDGE('',*,*,#1083,.F.);
#1469=ORIENTED_EDGE('',*,*,#1160,.F.);
#1470=ORIENTED_EDGE('',*,*,#1000,.T.);
#1471=ORIENTED_EDGE('',*,*,#1161,.T.);
#1472=ORIENTED_EDGE('',*,*,#1084,.F.);
#1473=ORIENTED_EDGE('',*,*,#1161,.F.);
#1474=ORIENTED_EDGE('',*,*,#1050,.T.);
#1475=ORIENTED_EDGE('',*,*,#1162,.T.);
#1476=ORIENTED_EDGE('',*,*,#1085,.F.);
#1477=ORIENTED_EDGE('',*,*,#1162,.F.);
#1478=ORIENTED_EDGE('',*,*,#1001,.T.);
#1479=ORIENTED_EDGE('',*,*,#1163,.T.);
#1480=ORIENTED_EDGE('',*,*,#1086,.F.);
#1481=ORIENTED_EDGE('',*,*,#1163,.F.);
#1482=ORIENTED_EDGE('',*,*,#1049,.T.);
#1483=ORIENTED_EDGE('',*,*,#1164,.T.);
#1484=ORIENTED_EDGE('',*,*,#1087,.F.);
#1485=ORIENTED_EDGE('',*,*,#1164,.F.);
#1486=ORIENTED_EDGE('',*,*,#1002,.T.);
#1487=ORIENTED_EDGE('',*,*,#1165,.T.);
#1488=ORIENTED_EDGE('',*,*,#1088,.F.);
#1489=ORIENTED_EDGE('',*,*,#1165,.F.);
#1490=ORIENTED_EDGE('',*,*,#1048,.T.);
#1491=ORIENTED_EDGE('',*,*,#1166,.T.);
#1492=ORIENTED_EDGE('',*,*,#1089,.F.);
#1493=ORIENTED_EDGE('',*,*,#1166,.F.);
#1494=ORIENTED_EDGE('',*,*,#1003,.T.);
#1495=ORIENTED_EDGE('',*,*,#1167,.T.);
#1496=ORIENTED_EDGE('',*,*,#1090,.F.);
#1497=ORIENTED_EDGE('',*,*,#1167,.F.);
#1498=ORIENTED_EDGE('',*,*,#1047,.T.);
#1499=ORIENTED_EDGE('',*,*,#1168,.T.);
#1500=ORIENTED_EDGE('',*,*,#1091,.F.);
#1501=ORIENTED_EDGE('',*,*,#1168,.F.);
#1502=ORIENTED_EDGE('',*,*,#1004,.T.);
#1503=ORIENTED_EDGE('',*,*,#1169,.T.);
#1504=ORIENTED_EDGE('',*,*,#1092,.F.);
#1505=ORIENTED_EDGE('',*,*,#1169,.F.);
#1506=ORIENTED_EDGE('',*,*,#1046,.T.);
#1507=ORIENTED_EDGE('',*,*,#1170,.T.);
#1508=ORIENTED_EDGE('',*,*,#1093,.F.);
#1509=ORIENTED_EDGE('',*,*,#1170,.F.);
#1510=ORIENTED_EDGE('',*,*,#1005,.T.);
#1511=ORIENTED_EDGE('',*,*,#1171,.T.);
#1512=ORIENTED_EDGE('',*,*,#1094,.F.);
#1513=ORIENTED_EDGE('',*,*,#1171,.F.);
#1514=ORIENTED_EDGE('',*,*,#1045,.T.);
#1515=ORIENTED_EDGE('',*,*,#1172,.T.);
#1516=ORIENTED_EDGE('',*,*,#1095,.F.);
#1517=ORIENTED_EDGE('',*,*,#1172,.F.);
#1518=ORIENTED_EDGE('',*,*,#1006,.T.);
#1519=ORIENTED_EDGE('',*,*,#1173,.T.);
#1520=ORIENTED_EDGE('',*,*,#1096,.F.);
#1521=ORIENTED_EDGE('',*,*,#1173,.F.);
#1522=ORIENTED_EDGE('',*,*,#1044,.T.);
#1523=ORIENTED_EDGE('',*,*,#1174,.T.);
#1524=ORIENTED_EDGE('',*,*,#1097,.F.);
#1525=ORIENTED_EDGE('',*,*,#1174,.F.);
#1526=ORIENTED_EDGE('',*,*,#1007,.T.);
#1527=ORIENTED_EDGE('',*,*,#1175,.T.);
#1528=ORIENTED_EDGE('',*,*,#1098,.F.);
#1529=ORIENTED_EDGE('',*,*,#1175,.F.);
#1530=ORIENTED_EDGE('',*,*,#1043,.T.);
#1531=ORIENTED_EDGE('',*,*,#1176,.T.);
#1532=ORIENTED_EDGE('',*,*,#1099,.F.);
#1533=ORIENTED_EDGE('',*,*,#1176,.F.);
#1534=ORIENTED_EDGE('',*,*,#1008,.T.);
#1535=ORIENTED_EDGE('',*,*,#1177,.T.);
#1536=ORIENTED_EDGE('',*,*,#1100,.F.);
#1537=ORIENTED_EDGE('',*,*,#1177,.F.);
#1538=ORIENTED_EDGE('',*,*,#1042,.T.);
#1539=ORIENTED_EDGE('',*,*,#1178,.T.);
#1540=ORIENTED_EDGE('',*,*,#1101,.F.);
#1541=ORIENTED_EDGE('',*,*,#1178,.F.);
#1542=ORIENTED_EDGE('',*,*,#1009,.T.);
#1543=ORIENTED_EDGE('',*,*,#1179,.T.);
#1544=ORIENTED_EDGE('',*,*,#1102,.F.);
#1545=ORIENTED_EDGE('',*,*,#1179,.F.);
#1546=ORIENTED_EDGE('',*,*,#1041,.T.);
#1547=ORIENTED_EDGE('',*,*,#1180,.T.);
#1548=ORIENTED_EDGE('',*,*,#1103,.F.);
#1549=ORIENTED_EDGE('',*,*,#1180,.F.);
#1550=ORIENTED_EDGE('',*,*,#1010,.T.);
#1551=ORIENTED_EDGE('',*,*,#1181,.T.);
#1552=ORIENTED_EDGE('',*,*,#1104,.F.);
#1553=ORIENTED_EDGE('',*,*,#1181,.F.);
#1554=ORIENTED_EDGE('',*,*,#1040,.T.);
#1555=ORIENTED_EDGE('',*,*,#1182,.T.);
#1556=ORIENTED_EDGE('',*,*,#1105,.F.);
#1557=ORIENTED_EDGE('',*,*,#1182,.F.);
#1558=ORIENTED_EDGE('',*,*,#1011,.T.);
#1559=ORIENTED_EDGE('',*,*,#1183,.T.);
#1560=ORIENTED_EDGE('',*,*,#1106,.F.);
#1561=ORIENTED_EDGE('',*,*,#1183,.F.);
#1562=ORIENTED_EDGE('',*,*,#1039,.T.);
#1563=ORIENTED_EDGE('',*,*,#1184,.T.);
#1564=ORIENTED_EDGE('',*,*,#1107,.F.);
#1565=ORIENTED_EDGE('',*,*,#1184,.F.);
#1566=ORIENTED_EDGE('',*,*,#1012,.T.);
#1567=ORIENTED_EDGE('',*,*,#1185,.T.);
#1568=ORIENTED_EDGE('',*,*,#1108,.F.);
#1569=ORIENTED_EDGE('',*,*,#1185,.F.);
#1570=ORIENTED_EDGE('',*,*,#1038,.T.);
#1571=ORIENTED_EDGE('',*,*,#1186,.T.);
#1572=ORIENTED_EDGE('',*,*,#1109,.F.);
#1573=ORIENTED_EDGE('',*,*,#1186,.F.);
#1574=ORIENTED_EDGE('',*,*,#1013,.T.);
#1575=ORIENTED_EDGE('',*,*,#1187,.T.);
#1576=ORIENTED_EDGE('',*,*,#1110,.F.);
#1577=ORIENTED_EDGE('',*,*,#1187,.F.);
#1578=ORIENTED_EDGE('',*,*,#1037,.T.);
#1579=ORIENTED_EDGE('',*,*,#1188,.T.);
#1580=ORIENTED_EDGE('',*,*,#1111,.F.);
#1581=ORIENTED_EDGE('',*,*,#1188,.F.);
#1582=ORIENTED_EDGE('',*,*,#1014,.T.);
#1583=ORIENTED_EDGE('',*,*,#1189,.T.);
#1584=ORIENTED_EDGE('',*,*,#1112,.F.);
#1585=ORIENTED_EDGE('',*,*,#1189,.F.);
#1586=ORIENTED_EDGE('',*,*,#1036,.T.);
#1587=ORIENTED_EDGE('',*,*,#1190,.T.);
#1588=ORIENTED_EDGE('',*,*,#1113,.F.);
#1589=ORIENTED_EDGE('',*,*,#1190,.F.);
#1590=ORIENTED_EDGE('',*,*,#1015,.T.);
#1591=ORIENTED_EDGE('',*,*,#1191,.T.);
#1592=ORIENTED_EDGE('',*,*,#1114,.F.);
#1593=ORIENTED_EDGE('',*,*,#1191,.F.);
#1594=ORIENTED_EDGE('',*,*,#1035,.T.);
#1595=ORIENTED_EDGE('',*,*,#1192,.T.);
#1596=ORIENTED_EDGE('',*,*,#1115,.F.);
#1597=ORIENTED_EDGE('',*,*,#1192,.F.);
#1598=ORIENTED_EDGE('',*,*,#1016,.T.);
#1599=ORIENTED_EDGE('',*,*,#1193,.T.);
#1600=ORIENTED_EDGE('',*,*,#1116,.F.);
#1601=ORIENTED_EDGE('',*,*,#1193,.F.);
#1602=ORIENTED_EDGE('',*,*,#1034,.T.);
#1603=ORIENTED_EDGE('',*,*,#1194,.T.);
#1604=ORIENTED_EDGE('',*,*,#1117,.F.);
#1605=ORIENTED_EDGE('',*,*,#1194,.F.);
#1606=ORIENTED_EDGE('',*,*,#1017,.T.);
#1607=ORIENTED_EDGE('',*,*,#1195,.T.);
#1608=ORIENTED_EDGE('',*,*,#1118,.F.);
#1609=ORIENTED_EDGE('',*,*,#1195,.F.);
#1610=ORIENTED_EDGE('',*,*,#1033,.T.);
#1611=ORIENTED_EDGE('',*,*,#1196,.T.);
#1612=ORIENTED_EDGE('',*,*,#1119,.F.);
#1613=ORIENTED_EDGE('',*,*,#1196,.F.);
#1614=ORIENTED_EDGE('',*,*,#1018,.T.);
#1615=ORIENTED_EDGE('',*,*,#1197,.T.);
#1616=ORIENTED_EDGE('',*,*,#1120,.F.);
#1617=ORIENTED_EDGE('',*,*,#1197,.F.);
#1618=ORIENTED_EDGE('',*,*,#1032,.T.);
#1619=ORIENTED_EDGE('',*,*,#1198,.T.);
#1620=ORIENTED_EDGE('',*,*,#1121,.F.);
#1621=ORIENTED_EDGE('',*,*,#1198,.F.);
#1622=ORIENTED_EDGE('',*,*,#1019,.T.);
#1623=ORIENTED_EDGE('',*,*,#1199,.T.);
#1624=ORIENTED_EDGE('',*,*,#1122,.F.);
#1625=ORIENTED_EDGE('',*,*,#1199,.F.);
#1626=ORIENTED_EDGE('',*,*,#1031,.T.);
#1627=ORIENTED_EDGE('',*,*,#1200,.T.);
#1628=ORIENTED_EDGE('',*,*,#1123,.F.);
#1629=ORIENTED_EDGE('',*,*,#1200,.F.);
#1630=ORIENTED_EDGE('',*,*,#1020,.T.);
#1631=ORIENTED_EDGE('',*,*,#1201,.T.);
#1632=ORIENTED_EDGE('',*,*,#1124,.F.);
#1633=ORIENTED_EDGE('',*,*,#1201,.F.);
#1634=ORIENTED_EDGE('',*,*,#1030,.T.);
#1635=ORIENTED_EDGE('',*,*,#1202,.T.);
#1636=ORIENTED_EDGE('',*,*,#1125,.F.);
#1637=ORIENTED_EDGE('',*,*,#1202,.F.);
#1638=ORIENTED_EDGE('',*,*,#1021,.T.);
#1639=ORIENTED_EDGE('',*,*,#1203,.T.);
#1640=ORIENTED_EDGE('',*,*,#1126,.F.);
#1641=ORIENTED_EDGE('',*,*,#1203,.F.);
#1642=ORIENTED_EDGE('',*,*,#1029,.T.);
#1643=ORIENTED_EDGE('',*,*,#1204,.T.);
#1644=ORIENTED_EDGE('',*,*,#1127,.F.);
#1645=ORIENTED_EDGE('',*,*,#1204,.F.);
#1646=ORIENTED_EDGE('',*,*,#1022,.T.);
#1647=ORIENTED_EDGE('',*,*,#1205,.T.);
#1648=ORIENTED_EDGE('',*,*,#1128,.F.);
#1649=ORIENTED_EDGE('',*,*,#1205,.F.);
#1650=ORIENTED_EDGE('',*,*,#1028,.T.);
#1651=ORIENTED_EDGE('',*,*,#1206,.T.);
#1652=ORIENTED_EDGE('',*,*,#1129,.F.);
#1653=ORIENTED_EDGE('',*,*,#1206,.F.);
#1654=ORIENTED_EDGE('',*,*,#1023,.T.);
#1655=ORIENTED_EDGE('',*,*,#1207,.T.);
#1656=ORIENTED_EDGE('',*,*,#1130,.F.);
#1657=ORIENTED_EDGE('',*,*,#1207,.F.);
#1658=ORIENTED_EDGE('',*,*,#1027,.T.);
#1659=ORIENTED_EDGE('',*,*,#1208,.T.);
#1660=ORIENTED_EDGE('',*,*,#1131,.F.);
#1661=ORIENTED_EDGE('',*,*,#1208,.F.);
#1662=ORIENTED_EDGE('',*,*,#1024,.T.);
#1663=ORIENTED_EDGE('',*,*,#1209,.T.);
#1664=ORIENTED_EDGE('',*,*,#1132,.F.);
#1665=ORIENTED_EDGE('',*,*,#1209,.F.);
#1666=ORIENTED_EDGE('',*,*,#1026,.T.);
#1667=ORIENTED_EDGE('',*,*,#1210,.T.);
#1668=ORIENTED_EDGE('',*,*,#1133,.F.);
#1669=ORIENTED_EDGE('',*,*,#1210,.F.);
#1670=ORIENTED_EDGE('',*,*,#1025,.T.);
#1671=ORIENTED_EDGE('',*,*,#1211,.T.);
#1672=ORIENTED_EDGE('',*,*,#1134,.F.);
#1673=ORIENTED_EDGE('',*,*,#1211,.F.);
#1674=PLANE('',#1778);
#1675=PLANE('',#1847);
#1676=PLANE('',#1917);
#1677=PLANE('',#1919);
#1678=PLANE('',#1920);
#1679=PLANE('',#1921);
#1680=PLANE('',#1922);
#1681=PLANE('',#1923);
#1682=PLANE('',#1924);
#1683=PLANE('',#1925);
#1684=PLANE('',#1927);
#1685=ADVANCED_FACE('',(#213,#83,#84,#85,#86,#87,#88,#89,#90,#91,#92,#93,
#94,#95,#96,#97,#98,#99,#100,#101,#102,#103,#104,#105,#106,#107,#108,#109,
#110,#111,#112,#113,#114,#115,#116,#117,#118,#119,#120,#121,#122,#123,#124,
#125,#126,#127,#128,#129,#130,#131,#132,#133,#134,#135,#136,#137,#138,#139,
#140,#141,#142,#143,#144,#145,#146,#147),#1674,.T.);
#1686=ADVANCED_FACE('',(#214,#148,#149,#150,#151,#152,#153,#154,#155,#156,
#157,#158,#159,#160,#161,#162,#163,#164,#165,#166,#167,#168,#169,#170,#171,
#172,#173,#174,#175,#176,#177,#178,#179,#180,#181,#182,#183,#184,#185,#186,
#187,#188,#189,#190,#191,#192,#193,#194,#195,#196,#197,#198,#199,#200,#201,
#202,#203,#204,#205,#206,#207,#208,#209,#210,#211,#212),#1675,.F.);
#1687=ADVANCED_FACE('',(#215),#15,.F.);
#1688=ADVANCED_FACE('',(#216),#1676,.F.);
#1689=ADVANCED_FACE('',(#217),#16,.T.);
#1690=ADVANCED_FACE('',(#218),#1677,.F.);
#1691=ADVANCED_FACE('',(#219),#1678,.F.);
#1692=ADVANCED_FACE('',(#220),#1679,.F.);
#1693=ADVANCED_FACE('',(#221),#1680,.F.);
#1694=ADVANCED_FACE('',(#222),#1681,.F.);
#1695=ADVANCED_FACE('',(#223),#1682,.F.);
#1696=ADVANCED_FACE('',(#224),#1683,.F.);
#1697=ADVANCED_FACE('',(#225),#17,.T.);
#1698=ADVANCED_FACE('',(#226),#1684,.F.);
#1699=ADVANCED_FACE('',(#227),#18,.F.);
#1700=ADVANCED_FACE('',(#228),#19,.F.);
#1701=ADVANCED_FACE('',(#229),#20,.F.);
#1702=ADVANCED_FACE('',(#230),#21,.F.);
#1703=ADVANCED_FACE('',(#231),#22,.F.);
#1704=ADVANCED_FACE('',(#232),#23,.F.);
#1705=ADVANCED_FACE('',(#233),#24,.F.);
#1706=ADVANCED_FACE('',(#234),#25,.F.);
#1707=ADVANCED_FACE('',(#235),#26,.F.);
#1708=ADVANCED_FACE('',(#236),#27,.F.);
#1709=ADVANCED_FACE('',(#237),#28,.F.);
#1710=ADVANCED_FACE('',(#238),#29,.F.);
#1711=ADVANCED_FACE('',(#239),#30,.F.);
#1712=ADVANCED_FACE('',(#240),#31,.F.);
#1713=ADVANCED_FACE('',(#241),#32,.F.);
#1714=ADVANCED_FACE('',(#242),#33,.F.);
#1715=ADVANCED_FACE('',(#243),#34,.F.);
#1716=ADVANCED_FACE('',(#244),#35,.F.);
#1717=ADVANCED_FACE('',(#245),#36,.F.);
#1718=ADVANCED_FACE('',(#246),#37,.F.);
#1719=ADVANCED_FACE('',(#247),#38,.F.);
#1720=ADVANCED_FACE('',(#248),#39,.F.);
#1721=ADVANCED_FACE('',(#249),#40,.F.);
#1722=ADVANCED_FACE('',(#250),#41,.F.);
#1723=ADVANCED_FACE('',(#251),#42,.F.);
#1724=ADVANCED_FACE('',(#252),#43,.F.);
#1725=ADVANCED_FACE('',(#253),#44,.F.);
#1726=ADVANCED_FACE('',(#254),#45,.F.);
#1727=ADVANCED_FACE('',(#255),#46,.F.);
#1728=ADVANCED_FACE('',(#256),#47,.F.);
#1729=ADVANCED_FACE('',(#257),#48,.F.);
#1730=ADVANCED_FACE('',(#258),#49,.F.);
#1731=ADVANCED_FACE('',(#259),#50,.F.);
#1732=ADVANCED_FACE('',(#260),#51,.F.);
#1733=ADVANCED_FACE('',(#261),#52,.F.);
#1734=ADVANCED_FACE('',(#262),#53,.F.);
#1735=ADVANCED_FACE('',(#263),#54,.F.);
#1736=ADVANCED_FACE('',(#264),#55,.F.);
#1737=ADVANCED_FACE('',(#265),#56,.F.);
#1738=ADVANCED_FACE('',(#266),#57,.F.);
#1739=ADVANCED_FACE('',(#267),#58,.F.);
#1740=ADVANCED_FACE('',(#268),#59,.F.);
#1741=ADVANCED_FACE('',(#269),#60,.F.);
#1742=ADVANCED_FACE('',(#270),#61,.F.);
#1743=ADVANCED_FACE('',(#271),#62,.F.);
#1744=ADVANCED_FACE('',(#272),#63,.F.);
#1745=ADVANCED_FACE('',(#273),#64,.F.);
#1746=ADVANCED_FACE('',(#274),#65,.F.);
#1747=ADVANCED_FACE('',(#275),#66,.F.);
#1748=ADVANCED_FACE('',(#276),#67,.F.);
#1749=ADVANCED_FACE('',(#277),#68,.F.);
#1750=ADVANCED_FACE('',(#278),#69,.F.);
#1751=ADVANCED_FACE('',(#279),#70,.F.);
#1752=ADVANCED_FACE('',(#280),#71,.F.);
#1753=ADVANCED_FACE('',(#281),#72,.F.);
#1754=ADVANCED_FACE('',(#282),#73,.F.);
#1755=ADVANCED_FACE('',(#283),#74,.F.);
#1756=ADVANCED_FACE('',(#284),#75,.F.);
#1757=ADVANCED_FACE('',(#285),#76,.F.);
#1758=ADVANCED_FACE('',(#286),#77,.F.);
#1759=ADVANCED_FACE('',(#287),#78,.F.);
#1760=ADVANCED_FACE('',(#288),#79,.F.);
#1761=ADVANCED_FACE('',(#289),#80,.F.);
#1762=ADVANCED_FACE('',(#290),#81,.F.);
#1763=ADVANCED_FACE('',(#291),#82,.F.);
#1764=CLOSED_SHELL('',(#1685,#1686,#1687,#1688,#1689,#1690,#1691,#1692,
#1693,#1694,#1695,#1696,#1697,#1698,#1699,#1700,#1701,#1702,#1703,#1704,
#1705,#1706,#1707,#1708,#1709,#1710,#1711,#1712,#1713,#1714,#1715,#1716,
#1717,#1718,#1719,#1720,#1721,#1722,#1723,#1724,#1725,#1726,#1727,#1728,
#1729,#1730,#1731,#1732,#1733,#1734,#1735,#1736,#1737,#1738,#1739,#1740,
#1741,#1742,#1743,#1744,#1745,#1746,#1747,#1748,#1749,#1750,#1751,#1752,
#1753,#1754,#1755,#1756,#1757,#1758,#1759,#1760,#1761,#1762,#1763));
#1765=DERIVED_UNIT_ELEMENT(#1767,1.);
#1766=DERIVED_UNIT_ELEMENT(#2990,-3.);
#1767=(
MASS_UNIT()
NAMED_UNIT(*)
SI_UNIT(.KILO.,.GRAM.)
);
#1768=DERIVED_UNIT((#1765,#1766));
#1769=MEASURE_REPRESENTATION_ITEM('density measure',
POSITIVE_RATIO_MEASURE(7850.),#1768);
#1770=PROPERTY_DEFINITION_REPRESENTATION(#1775,#1772);
#1771=PROPERTY_DEFINITION_REPRESENTATION(#1776,#1773);
#1772=REPRESENTATION('material name',(#1774),#2987);
#1773=REPRESENTATION('density',(#1769),#2987);
#1774=DESCRIPTIVE_REPRESENTATION_ITEM('Steel','Steel');
#1775=PROPERTY_DEFINITION('material property','material name',#2997);
#1776=PROPERTY_DEFINITION('material property','density of part',#2997);
#1777=AXIS2_PLACEMENT_3D('',#2520,#1993,#1994);
#1778=AXIS2_PLACEMENT_3D('',#2521,#1995,#1996);
#1779=AXIS2_PLACEMENT_3D('',#2524,#1997,#1998);
#1780=AXIS2_PLACEMENT_3D('',#2528,#2000,#2001);
#1781=AXIS2_PLACEMENT_3D('',#2544,#2009,#2010);
#1782=AXIS2_PLACEMENT_3D('',#2547,#2012,#2013);
#1783=AXIS2_PLACEMENT_3D('',#2549,#2014,#2015);
#1784=AXIS2_PLACEMENT_3D('',#2551,#2016,#2017);
#1785=AXIS2_PLACEMENT_3D('',#2553,#2018,#2019);
#1786=AXIS2_PLACEMENT_3D('',#2555,#2020,#2021);
#1787=AXIS2_PLACEMENT_3D('',#2557,#2022,#2023);
#1788=AXIS2_PLACEMENT_3D('',#2559,#2024,#2025);
#1789=AXIS2_PLACEMENT_3D('',#2561,#2026,#2027);
#1790=AXIS2_PLACEMENT_3D('',#2563,#2028,#2029);
#1791=AXIS2_PLACEMENT_3D('',#2565,#2030,#2031);
#1792=AXIS2_PLACEMENT_3D('',#2567,#2032,#2033);
#1793=AXIS2_PLACEMENT_3D('',#2569,#2034,#2035);
#1794=AXIS2_PLACEMENT_3D('',#2571,#2036,#2037);
#1795=AXIS2_PLACEMENT_3D('',#2573,#2038,#2039);
#1796=AXIS2_PLACEMENT_3D('',#2575,#2040,#2041);
#1797=AXIS2_PLACEMENT_3D('',#2577,#2042,#2043);
#1798=AXIS2_PLACEMENT_3D('',#2579,#2044,#2045);
#1799=AXIS2_PLACEMENT_3D('',#2581,#2046,#2047);
#1800=AXIS2_PLACEMENT_3D('',#2583,#2048,#2049);
#1801=AXIS2_PLACEMENT_3D('',#2585,#2050,#2051);
#1802=AXIS2_PLACEMENT_3D('',#2587,#2052,#2053);
#1803=AXIS2_PLACEMENT_3D('',#2589,#2054,#2055);
#1804=AXIS2_PLACEMENT_3D('',#2591,#2056,#2057);
#1805=AXIS2_PLACEMENT_3D('',#2593,#2058,#2059);
#1806=AXIS2_PLACEMENT_3D('',#2595,#2060,#2061);
#1807=AXIS2_PLACEMENT_3D('',#2597,#2062,#2063);
#1808=AXIS2_PLACEMENT_3D('',#2599,#2064,#2065);
#1809=AXIS2_PLACEMENT_3D('',#2601,#2066,#2067);
#1810=AXIS2_PLACEMENT_3D('',#2603,#2068,#2069);
#1811=AXIS2_PLACEMENT_3D('',#2605,#2070,#2071);
#1812=AXIS2_PLACEMENT_3D('',#2607,#2072,#2073);
#1813=AXIS2_PLACEMENT_3D('',#2609,#2074,#2075);
#1814=AXIS2_PLACEMENT_3D('',#2611,#2076,#2077);
#1815=AXIS2_PLACEMENT_3D('',#2613,#2078,#2079);
#1816=AXIS2_PLACEMENT_3D('',#2615,#2080,#2081);
#1817=AXIS2_PLACEMENT_3D('',#2617,#2082,#2083);
#1818=AXIS2_PLACEMENT_3D('',#2619,#2084,#2085);
#1819=AXIS2_PLACEMENT_3D('',#2621,#2086,#2087);
#1820=AXIS2_PLACEMENT_3D('',#2623,#2088,#2089);
#1821=AXIS2_PLACEMENT_3D('',#2625,#2090,#2091);
#1822=AXIS2_PLACEMENT_3D('',#2627,#2092,#2093);
#1823=AXIS2_PLACEMENT_3D('',#2629,#2094,#2095);
#1824=AXIS2_PLACEMENT_3D('',#2631,#2096,#2097);
#1825=AXIS2_PLACEMENT_3D('',#2633,#2098,#2099);
#1826=AXIS2_PLACEMENT_3D('',#2635,#2100,#2101);
#1827=AXIS2_PLACEMENT_3D('',#2637,#2102,#2103);
#1828=AXIS2_PLACEMENT_3D('',#2639,#2104,#2105);
#1829=AXIS2_PLACEMENT_3D('',#2641,#2106,#2107);
#1830=AXIS2_PLACEMENT_3D('',#2643,#2108,#2109);
#1831=AXIS2_PLACEMENT_3D('',#2645,#2110,#2111);
#1832=AXIS2_PLACEMENT_3D('',#2647,#2112,#2113);
#1833=AXIS2_PLACEMENT_3D('',#2649,#2114,#2115);
#1834=AXIS2_PLACEMENT_3D('',#2651,#2116,#2117);
#1835=AXIS2_PLACEMENT_3D('',#2653,#2118,#2119);
#1836=AXIS2_PLACEMENT_3D('',#2655,#2120,#2121);
#1837=AXIS2_PLACEMENT_3D('',#2657,#2122,#2123);
#1838=AXIS2_PLACEMENT_3D('',#2659,#2124,#2125);
#1839=AXIS2_PLACEMENT_3D('',#2661,#2126,#2127);
#1840=AXIS2_PLACEMENT_3D('',#2663,#2128,#2129);
#1841=AXIS2_PLACEMENT_3D('',#2665,#2130,#2131);
#1842=AXIS2_PLACEMENT_3D('',#2667,#2132,#2133);
#1843=AXIS2_PLACEMENT_3D('',#2669,#2134,#2135);
#1844=AXIS2_PLACEMENT_3D('',#2671,#2136,#2137);
#1845=AXIS2_PLACEMENT_3D('',#2673,#2138,#2139);
#1846=AXIS2_PLACEMENT_3D('',#2675,#2140,#2141);
#1847=AXIS2_PLACEMENT_3D('',#2676,#2142,#2143);
#1848=AXIS2_PLACEMENT_3D('',#2679,#2144,#2145);
#1849=AXIS2_PLACEMENT_3D('',#2683,#2147,#2148);
#1850=AXIS2_PLACEMENT_3D('',#2699,#2156,#2157);
#1851=AXIS2_PLACEMENT_3D('',#2702,#2159,#2160);
#1852=AXIS2_PLACEMENT_3D('',#2704,#2161,#2162);
#1853=AXIS2_PLACEMENT_3D('',#2706,#2163,#2164);
#1854=AXIS2_PLACEMENT_3D('',#2708,#2165,#2166);
#1855=AXIS2_PLACEMENT_3D('',#2710,#2167,#2168);
#1856=AXIS2_PLACEMENT_3D('',#2712,#2169,#2170);
#1857=AXIS2_PLACEMENT_3D('',#2714,#2171,#2172);
#1858=AXIS2_PLACEMENT_3D('',#2716,#2173,#2174);
#1859=AXIS2_PLACEMENT_3D('',#2718,#2175,#2176);
#1860=AXIS2_PLACEMENT_3D('',#2720,#2177,#2178);
#1861=AXIS2_PLACEMENT_3D('',#2722,#2179,#2180);
#1862=AXIS2_PLACEMENT_3D('',#2724,#2181,#2182);
#1863=AXIS2_PLACEMENT_3D('',#2726,#2183,#2184);
#1864=AXIS2_PLACEMENT_3D('',#2728,#2185,#2186);
#1865=AXIS2_PLACEMENT_3D('',#2730,#2187,#2188);
#1866=AXIS2_PLACEMENT_3D('',#2732,#2189,#2190);
#1867=AXIS2_PLACEMENT_3D('',#2734,#2191,#2192);
#1868=AXIS2_PLACEMENT_3D('',#2736,#2193,#2194);
#1869=AXIS2_PLACEMENT_3D('',#2738,#2195,#2196);
#1870=AXIS2_PLACEMENT_3D('',#2740,#2197,#2198);
#1871=AXIS2_PLACEMENT_3D('',#2742,#2199,#2200);
#1872=AXIS2_PLACEMENT_3D('',#2744,#2201,#2202);
#1873=AXIS2_PLACEMENT_3D('',#2746,#2203,#2204);
#1874=AXIS2_PLACEMENT_3D('',#2748,#2205,#2206);
#1875=AXIS2_PLACEMENT_3D('',#2750,#2207,#2208);
#1876=AXIS2_PLACEMENT_3D('',#2752,#2209,#2210);
#1877=AXIS2_PLACEMENT_3D('',#2754,#2211,#2212);
#1878=AXIS2_PLACEMENT_3D('',#2756,#2213,#2214);
#1879=AXIS2_PLACEMENT_3D('',#2758,#2215,#2216);
#1880=AXIS2_PLACEMENT_3D('',#2760,#2217,#2218);
#1881=AXIS2_PLACEMENT_3D('',#2762,#2219,#2220);
#1882=AXIS2_PLACEMENT_3D('',#2764,#2221,#2222);
#1883=AXIS2_PLACEMENT_3D('',#2766,#2223,#2224);
#1884=AXIS2_PLACEMENT_3D('',#2768,#2225,#2226);
#1885=AXIS2_PLACEMENT_3D('',#2770,#2227,#2228);
#1886=AXIS2_PLACEMENT_3D('',#2772,#2229,#2230);
#1887=AXIS2_PLACEMENT_3D('',#2774,#2231,#2232);
#1888=AXIS2_PLACEMENT_3D('',#2776,#2233,#2234);
#1889=AXIS2_PLACEMENT_3D('',#2778,#2235,#2236);
#1890=AXIS2_PLACEMENT_3D('',#2780,#2237,#2238);
#1891=AXIS2_PLACEMENT_3D('',#2782,#2239,#2240);
#1892=AXIS2_PLACEMENT_3D('',#2784,#2241,#2242);
#1893=AXIS2_PLACEMENT_3D('',#2786,#2243,#2244);
#1894=AXIS2_PLACEMENT_3D('',#2788,#2245,#2246);
#1895=AXIS2_PLACEMENT_3D('',#2790,#2247,#2248);
#1896=AXIS2_PLACEMENT_3D('',#2792,#2249,#2250);
#1897=AXIS2_PLACEMENT_3D('',#2794,#2251,#2252);
#1898=AXIS2_PLACEMENT_3D('',#2796,#2253,#2254);
#1899=AXIS2_PLACEMENT_3D('',#2798,#2255,#2256);
#1900=AXIS2_PLACEMENT_3D('',#2800,#2257,#2258);
#1901=AXIS2_PLACEMENT_3D('',#2802,#2259,#2260);
#1902=AXIS2_PLACEMENT_3D('',#2804,#2261,#2262);
#1903=AXIS2_PLACEMENT_3D('',#2806,#2263,#2264);
#1904=AXIS2_PLACEMENT_3D('',#2808,#2265,#2266);
#1905=AXIS2_PLACEMENT_3D('',#2810,#2267,#2268);
#1906=AXIS2_PLACEMENT_3D('',#2812,#2269,#2270);
#1907=AXIS2_PLACEMENT_3D('',#2814,#2271,#2272);
#1908=AXIS2_PLACEMENT_3D('',#2816,#2273,#2274);
#1909=AXIS2_PLACEMENT_3D('',#2818,#2275,#2276);
#1910=AXIS2_PLACEMENT_3D('',#2820,#2277,#2278);
#1911=AXIS2_PLACEMENT_3D('',#2822,#2279,#2280);
#1912=AXIS2_PLACEMENT_3D('',#2824,#2281,#2282);
#1913=AXIS2_PLACEMENT_3D('',#2826,#2283,#2284);
#1914=AXIS2_PLACEMENT_3D('',#2828,#2285,#2286);
#1915=AXIS2_PLACEMENT_3D('',#2830,#2287,#2288);
#1916=AXIS2_PLACEMENT_3D('',#2831,#2289,#2290);
#1917=AXIS2_PLACEMENT_3D('',#2834,#2293,#2294);
#1918=AXIS2_PLACEMENT_3D('',#2836,#2296,#2297);
#1919=AXIS2_PLACEMENT_3D('',#2838,#2299,#2300);
#1920=AXIS2_PLACEMENT_3D('',#2840,#2302,#2303);
#1921=AXIS2_PLACEMENT_3D('',#2842,#2305,#2306);
#1922=AXIS2_PLACEMENT_3D('',#2844,#2308,#2309);
#1923=AXIS2_PLACEMENT_3D('',#2846,#2311,#2312);
#1924=AXIS2_PLACEMENT_3D('',#2848,#2314,#2315);
#1925=AXIS2_PLACEMENT_3D('',#2850,#2317,#2318);
#1926=AXIS2_PLACEMENT_3D('',#2852,#2320,#2321);
#1927=AXIS2_PLACEMENT_3D('',#2854,#2323,#2324);
#1928=AXIS2_PLACEMENT_3D('',#2855,#2325,#2326);
#1929=AXIS2_PLACEMENT_3D('',#2857,#2328,#2329);
#1930=AXIS2_PLACEMENT_3D('',#2859,#2331,#2332);
#1931=AXIS2_PLACEMENT_3D('',#2861,#2334,#2335);
#1932=AXIS2_PLACEMENT_3D('',#2863,#2337,#2338);
#1933=AXIS2_PLACEMENT_3D('',#2865,#2340,#2341);
#1934=AXIS2_PLACEMENT_3D('',#2867,#2343,#2344);
#1935=AXIS2_PLACEMENT_3D('',#2869,#2346,#2347);
#1936=AXIS2_PLACEMENT_3D('',#2871,#2349,#2350);
#1937=AXIS2_PLACEMENT_3D('',#2873,#2352,#2353);
#1938=AXIS2_PLACEMENT_3D('',#2875,#2355,#2356);
#1939=AXIS2_PLACEMENT_3D('',#2877,#2358,#2359);
#1940=AXIS2_PLACEMENT_3D('',#2879,#2361,#2362);
#1941=AXIS2_PLACEMENT_3D('',#2881,#2364,#2365);
#1942=AXIS2_PLACEMENT_3D('',#2883,#2367,#2368);
#1943=AXIS2_PLACEMENT_3D('',#2885,#2370,#2371);
#1944=AXIS2_PLACEMENT_3D('',#2887,#2373,#2374);
#1945=AXIS2_PLACEMENT_3D('',#2889,#2376,#2377);
#1946=AXIS2_PLACEMENT_3D('',#2891,#2379,#2380);
#1947=AXIS2_PLACEMENT_3D('',#2893,#2382,#2383);
#1948=AXIS2_PLACEMENT_3D('',#2895,#2385,#2386);
#1949=AXIS2_PLACEMENT_3D('',#2897,#2388,#2389);
#1950=AXIS2_PLACEMENT_3D('',#2899,#2391,#2392);
#1951=AXIS2_PLACEMENT_3D('',#2901,#2394,#2395);
#1952=AXIS2_PLACEMENT_3D('',#2903,#2397,#2398);
#1953=AXIS2_PLACEMENT_3D('',#2905,#2400,#2401);
#1954=AXIS2_PLACEMENT_3D('',#2907,#2403,#2404);
#1955=AXIS2_PLACEMENT_3D('',#2909,#2406,#2407);
#1956=AXIS2_PLACEMENT_3D('',#2911,#2409,#2410);
#1957=AXIS2_PLACEMENT_3D('',#2913,#2412,#2413);
#1958=AXIS2_PLACEMENT_3D('',#2915,#2415,#2416);
#1959=AXIS2_PLACEMENT_3D('',#2917,#2418,#2419);
#1960=AXIS2_PLACEMENT_3D('',#2919,#2421,#2422);
#1961=AXIS2_PLACEMENT_3D('',#2921,#2424,#2425);
#1962=AXIS2_PLACEMENT_3D('',#2923,#2427,#2428);
#1963=AXIS2_PLACEMENT_3D('',#2925,#2430,#2431);
#1964=AXIS2_PLACEMENT_3D('',#2927,#2433,#2434);
#1965=AXIS2_PLACEMENT_3D('',#2929,#2436,#2437);
#1966=AXIS2_PLACEMENT_3D('',#2931,#2439,#2440);
#1967=AXIS2_PLACEMENT_3D('',#2933,#2442,#2443);
#1968=AXIS2_PLACEMENT_3D('',#2935,#2445,#2446);
#1969=AXIS2_PLACEMENT_3D('',#2937,#2448,#2449);
#1970=AXIS2_PLACEMENT_3D('',#2939,#2451,#2452);
#1971=AXIS2_PLACEMENT_3D('',#2941,#2454,#2455);
#1972=AXIS2_PLACEMENT_3D('',#2943,#2457,#2458);
#1973=AXIS2_PLACEMENT_3D('',#2945,#2460,#2461);
#1974=AXIS2_PLACEMENT_3D('',#2947,#2463,#2464);
#1975=AXIS2_PLACEMENT_3D('',#2949,#2466,#2467);
#1976=AXIS2_PLACEMENT_3D('',#2951,#2469,#2470);
#1977=AXIS2_PLACEMENT_3D('',#2953,#2472,#2473);
#1978=AXIS2_PLACEMENT_3D('',#2955,#2475,#2476);
#1979=AXIS2_PLACEMENT_3D('',#2957,#2478,#2479);
#1980=AXIS2_PLACEMENT_3D('',#2959,#2481,#2482);
#1981=AXIS2_PLACEMENT_3D('',#2961,#2484,#2485);
#1982=AXIS2_PLACEMENT_3D('',#2963,#2487,#2488);
#1983=AXIS2_PLACEMENT_3D('',#2965,#2490,#2491);
#1984=AXIS2_PLACEMENT_3D('',#2967,#2493,#2494);
#1985=AXIS2_PLACEMENT_3D('',#2969,#2496,#2497);
#1986=AXIS2_PLACEMENT_3D('',#2971,#2499,#2500);
#1987=AXIS2_PLACEMENT_3D('',#2973,#2502,#2503);
#1988=AXIS2_PLACEMENT_3D('',#2975,#2505,#2506);
#1989=AXIS2_PLACEMENT_3D('',#2977,#2508,#2509);
#1990=AXIS2_PLACEMENT_3D('',#2979,#2511,#2512);
#1991=AXIS2_PLACEMENT_3D('',#2981,#2514,#2515);
#1992=AXIS2_PLACEMENT_3D('',#2983,#2517,#2518);
#1993=DIRECTION('axis',(0.,0.,1.));
#1994=DIRECTION('refdir',(1.,0.,0.));
#1995=DIRECTION('center_axis',(0.,1.,0.));
#1996=DIRECTION('ref_axis',(0.,0.,1.));
#1997=DIRECTION('center_axis',(0.,-1.,0.));
#1998=DIRECTION('ref_axis',(0.,0.,1.));
#1999=DIRECTION('',(-1.,0.,0.));
#2000=DIRECTION('center_axis',(0.,1.,0.));
#2001=DIRECTION('ref_axis',(0.,0.,1.));
#2002=DIRECTION('',(0.,0.,1.));
#2003=DIRECTION('',(0.707106781186587,0.,0.707106781186508));
#2004=DIRECTION('',(1.,0.,0.));
#2005=DIRECTION('',(0.707106781186528,0.,-0.707106781186567));
#2006=DIRECTION('',(0.,0.,-1.));
#2007=DIRECTION('',(-0.707106781186587,0.,-0.707106781186508));
#2008=DIRECTION('',(-1.,0.,0.));
#2009=DIRECTION('center_axis',(0.,1.,0.));
#2010=DIRECTION('ref_axis',(0.,0.,1.));
#2011=DIRECTION('',(0.,0.,1.));
#2012=DIRECTION('center_axis',(0.,1.,0.));
#2013=DIRECTION('ref_axis',(0.,0.,1.));
#2014=DIRECTION('center_axis',(0.,1.,0.));
#2015=DIRECTION('ref_axis',(0.,0.,1.));
#2016=DIRECTION('center_axis',(0.,1.,0.));
#2017=DIRECTION('ref_axis',(0.,0.,1.));
#2018=DIRECTION('center_axis',(0.,1.,0.));
#2019=DIRECTION('ref_axis',(0.,0.,1.));
#2020=DIRECTION('center_axis',(0.,1.,0.));
#2021=DIRECTION('ref_axis',(0.,0.,1.));
#2022=DIRECTION('center_axis',(0.,1.,0.));
#2023=DIRECTION('ref_axis',(0.,0.,1.));
#2024=DIRECTION('center_axis',(0.,1.,0.));
#2025=DIRECTION('ref_axis',(0.,0.,1.));
#2026=DIRECTION('center_axis',(0.,1.,0.));
#2027=DIRECTION('ref_axis',(0.,0.,1.));
#2028=DIRECTION('center_axis',(0.,1.,0.));
#2029=DIRECTION('ref_axis',(0.,0.,1.));
#2030=DIRECTION('center_axis',(0.,1.,0.));
#2031=DIRECTION('ref_axis',(0.,0.,1.));
#2032=DIRECTION('center_axis',(0.,1.,0.));
#2033=DIRECTION('ref_axis',(0.,0.,1.));
#2034=DIRECTION('center_axis',(0.,1.,0.));
#2035=DIRECTION('ref_axis',(0.,0.,1.));
#2036=DIRECTION('center_axis',(0.,1.,0.));
#2037=DIRECTION('ref_axis',(0.,0.,1.));
#2038=DIRECTION('center_axis',(0.,1.,0.));
#2039=DIRECTION('ref_axis',(0.,0.,1.));
#2040=DIRECTION('center_axis',(0.,1.,0.));
#2041=DIRECTION('ref_axis',(0.,0.,1.));
#2042=DIRECTION('center_axis',(0.,1.,0.));
#2043=DIRECTION('ref_axis',(0.,0.,1.));
#2044=DIRECTION('center_axis',(0.,1.,0.));
#2045=DIRECTION('ref_axis',(0.,0.,1.));
#2046=DIRECTION('center_axis',(0.,1.,0.));
#2047=DIRECTION('ref_axis',(0.,0.,1.));
#2048=DIRECTION('center_axis',(0.,1.,0.));
#2049=DIRECTION('ref_axis',(0.,0.,1.));
#2050=DIRECTION('center_axis',(0.,1.,0.));
#2051=DIRECTION('ref_axis',(0.,0.,1.));
#2052=DIRECTION('center_axis',(0.,1.,0.));
#2053=DIRECTION('ref_axis',(0.,0.,1.));
#2054=DIRECTION('center_axis',(0.,1.,0.));
#2055=DIRECTION('ref_axis',(0.,0.,1.));
#2056=DIRECTION('center_axis',(0.,1.,0.));
#2057=DIRECTION('ref_axis',(0.,0.,1.));
#2058=DIRECTION('center_axis',(0.,1.,0.));
#2059=DIRECTION('ref_axis',(0.,0.,1.));
#2060=DIRECTION('center_axis',(0.,1.,0.));
#2061=DIRECTION('ref_axis',(0.,0.,1.));
#2062=DIRECTION('center_axis',(0.,1.,0.));
#2063=DIRECTION('ref_axis',(0.,0.,1.));
#2064=DIRECTION('center_axis',(0.,1.,0.));
#2065=DIRECTION('ref_axis',(0.,0.,1.));
#2066=DIRECTION('center_axis',(0.,1.,0.));
#2067=DIRECTION('ref_axis',(0.,0.,1.));
#2068=DIRECTION('center_axis',(0.,1.,0.));
#2069=DIRECTION('ref_axis',(0.,0.,1.));
#2070=DIRECTION('center_axis',(0.,1.,0.));
#2071=DIRECTION('ref_axis',(0.,0.,1.));
#2072=DIRECTION('center_axis',(0.,1.,0.));
#2073=DIRECTION('ref_axis',(0.,0.,1.));
#2074=DIRECTION('center_axis',(0.,1.,0.));
#2075=DIRECTION('ref_axis',(0.,0.,1.));
#2076=DIRECTION('center_axis',(0.,1.,0.));
#2077=DIRECTION('ref_axis',(0.,0.,1.));
#2078=DIRECTION('center_axis',(0.,1.,0.));
#2079=DIRECTION('ref_axis',(0.,0.,1.));
#2080=DIRECTION('center_axis',(0.,1.,0.));
#2081=DIRECTION('ref_axis',(0.,0.,1.));
#2082=DIRECTION('center_axis',(0.,1.,0.));
#2083=DIRECTION('ref_axis',(0.,0.,1.));
#2084=DIRECTION('center_axis',(0.,1.,0.));
#2085=DIRECTION('ref_axis',(0.,0.,1.));
#2086=DIRECTION('center_axis',(0.,1.,0.));
#2087=DIRECTION('ref_axis',(0.,0.,1.));
#2088=DIRECTION('center_axis',(0.,1.,0.));
#2089=DIRECTION('ref_axis',(0.,0.,1.));
#2090=DIRECTION('center_axis',(0.,1.,0.));
#2091=DIRECTION('ref_axis',(0.,0.,1.));
#2092=DIRECTION('center_axis',(0.,1.,0.));
#2093=DIRECTION('ref_axis',(0.,0.,1.));
#2094=DIRECTION('center_axis',(0.,1.,0.));
#2095=DIRECTION('ref_axis',(0.,0.,1.));
#2096=DIRECTION('center_axis',(0.,1.,0.));
#2097=DIRECTION('ref_axis',(0.,0.,1.));
#2098=DIRECTION('center_axis',(0.,1.,0.));
#2099=DIRECTION('ref_axis',(0.,0.,1.));
#2100=DIRECTION('center_axis',(0.,1.,0.));
#2101=DIRECTION('ref_axis',(0.,0.,1.));
#2102=DIRECTION('center_axis',(0.,1.,0.));
#2103=DIRECTION('ref_axis',(0.,0.,1.));
#2104=DIRECTION('center_axis',(0.,1.,0.));
#2105=DIRECTION('ref_axis',(0.,0.,1.));
#2106=DIRECTION('center_axis',(0.,1.,0.));
#2107=DIRECTION('ref_axis',(0.,0.,1.));
#2108=DIRECTION('center_axis',(0.,1.,0.));
#2109=DIRECTION('ref_axis',(0.,0.,1.));
#2110=DIRECTION('center_axis',(0.,1.,0.));
#2111=DIRECTION('ref_axis',(0.,0.,1.));
#2112=DIRECTION('center_axis',(0.,1.,0.));
#2113=DIRECTION('ref_axis',(0.,0.,1.));
#2114=DIRECTION('center_axis',(0.,1.,0.));
#2115=DIRECTION('ref_axis',(0.,0.,1.));
#2116=DIRECTION('center_axis',(0.,1.,0.));
#2117=DIRECTION('ref_axis',(0.,0.,1.));
#2118=DIRECTION('center_axis',(0.,1.,0.));
#2119=DIRECTION('ref_axis',(0.,0.,1.));
#2120=DIRECTION('center_axis',(0.,1.,0.));
#2121=DIRECTION('ref_axis',(0.,0.,1.));
#2122=DIRECTION('center_axis',(0.,1.,0.));
#2123=DIRECTION('ref_axis',(0.,0.,1.));
#2124=DIRECTION('center_axis',(0.,1.,0.));
#2125=DIRECTION('ref_axis',(0.,0.,1.));
#2126=DIRECTION('center_axis',(0.,1.,0.));
#2127=DIRECTION('ref_axis',(0.,0.,1.));
#2128=DIRECTION('center_axis',(0.,1.,0.));
#2129=DIRECTION('ref_axis',(0.,0.,1.));
#2130=DIRECTION('center_axis',(0.,1.,0.));
#2131=DIRECTION('ref_axis',(0.,0.,1.));
#2132=DIRECTION('center_axis',(0.,1.,0.));
#2133=DIRECTION('ref_axis',(0.,0.,1.));
#2134=DIRECTION('center_axis',(0.,1.,0.));
#2135=DIRECTION('ref_axis',(0.,0.,1.));
#2136=DIRECTION('center_axis',(0.,1.,0.));
#2137=DIRECTION('ref_axis',(0.,0.,1.));
#2138=DIRECTION('center_axis',(0.,1.,0.));
#2139=DIRECTION('ref_axis',(0.,0.,1.));
#2140=DIRECTION('center_axis',(0.,1.,0.));
#2141=DIRECTION('ref_axis',(0.,0.,1.));
#2142=DIRECTION('center_axis',(0.,1.,0.));
#2143=DIRECTION('ref_axis',(0.,0.,1.));
#2144=DIRECTION('center_axis',(0.,-1.,0.));
#2145=DIRECTION('ref_axis',(0.,0.,1.));
#2146=DIRECTION('',(0.,0.,1.));
#2147=DIRECTION('center_axis',(0.,1.,0.));
#2148=DIRECTION('ref_axis',(0.,0.,1.));
#2149=DIRECTION('',(-1.,0.,0.));
#2150=DIRECTION('',(-0.707106781186587,0.,-0.707106781186508));
#2151=DIRECTION('',(0.,0.,-1.));
#2152=DIRECTION('',(0.707106781186528,0.,-0.707106781186567));
#2153=DIRECTION('',(1.,0.,0.));
#2154=DIRECTION('',(0.707106781186587,0.,0.707106781186508));
#2155=DIRECTION('',(0.,0.,1.));
#2156=DIRECTION('center_axis',(0.,1.,0.));
#2157=DIRECTION('ref_axis',(0.,0.,1.));
#2158=DIRECTION('',(-1.,0.,0.));
#2159=DIRECTION('center_axis',(0.,1.,0.));
#2160=DIRECTION('ref_axis',(0.,0.,1.));
#2161=DIRECTION('center_axis',(0.,1.,0.));
#2162=DIRECTION('ref_axis',(0.,0.,1.));
#2163=DIRECTION('center_axis',(0.,1.,0.));
#2164=DIRECTION('ref_axis',(0.,0.,1.));
#2165=DIRECTION('center_axis',(0.,1.,0.));
#2166=DIRECTION('ref_axis',(0.,0.,1.));
#2167=DIRECTION('center_axis',(0.,1.,0.));
#2168=DIRECTION('ref_axis',(0.,0.,1.));
#2169=DIRECTION('center_axis',(0.,1.,0.));
#2170=DIRECTION('ref_axis',(0.,0.,1.));
#2171=DIRECTION('center_axis',(0.,1.,0.));
#2172=DIRECTION('ref_axis',(0.,0.,1.));
#2173=DIRECTION('center_axis',(0.,1.,0.));
#2174=DIRECTION('ref_axis',(0.,0.,1.));
#2175=DIRECTION('center_axis',(0.,1.,0.));
#2176=DIRECTION('ref_axis',(0.,0.,1.));
#2177=DIRECTION('center_axis',(0.,1.,0.));
#2178=DIRECTION('ref_axis',(0.,0.,1.));
#2179=DIRECTION('center_axis',(0.,1.,0.));
#2180=DIRECTION('ref_axis',(0.,0.,1.));
#2181=DIRECTION('center_axis',(0.,1.,0.));
#2182=DIRECTION('ref_axis',(0.,0.,1.));
#2183=DIRECTION('center_axis',(0.,1.,0.));
#2184=DIRECTION('ref_axis',(0.,0.,1.));
#2185=DIRECTION('center_axis',(0.,1.,0.));
#2186=DIRECTION('ref_axis',(0.,0.,1.));
#2187=DIRECTION('center_axis',(0.,1.,0.));
#2188=DIRECTION('ref_axis',(0.,0.,1.));
#2189=DIRECTION('center_axis',(0.,1.,0.));
#2190=DIRECTION('ref_axis',(0.,0.,1.));
#2191=DIRECTION('center_axis',(0.,1.,0.));
#2192=DIRECTION('ref_axis',(0.,0.,1.));
#2193=DIRECTION('center_axis',(0.,1.,0.));
#2194=DIRECTION('ref_axis',(0.,0.,1.));
#2195=DIRECTION('center_axis',(0.,1.,0.));
#2196=DIRECTION('ref_axis',(0.,0.,1.));
#2197=DIRECTION('center_axis',(0.,1.,0.));
#2198=DIRECTION('ref_axis',(0.,0.,1.));
#2199=DIRECTION('center_axis',(0.,1.,0.));
#2200=DIRECTION('ref_axis',(0.,0.,1.));
#2201=DIRECTION('center_axis',(0.,1.,0.));
#2202=DIRECTION('ref_axis',(0.,0.,1.));
#2203=DIRECTION('center_axis',(0.,1.,0.));
#2204=DIRECTION('ref_axis',(0.,0.,1.));
#2205=DIRECTION('center_axis',(0.,1.,0.));
#2206=DIRECTION('ref_axis',(0.,0.,1.));
#2207=DIRECTION('center_axis',(0.,1.,0.));
#2208=DIRECTION('ref_axis',(0.,0.,1.));
#2209=DIRECTION('center_axis',(0.,1.,0.));
#2210=DIRECTION('ref_axis',(0.,0.,1.));
#2211=DIRECTION('center_axis',(0.,1.,0.));
#2212=DIRECTION('ref_axis',(0.,0.,1.));
#2213=DIRECTION('center_axis',(0.,1.,0.));
#2214=DIRECTION('ref_axis',(0.,0.,1.));
#2215=DIRECTION('center_axis',(0.,1.,0.));
#2216=DIRECTION('ref_axis',(0.,0.,1.));
#2217=DIRECTION('center_axis',(0.,1.,0.));
#2218=DIRECTION('ref_axis',(0.,0.,1.));
#2219=DIRECTION('center_axis',(0.,1.,0.));
#2220=DIRECTION('ref_axis',(0.,0.,1.));
#2221=DIRECTION('center_axis',(0.,1.,0.));
#2222=DIRECTION('ref_axis',(0.,0.,1.));
#2223=DIRECTION('center_axis',(0.,1.,0.));
#2224=DIRECTION('ref_axis',(0.,0.,1.));
#2225=DIRECTION('center_axis',(0.,1.,0.));
#2226=DIRECTION('ref_axis',(0.,0.,1.));
#2227=DIRECTION('center_axis',(0.,1.,0.));
#2228=DIRECTION('ref_axis',(0.,0.,1.));
#2229=DIRECTION('center_axis',(0.,1.,0.));
#2230=DIRECTION('ref_axis',(0.,0.,1.));
#2231=DIRECTION('center_axis',(0.,1.,0.));
#2232=DIRECTION('ref_axis',(0.,0.,1.));
#2233=DIRECTION('center_axis',(0.,1.,0.));
#2234=DIRECTION('ref_axis',(0.,0.,1.));
#2235=DIRECTION('center_axis',(0.,1.,0.));
#2236=DIRECTION('ref_axis',(0.,0.,1.));
#2237=DIRECTION('center_axis',(0.,1.,0.));
#2238=DIRECTION('ref_axis',(0.,0.,1.));
#2239=DIRECTION('center_axis',(0.,1.,0.));
#2240=DIRECTION('ref_axis',(0.,0.,1.));
#2241=DIRECTION('center_axis',(0.,1.,0.));
#2242=DIRECTION('ref_axis',(0.,0.,1.));
#2243=DIRECTION('center_axis',(0.,1.,0.));
#2244=DIRECTION('ref_axis',(0.,0.,1.));
#2245=DIRECTION('center_axis',(0.,1.,0.));
#2246=DIRECTION('ref_axis',(0.,0.,1.));
#2247=DIRECTION('center_axis',(0.,1.,0.));
#2248=DIRECTION('ref_axis',(0.,0.,1.));
#2249=DIRECTION('center_axis',(0.,1.,0.));
#2250=DIRECTION('ref_axis',(0.,0.,1.));
#2251=DIRECTION('center_axis',(0.,1.,0.));
#2252=DIRECTION('ref_axis',(0.,0.,1.));
#2253=DIRECTION('center_axis',(0.,1.,0.));
#2254=DIRECTION('ref_axis',(0.,0.,1.));
#2255=DIRECTION('center_axis',(0.,1.,0.));
#2256=DIRECTION('ref_axis',(0.,0.,1.));
#2257=DIRECTION('center_axis',(0.,1.,0.));
#2258=DIRECTION('ref_axis',(0.,0.,1.));
#2259=DIRECTION('center_axis',(0.,1.,0.));
#2260=DIRECTION('ref_axis',(0.,0.,1.));
#2261=DIRECTION('center_axis',(0.,1.,0.));
#2262=DIRECTION('ref_axis',(0.,0.,1.));
#2263=DIRECTION('center_axis',(0.,1.,0.));
#2264=DIRECTION('ref_axis',(0.,0.,1.));
#2265=DIRECTION('center_axis',(0.,1.,0.));
#2266=DIRECTION('ref_axis',(0.,0.,1.));
#2267=DIRECTION('center_axis',(0.,1.,0.));
#2268=DIRECTION('ref_axis',(0.,0.,1.));
#2269=DIRECTION('center_axis',(0.,1.,0.));
#2270=DIRECTION('ref_axis',(0.,0.,1.));
#2271=DIRECTION('center_axis',(0.,1.,0.));
#2272=DIRECTION('ref_axis',(0.,0.,1.));
#2273=DIRECTION('center_axis',(0.,1.,0.));
#2274=DIRECTION('ref_axis',(0.,0.,1.));
#2275=DIRECTION('center_axis',(0.,1.,0.));
#2276=DIRECTION('ref_axis',(0.,0.,1.));
#2277=DIRECTION('center_axis',(0.,1.,0.));
#2278=DIRECTION('ref_axis',(0.,0.,1.));
#2279=DIRECTION('center_axis',(0.,1.,0.));
#2280=DIRECTION('ref_axis',(0.,0.,1.));
#2281=DIRECTION('center_axis',(0.,1.,0.));
#2282=DIRECTION('ref_axis',(0.,0.,1.));
#2283=DIRECTION('center_axis',(0.,1.,0.));
#2284=DIRECTION('ref_axis',(0.,0.,1.));
#2285=DIRECTION('center_axis',(0.,1.,0.));
#2286=DIRECTION('ref_axis',(0.,0.,1.));
#2287=DIRECTION('center_axis',(0.,1.,0.));
#2288=DIRECTION('ref_axis',(0.,0.,1.));
#2289=DIRECTION('center_axis',(0.,-1.,0.));
#2290=DIRECTION('ref_axis',(0.707106781186646,0.,0.707106781186449));
#2291=DIRECTION('',(0.,-1.,0.));
#2292=DIRECTION('',(0.,-1.,0.));
#2293=DIRECTION('center_axis',(0.,0.,1.));
#2294=DIRECTION('ref_axis',(1.,0.,0.));
#2295=DIRECTION('',(0.,-1.,0.));
#2296=DIRECTION('center_axis',(0.,-1.,0.));
#2297=DIRECTION('ref_axis',(0.,0.,-1.));
#2298=DIRECTION('',(0.,-1.,0.));
#2299=DIRECTION('center_axis',(1.,0.,0.));
#2300=DIRECTION('ref_axis',(0.,0.,-1.));
#2301=DIRECTION('',(0.,-1.,0.));
#2302=DIRECTION('center_axis',(0.707106781186508,0.,-0.707106781186587));
#2303=DIRECTION('ref_axis',(-0.707106781186587,0.,-0.707106781186508));
#2304=DIRECTION('',(0.,-1.,0.));
#2305=DIRECTION('center_axis',(0.,0.,-1.));
#2306=DIRECTION('ref_axis',(-1.,0.,0.));
#2307=DIRECTION('',(0.,-1.,0.));
#2308=DIRECTION('center_axis',(-0.707106781186567,0.,-0.707106781186528));
#2309=DIRECTION('ref_axis',(-0.707106781186528,0.,0.707106781186567));
#2310=DIRECTION('',(0.,-1.,0.));
#2311=DIRECTION('center_axis',(-1.,0.,0.));
#2312=DIRECTION('ref_axis',(0.,0.,1.));
#2313=DIRECTION('',(0.,-1.,0.));
#2314=DIRECTION('center_axis',(-0.707106781186508,0.,0.707106781186587));
#2315=DIRECTION('ref_axis',(0.707106781186587,0.,0.707106781186508));
#2316=DIRECTION('',(0.,-1.,0.));
#2317=DIRECTION('center_axis',(0.,0.,1.));
#2318=DIRECTION('ref_axis',(1.,0.,0.));
#2319=DIRECTION('',(0.,-1.,0.));
#2320=DIRECTION('center_axis',(0.,-1.,0.));
#2321=DIRECTION('ref_axis',(0.,0.,-1.));
#2322=DIRECTION('',(0.,-1.,0.));
#2323=DIRECTION('center_axis',(1.,0.,0.));
#2324=DIRECTION('ref_axis',(0.,0.,-1.));
#2325=DIRECTION('center_axis',(0.,-1.,0.));
#2326=DIRECTION('ref_axis',(0.,0.,-1.));
#2327=DIRECTION('',(0.,-1.,0.));
#2328=DIRECTION('center_axis',(0.,-1.,0.));
#2329=DIRECTION('ref_axis',(0.,0.,-1.));
#2330=DIRECTION('',(0.,-1.,0.));
#2331=DIRECTION('center_axis',(0.,-1.,0.));
#2332=DIRECTION('ref_axis',(0.,0.,-1.));
#2333=DIRECTION('',(0.,-1.,0.));
#2334=DIRECTION('center_axis',(0.,-1.,0.));
#2335=DIRECTION('ref_axis',(0.,0.,-1.));
#2336=DIRECTION('',(0.,-1.,0.));
#2337=DIRECTION('center_axis',(0.,-1.,0.));
#2338=DIRECTION('ref_axis',(0.,0.,-1.));
#2339=DIRECTION('',(0.,-1.,0.));
#2340=DIRECTION('center_axis',(0.,-1.,0.));
#2341=DIRECTION('ref_axis',(0.,0.,-1.));
#2342=DIRECTION('',(0.,-1.,0.));
#2343=DIRECTION('center_axis',(0.,-1.,0.));
#2344=DIRECTION('ref_axis',(0.,0.,-1.));
#2345=DIRECTION('',(0.,-1.,0.));
#2346=DIRECTION('center_axis',(0.,-1.,0.));
#2347=DIRECTION('ref_axis',(0.,0.,-1.));
#2348=DIRECTION('',(0.,-1.,0.));
#2349=DIRECTION('center_axis',(0.,-1.,0.));
#2350=DIRECTION('ref_axis',(0.,0.,-1.));
#2351=DIRECTION('',(0.,-1.,0.));
#2352=DIRECTION('center_axis',(0.,-1.,0.));
#2353=DIRECTION('ref_axis',(0.,0.,-1.));
#2354=DIRECTION('',(0.,-1.,0.));
#2355=DIRECTION('center_axis',(0.,-1.,0.));
#2356=DIRECTION('ref_axis',(0.,0.,-1.));
#2357=DIRECTION('',(0.,-1.,0.));
#2358=DIRECTION('center_axis',(0.,-1.,0.));
#2359=DIRECTION('ref_axis',(0.,0.,-1.));
#2360=DIRECTION('',(0.,-1.,0.));
#2361=DIRECTION('center_axis',(0.,-1.,0.));
#2362=DIRECTION('ref_axis',(0.,0.,-1.));
#2363=DIRECTION('',(0.,-1.,0.));
#2364=DIRECTION('center_axis',(0.,-1.,0.));
#2365=DIRECTION('ref_axis',(0.,0.,-1.));
#2366=DIRECTION('',(0.,-1.,0.));
#2367=DIRECTION('center_axis',(0.,-1.,0.));
#2368=DIRECTION('ref_axis',(0.,0.,-1.));
#2369=DIRECTION('',(0.,-1.,0.));
#2370=DIRECTION('center_axis',(0.,-1.,0.));
#2371=DIRECTION('ref_axis',(0.,0.,-1.));
#2372=DIRECTION('',(0.,-1.,0.));
#2373=DIRECTION('center_axis',(0.,-1.,0.));
#2374=DIRECTION('ref_axis',(0.,0.,-1.));
#2375=DIRECTION('',(0.,-1.,0.));
#2376=DIRECTION('center_axis',(0.,-1.,0.));
#2377=DIRECTION('ref_axis',(0.,0.,-1.));
#2378=DIRECTION('',(0.,-1.,0.));
#2379=DIRECTION('center_axis',(0.,-1.,0.));
#2380=DIRECTION('ref_axis',(0.,0.,-1.));
#2381=DIRECTION('',(0.,-1.,0.));
#2382=DIRECTION('center_axis',(0.,-1.,0.));
#2383=DIRECTION('ref_axis',(0.,0.,-1.));
#2384=DIRECTION('',(0.,-1.,0.));
#2385=DIRECTION('center_axis',(0.,-1.,0.));
#2386=DIRECTION('ref_axis',(0.,0.,-1.));
#2387=DIRECTION('',(0.,-1.,0.));
#2388=DIRECTION('center_axis',(0.,-1.,0.));
#2389=DIRECTION('ref_axis',(0.,0.,-1.));
#2390=DIRECTION('',(0.,-1.,0.));
#2391=DIRECTION('center_axis',(0.,-1.,0.));
#2392=DIRECTION('ref_axis',(0.,0.,-1.));
#2393=DIRECTION('',(0.,-1.,0.));
#2394=DIRECTION('center_axis',(0.,-1.,0.));
#2395=DIRECTION('ref_axis',(0.,0.,-1.));
#2396=DIRECTION('',(0.,-1.,0.));
#2397=DIRECTION('center_axis',(0.,-1.,0.));
#2398=DIRECTION('ref_axis',(0.,0.,-1.));
#2399=DIRECTION('',(0.,-1.,0.));
#2400=DIRECTION('center_axis',(0.,-1.,0.));
#2401=DIRECTION('ref_axis',(0.,0.,-1.));
#2402=DIRECTION('',(0.,-1.,0.));
#2403=DIRECTION('center_axis',(0.,-1.,0.));
#2404=DIRECTION('ref_axis',(0.,0.,-1.));
#2405=DIRECTION('',(0.,-1.,0.));
#2406=DIRECTION('center_axis',(0.,-1.,0.));
#2407=DIRECTION('ref_axis',(0.,0.,-1.));
#2408=DIRECTION('',(0.,-1.,0.));
#2409=DIRECTION('center_axis',(0.,-1.,0.));
#2410=DIRECTION('ref_axis',(0.,0.,-1.));
#2411=DIRECTION('',(0.,-1.,0.));
#2412=DIRECTION('center_axis',(0.,-1.,0.));
#2413=DIRECTION('ref_axis',(0.,0.,-1.));
#2414=DIRECTION('',(0.,-1.,0.));
#2415=DIRECTION('center_axis',(0.,-1.,0.));
#2416=DIRECTION('ref_axis',(0.,0.,-1.));
#2417=DIRECTION('',(0.,-1.,0.));
#2418=DIRECTION('center_axis',(0.,-1.,0.));
#2419=DIRECTION('ref_axis',(0.,0.,-1.));
#2420=DIRECTION('',(0.,-1.,0.));
#2421=DIRECTION('center_axis',(0.,-1.,0.));
#2422=DIRECTION('ref_axis',(0.,0.,-1.));
#2423=DIRECTION('',(0.,-1.,0.));
#2424=DIRECTION('center_axis',(0.,-1.,0.));
#2425=DIRECTION('ref_axis',(0.,0.,-1.));
#2426=DIRECTION('',(0.,-1.,0.));
#2427=DIRECTION('center_axis',(0.,-1.,0.));
#2428=DIRECTION('ref_axis',(0.,0.,-1.));
#2429=DIRECTION('',(0.,-1.,0.));
#2430=DIRECTION('center_axis',(0.,-1.,0.));
#2431=DIRECTION('ref_axis',(0.,0.,-1.));
#2432=DIRECTION('',(0.,-1.,0.));
#2433=DIRECTION('center_axis',(0.,-1.,0.));
#2434=DIRECTION('ref_axis',(0.,0.,-1.));
#2435=DIRECTION('',(0.,-1.,0.));
#2436=DIRECTION('center_axis',(0.,-1.,0.));
#2437=DIRECTION('ref_axis',(0.,0.,-1.));
#2438=DIRECTION('',(0.,-1.,0.));
#2439=DIRECTION('center_axis',(0.,-1.,0.));
#2440=DIRECTION('ref_axis',(0.,0.,-1.));
#2441=DIRECTION('',(0.,-1.,0.));
#2442=DIRECTION('center_axis',(0.,-1.,0.));
#2443=DIRECTION('ref_axis',(0.,0.,-1.));
#2444=DIRECTION('',(0.,-1.,0.));
#2445=DIRECTION('center_axis',(0.,-1.,0.));
#2446=DIRECTION('ref_axis',(0.,0.,-1.));
#2447=DIRECTION('',(0.,-1.,0.));
#2448=DIRECTION('center_axis',(0.,-1.,0.));
#2449=DIRECTION('ref_axis',(0.,0.,-1.));
#2450=DIRECTION('',(0.,-1.,0.));
#2451=DIRECTION('center_axis',(0.,-1.,0.));
#2452=DIRECTION('ref_axis',(0.,0.,-1.));
#2453=DIRECTION('',(0.,-1.,0.));
#2454=DIRECTION('center_axis',(0.,-1.,0.));
#2455=DIRECTION('ref_axis',(0.,0.,-1.));
#2456=DIRECTION('',(0.,-1.,0.));
#2457=DIRECTION('center_axis',(0.,-1.,0.));
#2458=DIRECTION('ref_axis',(0.,0.,-1.));
#2459=DIRECTION('',(0.,-1.,0.));
#2460=DIRECTION('center_axis',(0.,-1.,0.));
#2461=DIRECTION('ref_axis',(0.,0.,-1.));
#2462=DIRECTION('',(0.,-1.,0.));
#2463=DIRECTION('center_axis',(0.,-1.,0.));
#2464=DIRECTION('ref_axis',(0.,0.,-1.));
#2465=DIRECTION('',(0.,-1.,0.));
#2466=DIRECTION('center_axis',(0.,-1.,0.));
#2467=DIRECTION('ref_axis',(0.,0.,-1.));
#2468=DIRECTION('',(0.,-1.,0.));
#2469=DIRECTION('center_axis',(0.,-1.,0.));
#2470=DIRECTION('ref_axis',(0.,0.,-1.));
#2471=DIRECTION('',(0.,-1.,0.));
#2472=DIRECTION('center_axis',(0.,-1.,0.));
#2473=DIRECTION('ref_axis',(0.,0.,-1.));
#2474=DIRECTION('',(0.,-1.,0.));
#2475=DIRECTION('center_axis',(0.,-1.,0.));
#2476=DIRECTION('ref_axis',(0.,0.,-1.));
#2477=DIRECTION('',(0.,-1.,0.));
#2478=DIRECTION('center_axis',(0.,-1.,0.));
#2479=DIRECTION('ref_axis',(0.,0.,-1.));
#2480=DIRECTION('',(0.,-1.,0.));
#2481=DIRECTION('center_axis',(0.,-1.,0.));
#2482=DIRECTION('ref_axis',(0.,0.,-1.));
#2483=DIRECTION('',(0.,-1.,0.));
#2484=DIRECTION('center_axis',(0.,-1.,0.));
#2485=DIRECTION('ref_axis',(0.,0.,-1.));
#2486=DIRECTION('',(0.,-1.,0.));
#2487=DIRECTION('center_axis',(0.,-1.,0.));
#2488=DIRECTION('ref_axis',(0.,0.,-1.));
#2489=DIRECTION('',(0.,-1.,0.));
#2490=DIRECTION('center_axis',(0.,-1.,0.));
#2491=DIRECTION('ref_axis',(0.,0.,-1.));
#2492=DIRECTION('',(0.,-1.,0.));
#2493=DIRECTION('center_axis',(0.,-1.,0.));
#2494=DIRECTION('ref_axis',(0.,0.,-1.));
#2495=DIRECTION('',(0.,-1.,0.));
#2496=DIRECTION('center_axis',(0.,-1.,0.));
#2497=DIRECTION('ref_axis',(0.,0.,-1.));
#2498=DIRECTION('',(0.,-1.,0.));
#2499=DIRECTION('center_axis',(0.,-1.,0.));
#2500=DIRECTION('ref_axis',(0.,0.,-1.));
#2501=DIRECTION('',(0.,-1.,0.));
#2502=DIRECTION('center_axis',(0.,-1.,0.));
#2503=DIRECTION('ref_axis',(0.,0.,-1.));
#2504=DIRECTION('',(0.,-1.,0.));
#2505=DIRECTION('center_axis',(0.,-1.,0.));
#2506=DIRECTION('ref_axis',(0.,0.,-1.));
#2507=DIRECTION('',(0.,-1.,0.));
#2508=DIRECTION('center_axis',(0.,-1.,0.));
#2509=DIRECTION('ref_axis',(0.,0.,-1.));
#2510=DIRECTION('',(0.,-1.,0.));
#2511=DIRECTION('center_axis',(0.,-1.,0.));
#2512=DIRECTION('ref_axis',(0.,0.,-1.));
#2513=DIRECTION('',(0.,-1.,0.));
#2514=DIRECTION('center_axis',(0.,-1.,0.));
#2515=DIRECTION('ref_axis',(0.,0.,-1.));
#2516=DIRECTION('',(0.,-1.,0.));
#2517=DIRECTION('center_axis',(0.,-1.,0.));
#2518=DIRECTION('ref_axis',(0.,0.,-1.));
#2519=DIRECTION('',(0.,-1.,0.));
#2520=CARTESIAN_POINT('',(0.,0.,0.));
#2521=CARTESIAN_POINT('Origin',(-133.57102770712,15.,-89.8879199442678));
#2522=CARTESIAN_POINT('',(-130.884021938612,15.,-91.2220863506807));
#2523=CARTESIAN_POINT('',(-134.905194113532,15.,-87.2009141757588));
#2524=CARTESIAN_POINT('Origin',(-133.57102770712,15.,-89.8879199442678));
#2525=CARTESIAN_POINT('',(-153.184021938612,15.,-87.2009141757588));
#2526=CARTESIAN_POINT('',(-134.905194113532,15.,-87.2009141757588));
#2527=CARTESIAN_POINT('',(-153.384021938612,15.,-87.0009141757588));
#2528=CARTESIAN_POINT('Origin',(-153.184021938612,15.,-87.0009141757588));
#2529=CARTESIAN_POINT('',(-153.384021938612,15.,111.299085824241));
#2530=CARTESIAN_POINT('',(-153.384021938612,15.,-87.0009141757588));
#2531=CARTESIAN_POINT('',(-152.384021938611,15.,112.299085824241));
#2532=CARTESIAN_POINT('',(-153.384021938612,15.,111.299085824241));
#2533=CARTESIAN_POINT('',(151.615978061388,15.,112.299085824241));
#2534=CARTESIAN_POINT('',(-152.384021938611,15.,112.299085824241));
#2535=CARTESIAN_POINT('',(152.615978061388,15.,111.299085824241));
#2536=CARTESIAN_POINT('',(151.615978061388,15.,112.299085824241));
#2537=CARTESIAN_POINT('',(152.615978061388,15.,-108.700914175759));
#2538=CARTESIAN_POINT('',(152.615978061388,15.,111.299085824241));
#2539=CARTESIAN_POINT('',(151.615978061388,15.,-109.700914175759));
#2540=CARTESIAN_POINT('',(152.615978061388,15.,-108.700914175759));
#2541=CARTESIAN_POINT('',(-130.684021938612,15.,-109.700914175759));
#2542=CARTESIAN_POINT('',(151.615978061388,15.,-109.700914175759));
#2543=CARTESIAN_POINT('',(-130.884021938612,15.,-109.500914175759));
#2544=CARTESIAN_POINT('Origin',(-130.684021938612,15.,-109.500914175759));
#2545=CARTESIAN_POINT('',(-130.884021938612,15.,-109.500914175759));
#2546=CARTESIAN_POINT('',(5.11597806138497,15.,104.79908582424));
#2547=CARTESIAN_POINT('Origin',(5.11597806138497,15.,101.79908582424));
#2548=CARTESIAN_POINT('',(-129.88402193862,15.,11.0490858242431));
#2549=CARTESIAN_POINT('Origin',(-129.88402193862,15.,8.0490858242432));
#2550=CARTESIAN_POINT('',(5.11597806138497,15.,11.0490858242431));
#2551=CARTESIAN_POINT('Origin',(5.11597806138497,15.,8.0490858242432));
#2552=CARTESIAN_POINT('',(142.115978061386,15.,8.69311534266818));
#2553=CARTESIAN_POINT('Origin',(142.115978061386,15.,5.69311534266813));
#2554=CARTESIAN_POINT('',(145.11597806113,15.,19.2990858245097));
#2555=CARTESIAN_POINT('Origin',(145.11597806113,15.,16.2990858245097));
#2556=CARTESIAN_POINT('',(-31.8840219388703,15.,62.7990858245786));
#2557=CARTESIAN_POINT('Origin',(-31.8840219388703,15.,59.7990858245786));
#2558=CARTESIAN_POINT('',(-142.38402193862,15.,19.2990858245097));
#2559=CARTESIAN_POINT('Origin',(-142.38402193862,15.,16.2990858245097));
#2560=CARTESIAN_POINT('',(34.1159780611298,15.,62.7990858245789));
#2561=CARTESIAN_POINT('Origin',(34.1159780611298,15.,59.799085824579));
#2562=CARTESIAN_POINT('',(-20.8840219388702,15.,62.7990858245792));
#2563=CARTESIAN_POINT('Origin',(-20.8840219388702,15.,59.799085824579));
#2564=CARTESIAN_POINT('',(67.6159780611296,15.,107.79908582451));
#2565=CARTESIAN_POINT('Origin',(67.6159780611296,15.,104.79908582451));
#2566=CARTESIAN_POINT('',(122.61597806113,15.,107.79908582451));
#2567=CARTESIAN_POINT('Origin',(122.61597806113,15.,104.79908582451));
#2568=CARTESIAN_POINT('',(145.11597806113,15.,30.2990858245098));
#2569=CARTESIAN_POINT('Origin',(145.11597806113,15.,27.2990858245098));
#2570=CARTESIAN_POINT('',(107.61597806138,15.,-4.70091417575285));
#2571=CARTESIAN_POINT('Origin',(107.61597806138,15.,-7.7009141757529));
#2572=CARTESIAN_POINT('',(-142.384021938621,15.,85.2990858242469));
#2573=CARTESIAN_POINT('Origin',(-142.384021938621,15.,82.2990858242468));
#2574=CARTESIAN_POINT('',(-62.3840219386203,15.,-49.7009141757531));
#2575=CARTESIAN_POINT('Origin',(-62.3840219386203,15.,-52.7009141757532));
#2576=CARTESIAN_POINT('',(27.6159780613798,15.,-49.7009141757531));
#2577=CARTESIAN_POINT('Origin',(27.6159780613798,15.,-52.7009141757532));
#2578=CARTESIAN_POINT('',(142.115978061386,15.,-49.700914175753));
#2579=CARTESIAN_POINT('Origin',(142.115978061386,15.,-52.7009141757531));
#2580=CARTESIAN_POINT('',(-62.384021938616,15.,104.79908582424));
#2581=CARTESIAN_POINT('Origin',(-62.384021938616,15.,101.79908582424));
#2582=CARTESIAN_POINT('',(-107.384021938621,15.,85.2990858242469));
#2583=CARTESIAN_POINT('Origin',(-107.384021938621,15.,82.2990858242468));
#2584=CARTESIAN_POINT('',(27.6159780613796,15.,40.299085824247));
#2585=CARTESIAN_POINT('Origin',(27.6159780613796,15.,37.2990858242468));
#2586=CARTESIAN_POINT('',(-62.3840219386207,15.,85.2990858242469));
#2587=CARTESIAN_POINT('Origin',(-62.3840219386207,15.,82.2990858242468));
#2588=CARTESIAN_POINT('',(27.6159780613794,15.,85.2990858242469));
#2589=CARTESIAN_POINT('Origin',(27.6159780613794,15.,82.2990858242468));
#2590=CARTESIAN_POINT('',(-17.3840219386203,15.,-4.70091417575304));
#2591=CARTESIAN_POINT('Origin',(-17.3840219386203,15.,-7.70091417575321));
#2592=CARTESIAN_POINT('',(-107.38402193862,15.,-4.70091417575304));
#2593=CARTESIAN_POINT('Origin',(-107.38402193862,15.,-7.70091417575321));
#2594=CARTESIAN_POINT('',(27.6159780613796,15.,-4.70091417575304));
#2595=CARTESIAN_POINT('Origin',(27.6159780613796,15.,-7.70091417575321));
#2596=CARTESIAN_POINT('',(-107.38402193862,15.,40.299085824247));
#2597=CARTESIAN_POINT('Origin',(-107.38402193862,15.,37.2990858242468));
#2598=CARTESIAN_POINT('',(-142.38402193862,15.,40.299085824247));
#2599=CARTESIAN_POINT('Origin',(-142.38402193862,15.,37.2990858242468));
#2600=CARTESIAN_POINT('',(-142.384021938616,15.,104.79908582424));
#2601=CARTESIAN_POINT('Origin',(-142.384021938616,15.,101.79908582424));
#2602=CARTESIAN_POINT('',(-129.88402193862,15.,-69.7009141757515));
#2603=CARTESIAN_POINT('Origin',(-129.88402193862,15.,-72.7009141757515));
#2604=CARTESIAN_POINT('',(-120.384021938603,15.,-95.7009141757593));
#2605=CARTESIAN_POINT('Origin',(-120.384021938603,15.,-98.7009141757595));
#2606=CARTESIAN_POINT('',(-32.3840219386025,15.,-95.7009141757593));
#2607=CARTESIAN_POINT('Origin',(-32.3840219386025,15.,-98.7009141757595));
#2608=CARTESIAN_POINT('',(55.6159780613976,15.,-95.7009141757593));
#2609=CARTESIAN_POINT('Origin',(55.6159780613976,15.,-98.7009141757595));
#2610=CARTESIAN_POINT('',(107.615978061129,15.,62.7990858245786));
#2611=CARTESIAN_POINT('Origin',(107.615978061129,15.,59.7990858245787));
#2612=CARTESIAN_POINT('',(99.6159780613976,15.,-95.7009141757594));
#2613=CARTESIAN_POINT('Origin',(99.6159780613976,15.,-98.7009141757595));
#2614=CARTESIAN_POINT('',(11.6159780613976,15.,-95.7009141757593));
#2615=CARTESIAN_POINT('Origin',(11.6159780613976,15.,-98.7009141757595));
#2616=CARTESIAN_POINT('',(-76.3840219386025,15.,-95.7009141757593));
#2617=CARTESIAN_POINT('Origin',(-76.3840219386025,15.,-98.7009141757595));
#2618=CARTESIAN_POINT('',(143.615978061398,15.,-95.7009141757594));
#2619=CARTESIAN_POINT('Origin',(143.615978061398,15.,-98.7009141757594));
#2620=CARTESIAN_POINT('',(72.6159780613794,15.,85.2990858242468));
#2621=CARTESIAN_POINT('Origin',(72.6159780613794,15.,82.2990858242468));
#2622=CARTESIAN_POINT('',(-142.38402193862,15.,-4.70091417575304));
#2623=CARTESIAN_POINT('Origin',(-142.38402193862,15.,-7.70091417575321));
#2624=CARTESIAN_POINT('',(-62.3840219386205,15.,40.299085824247));
#2625=CARTESIAN_POINT('Origin',(-62.3840219386205,15.,37.2990858242468));
#2626=CARTESIAN_POINT('',(72.6159780613798,15.,-4.70091417575316));
#2627=CARTESIAN_POINT('Origin',(72.6159780613798,15.,-7.70091417575321));
#2628=CARTESIAN_POINT('',(72.6159780613799,15.,-49.7009141757532));
#2629=CARTESIAN_POINT('Origin',(72.6159780613799,15.,-52.7009141757532));
#2630=CARTESIAN_POINT('',(-62.3840219386205,15.,-4.70091417575304));
#2631=CARTESIAN_POINT('Origin',(-62.3840219386205,15.,-7.70091417575321));
#2632=CARTESIAN_POINT('',(27.615978061384,15.,104.79908582424));
#2633=CARTESIAN_POINT('Origin',(27.615978061384,15.,101.79908582424));
#2634=CARTESIAN_POINT('',(-17.3840219386205,15.,85.2990858242469));
#2635=CARTESIAN_POINT('Origin',(-17.3840219386205,15.,82.2990858242468));
#2636=CARTESIAN_POINT('',(-17.3840219386203,15.,40.299085824247));
#2637=CARTESIAN_POINT('Origin',(-17.3840219386203,15.,37.2990858242468));
#2638=CARTESIAN_POINT('',(72.6159780613795,15.,40.2990858242468));
#2639=CARTESIAN_POINT('Origin',(72.6159780613795,15.,37.2990858242468));
#2640=CARTESIAN_POINT('',(-17.3840219386159,15.,104.79908582424));
#2641=CARTESIAN_POINT('Origin',(-17.3840219386159,15.,101.79908582424));
#2642=CARTESIAN_POINT('',(-107.384021938616,15.,104.79908582424));
#2643=CARTESIAN_POINT('Origin',(-107.384021938616,15.,101.79908582424));
#2644=CARTESIAN_POINT('',(142.115978061385,15.,-4.70091417575302));
#2645=CARTESIAN_POINT('Origin',(142.115978061385,15.,-7.70091417575307));
#2646=CARTESIAN_POINT('',(-17.3840219386201,15.,-49.7009141757531));
#2647=CARTESIAN_POINT('Origin',(-17.3840219386201,15.,-52.7009141757532));
#2648=CARTESIAN_POINT('',(-107.38402193862,15.,-49.7009141757531));
#2649=CARTESIAN_POINT('Origin',(-107.38402193862,15.,-52.7009141757532));
#2650=CARTESIAN_POINT('',(107.61597806138,15.,40.2990858242472));
#2651=CARTESIAN_POINT('Origin',(107.61597806138,15.,37.2990858242471));
#2652=CARTESIAN_POINT('',(107.61597806138,15.,-49.7009141757529));
#2653=CARTESIAN_POINT('Origin',(107.61597806138,15.,-52.7009141757529));
#2654=CARTESIAN_POINT('',(140.61597806113,15.,70.2990858245098));
#2655=CARTESIAN_POINT('Origin',(140.61597806113,15.,67.2990858245098));
#2656=CARTESIAN_POINT('',(107.61597806113,15.,103.29908582451));
#2657=CARTESIAN_POINT('Origin',(107.61597806113,15.,100.29908582451));
#2658=CARTESIAN_POINT('',(52.1159780611296,15.,25.299085824579));
#2659=CARTESIAN_POINT('Origin',(52.1159780611296,15.,22.299085824579));
#2660=CARTESIAN_POINT('',(19.1159780611296,15.,58.2990858245789));
#2661=CARTESIAN_POINT('Origin',(19.1159780611296,15.,55.299085824579));
#2662=CARTESIAN_POINT('',(56.6159780611297,15.,-14.7009141754211));
#2663=CARTESIAN_POINT('Origin',(56.6159780611297,15.,-17.700914175421));
#2664=CARTESIAN_POINT('',(56.6159780611297,15.,-25.7009141754211));
#2665=CARTESIAN_POINT('Origin',(56.6159780611297,15.,-28.700914175421));
#2666=CARTESIAN_POINT('',(56.6159780611297,15.,107.799085824509));
#2667=CARTESIAN_POINT('Origin',(56.6159780611297,15.,104.799085824509));
#2668=CARTESIAN_POINT('',(142.115978061386,15.,104.79908582424));
#2669=CARTESIAN_POINT('Origin',(142.115978061386,15.,101.79908582424));
#2670=CARTESIAN_POINT('',(142.115978061387,15.,-69.7009141757514));
#2671=CARTESIAN_POINT('Origin',(142.115978061387,15.,-72.7009141757514));
#2672=CARTESIAN_POINT('',(-129.88402193862,15.,104.79908582424));
#2673=CARTESIAN_POINT('Origin',(-129.88402193862,15.,101.79908582424));
#2674=CARTESIAN_POINT('',(5.11597806138475,15.,-69.7009141757516));
#2675=CARTESIAN_POINT('Origin',(5.11597806138475,15.,-72.7009141757515));
#2676=CARTESIAN_POINT('Origin',(-133.57102770712,0.,-89.8879199442678));
#2677=CARTESIAN_POINT('',(-130.884021938612,0.,-91.2220863506807));
#2678=CARTESIAN_POINT('',(-134.905194113532,0.,-87.2009141757588));
#2679=CARTESIAN_POINT('Origin',(-133.57102770712,0.,-89.8879199442678));
#2680=CARTESIAN_POINT('',(-130.884021938612,0.,-109.500914175759));
#2681=CARTESIAN_POINT('',(-130.884021938612,0.,-109.500914175759));
#2682=CARTESIAN_POINT('',(-130.684021938612,0.,-109.700914175759));
#2683=CARTESIAN_POINT('Origin',(-130.684021938612,0.,-109.500914175759));
#2684=CARTESIAN_POINT('',(151.615978061388,0.,-109.700914175759));
#2685=CARTESIAN_POINT('',(151.615978061388,0.,-109.700914175759));
#2686=CARTESIAN_POINT('',(152.615978061388,0.,-108.700914175759));
#2687=CARTESIAN_POINT('',(152.615978061388,0.,-108.700914175759));
#2688=CARTESIAN_POINT('',(152.615978061388,0.,111.299085824241));
#2689=CARTESIAN_POINT('',(152.615978061388,0.,111.299085824241));
#2690=CARTESIAN_POINT('',(151.615978061388,0.,112.299085824241));
#2691=CARTESIAN_POINT('',(151.615978061388,0.,112.299085824241));
#2692=CARTESIAN_POINT('',(-152.384021938611,0.,112.299085824241));
#2693=CARTESIAN_POINT('',(-152.384021938611,0.,112.299085824241));
#2694=CARTESIAN_POINT('',(-153.384021938612,0.,111.299085824241));
#2695=CARTESIAN_POINT('',(-153.384021938612,0.,111.299085824241));
#2696=CARTESIAN_POINT('',(-153.384021938612,0.,-87.0009141757588));
#2697=CARTESIAN_POINT('',(-153.384021938612,0.,-87.0009141757588));
#2698=CARTESIAN_POINT('',(-153.184021938612,0.,-87.2009141757588));
#2699=CARTESIAN_POINT('Origin',(-153.184021938612,0.,-87.0009141757588));
#2700=CARTESIAN_POINT('',(-134.905194113532,0.,-87.2009141757588));
#2701=CARTESIAN_POINT('',(5.11597806138497,0.,104.79908582424));
#2702=CARTESIAN_POINT('Origin',(5.11597806138497,0.,101.79908582424));
#2703=CARTESIAN_POINT('',(5.11597806138475,0.,-69.7009141757516));
#2704=CARTESIAN_POINT('Origin',(5.11597806138475,0.,-72.7009141757515));
#2705=CARTESIAN_POINT('',(-129.88402193862,0.,11.0490858242431));
#2706=CARTESIAN_POINT('Origin',(-129.88402193862,0.,8.0490858242432));
#2707=CARTESIAN_POINT('',(-129.88402193862,0.,104.79908582424));
#2708=CARTESIAN_POINT('Origin',(-129.88402193862,0.,101.79908582424));
#2709=CARTESIAN_POINT('',(5.11597806138497,0.,11.0490858242431));
#2710=CARTESIAN_POINT('Origin',(5.11597806138497,0.,8.0490858242432));
#2711=CARTESIAN_POINT('',(142.115978061387,0.,-69.7009141757514));
#2712=CARTESIAN_POINT('Origin',(142.115978061387,0.,-72.7009141757514));
#2713=CARTESIAN_POINT('',(142.115978061386,0.,8.69311534266818));
#2714=CARTESIAN_POINT('Origin',(142.115978061386,0.,5.69311534266813));
#2715=CARTESIAN_POINT('',(142.115978061386,0.,104.79908582424));
#2716=CARTESIAN_POINT('Origin',(142.115978061386,0.,101.79908582424));
#2717=CARTESIAN_POINT('',(145.11597806113,0.,19.2990858245097));
#2718=CARTESIAN_POINT('Origin',(145.11597806113,0.,16.2990858245097));
#2719=CARTESIAN_POINT('',(56.6159780611297,0.,107.799085824509));
#2720=CARTESIAN_POINT('Origin',(56.6159780611297,0.,104.799085824509));
#2721=CARTESIAN_POINT('',(-31.8840219388703,0.,62.7990858245786));
#2722=CARTESIAN_POINT('Origin',(-31.8840219388703,0.,59.7990858245786));
#2723=CARTESIAN_POINT('',(56.6159780611297,0.,-25.7009141754211));
#2724=CARTESIAN_POINT('Origin',(56.6159780611297,0.,-28.700914175421));
#2725=CARTESIAN_POINT('',(-142.38402193862,0.,19.2990858245097));
#2726=CARTESIAN_POINT('Origin',(-142.38402193862,0.,16.2990858245097));
#2727=CARTESIAN_POINT('',(56.6159780611297,0.,-14.7009141754211));
#2728=CARTESIAN_POINT('Origin',(56.6159780611297,0.,-17.700914175421));
#2729=CARTESIAN_POINT('',(34.1159780611298,0.,62.7990858245789));
#2730=CARTESIAN_POINT('Origin',(34.1159780611298,0.,59.799085824579));
#2731=CARTESIAN_POINT('',(19.1159780611296,0.,58.2990858245789));
#2732=CARTESIAN_POINT('Origin',(19.1159780611296,0.,55.299085824579));
#2733=CARTESIAN_POINT('',(-20.8840219388702,0.,62.7990858245792));
#2734=CARTESIAN_POINT('Origin',(-20.8840219388702,0.,59.799085824579));
#2735=CARTESIAN_POINT('',(52.1159780611296,0.,25.299085824579));
#2736=CARTESIAN_POINT('Origin',(52.1159780611296,0.,22.299085824579));
#2737=CARTESIAN_POINT('',(67.6159780611296,0.,107.79908582451));
#2738=CARTESIAN_POINT('Origin',(67.6159780611296,0.,104.79908582451));
#2739=CARTESIAN_POINT('',(107.61597806113,0.,103.29908582451));
#2740=CARTESIAN_POINT('Origin',(107.61597806113,0.,100.29908582451));
#2741=CARTESIAN_POINT('',(122.61597806113,0.,107.79908582451));
#2742=CARTESIAN_POINT('Origin',(122.61597806113,0.,104.79908582451));
#2743=CARTESIAN_POINT('',(140.61597806113,0.,70.2990858245098));
#2744=CARTESIAN_POINT('Origin',(140.61597806113,0.,67.2990858245098));
#2745=CARTESIAN_POINT('',(145.11597806113,0.,30.2990858245098));
#2746=CARTESIAN_POINT('Origin',(145.11597806113,0.,27.2990858245098));
#2747=CARTESIAN_POINT('',(107.61597806138,0.,-49.7009141757529));
#2748=CARTESIAN_POINT('Origin',(107.61597806138,0.,-52.7009141757529));
#2749=CARTESIAN_POINT('',(107.61597806138,0.,-4.70091417575285));
#2750=CARTESIAN_POINT('Origin',(107.61597806138,0.,-7.7009141757529));
#2751=CARTESIAN_POINT('',(107.61597806138,0.,40.2990858242472));
#2752=CARTESIAN_POINT('Origin',(107.61597806138,0.,37.2990858242471));
#2753=CARTESIAN_POINT('',(-142.384021938621,0.,85.2990858242469));
#2754=CARTESIAN_POINT('Origin',(-142.384021938621,0.,82.2990858242468));
#2755=CARTESIAN_POINT('',(-107.38402193862,0.,-49.7009141757531));
#2756=CARTESIAN_POINT('Origin',(-107.38402193862,0.,-52.7009141757532));
#2757=CARTESIAN_POINT('',(-62.3840219386203,0.,-49.7009141757531));
#2758=CARTESIAN_POINT('Origin',(-62.3840219386203,0.,-52.7009141757532));
#2759=CARTESIAN_POINT('',(-17.3840219386201,0.,-49.7009141757531));
#2760=CARTESIAN_POINT('Origin',(-17.3840219386201,0.,-52.7009141757532));
#2761=CARTESIAN_POINT('',(27.6159780613798,0.,-49.7009141757531));
#2762=CARTESIAN_POINT('Origin',(27.6159780613798,0.,-52.7009141757532));
#2763=CARTESIAN_POINT('',(142.115978061385,0.,-4.70091417575302));
#2764=CARTESIAN_POINT('Origin',(142.115978061385,0.,-7.70091417575307));
#2765=CARTESIAN_POINT('',(142.115978061386,0.,-49.700914175753));
#2766=CARTESIAN_POINT('Origin',(142.115978061386,0.,-52.7009141757531));
#2767=CARTESIAN_POINT('',(-107.384021938616,0.,104.79908582424));
#2768=CARTESIAN_POINT('Origin',(-107.384021938616,0.,101.79908582424));
#2769=CARTESIAN_POINT('',(-62.384021938616,0.,104.79908582424));
#2770=CARTESIAN_POINT('Origin',(-62.384021938616,0.,101.79908582424));
#2771=CARTESIAN_POINT('',(-17.3840219386159,0.,104.79908582424));
#2772=CARTESIAN_POINT('Origin',(-17.3840219386159,0.,101.79908582424));
#2773=CARTESIAN_POINT('',(-107.384021938621,0.,85.2990858242469));
#2774=CARTESIAN_POINT('Origin',(-107.384021938621,0.,82.2990858242468));
#2775=CARTESIAN_POINT('',(72.6159780613795,0.,40.2990858242468));
#2776=CARTESIAN_POINT('Origin',(72.6159780613795,0.,37.2990858242468));
#2777=CARTESIAN_POINT('',(27.6159780613796,0.,40.299085824247));
#2778=CARTESIAN_POINT('Origin',(27.6159780613796,0.,37.2990858242468));
#2779=CARTESIAN_POINT('',(-17.3840219386203,0.,40.299085824247));
#2780=CARTESIAN_POINT('Origin',(-17.3840219386203,0.,37.2990858242468));
#2781=CARTESIAN_POINT('',(-62.3840219386207,0.,85.2990858242469));
#2782=CARTESIAN_POINT('Origin',(-62.3840219386207,0.,82.2990858242468));
#2783=CARTESIAN_POINT('',(-17.3840219386205,0.,85.2990858242469));
#2784=CARTESIAN_POINT('Origin',(-17.3840219386205,0.,82.2990858242468));
#2785=CARTESIAN_POINT('',(27.6159780613794,0.,85.2990858242469));
#2786=CARTESIAN_POINT('Origin',(27.6159780613794,0.,82.2990858242468));
#2787=CARTESIAN_POINT('',(27.615978061384,0.,104.79908582424));
#2788=CARTESIAN_POINT('Origin',(27.615978061384,0.,101.79908582424));
#2789=CARTESIAN_POINT('',(-17.3840219386203,0.,-4.70091417575304));
#2790=CARTESIAN_POINT('Origin',(-17.3840219386203,0.,-7.70091417575321));
#2791=CARTESIAN_POINT('',(-62.3840219386205,0.,-4.70091417575304));
#2792=CARTESIAN_POINT('Origin',(-62.3840219386205,0.,-7.70091417575321));
#2793=CARTESIAN_POINT('',(-107.38402193862,0.,-4.70091417575304));
#2794=CARTESIAN_POINT('Origin',(-107.38402193862,0.,-7.70091417575321));
#2795=CARTESIAN_POINT('',(72.6159780613799,0.,-49.7009141757532));
#2796=CARTESIAN_POINT('Origin',(72.6159780613799,0.,-52.7009141757532));
#2797=CARTESIAN_POINT('',(27.6159780613796,0.,-4.70091417575304));
#2798=CARTESIAN_POINT('Origin',(27.6159780613796,0.,-7.70091417575321));
#2799=CARTESIAN_POINT('',(72.6159780613798,0.,-4.70091417575316));
#2800=CARTESIAN_POINT('Origin',(72.6159780613798,0.,-7.70091417575321));
#2801=CARTESIAN_POINT('',(-107.38402193862,0.,40.299085824247));
#2802=CARTESIAN_POINT('Origin',(-107.38402193862,0.,37.2990858242468));
#2803=CARTESIAN_POINT('',(-62.3840219386205,0.,40.299085824247));
#2804=CARTESIAN_POINT('Origin',(-62.3840219386205,0.,37.2990858242468));
#2805=CARTESIAN_POINT('',(-142.38402193862,0.,40.299085824247));
#2806=CARTESIAN_POINT('Origin',(-142.38402193862,0.,37.2990858242468));
#2807=CARTESIAN_POINT('',(-142.38402193862,0.,-4.70091417575304));
#2808=CARTESIAN_POINT('Origin',(-142.38402193862,0.,-7.70091417575321));
#2809=CARTESIAN_POINT('',(-142.384021938616,0.,104.79908582424));
#2810=CARTESIAN_POINT('Origin',(-142.384021938616,0.,101.79908582424));
#2811=CARTESIAN_POINT('',(72.6159780613794,0.,85.2990858242468));
#2812=CARTESIAN_POINT('Origin',(72.6159780613794,0.,82.2990858242468));
#2813=CARTESIAN_POINT('',(-129.88402193862,0.,-69.7009141757515));
#2814=CARTESIAN_POINT('Origin',(-129.88402193862,0.,-72.7009141757515));
#2815=CARTESIAN_POINT('',(143.615978061398,0.,-95.7009141757594));
#2816=CARTESIAN_POINT('Origin',(143.615978061398,0.,-98.7009141757594));
#2817=CARTESIAN_POINT('',(-120.384021938603,0.,-95.7009141757593));
#2818=CARTESIAN_POINT('Origin',(-120.384021938603,0.,-98.7009141757595));
#2819=CARTESIAN_POINT('',(-76.3840219386025,0.,-95.7009141757593));
#2820=CARTESIAN_POINT('Origin',(-76.3840219386025,0.,-98.7009141757595));
#2821=CARTESIAN_POINT('',(-32.3840219386025,0.,-95.7009141757593));
#2822=CARTESIAN_POINT('Origin',(-32.3840219386025,0.,-98.7009141757595));
#2823=CARTESIAN_POINT('',(11.6159780613976,0.,-95.7009141757593));
#2824=CARTESIAN_POINT('Origin',(11.6159780613976,0.,-98.7009141757595));
#2825=CARTESIAN_POINT('',(55.6159780613976,0.,-95.7009141757593));
#2826=CARTESIAN_POINT('Origin',(55.6159780613976,0.,-98.7009141757595));
#2827=CARTESIAN_POINT('',(99.6159780613976,0.,-95.7009141757594));
#2828=CARTESIAN_POINT('Origin',(99.6159780613976,0.,-98.7009141757595));
#2829=CARTESIAN_POINT('',(107.615978061129,0.,62.7990858245786));
#2830=CARTESIAN_POINT('Origin',(107.615978061129,0.,59.7990858245787));
#2831=CARTESIAN_POINT('Origin',(-133.57102770712,15.,-89.8879199442678));
#2832=CARTESIAN_POINT('',(-134.905194113532,15.,-87.2009141757588));
#2833=CARTESIAN_POINT('',(-130.884021938612,15.,-91.2220863506807));
#2834=CARTESIAN_POINT('Origin',(-134.905194113532,15.,-87.2009141757588));
#2835=CARTESIAN_POINT('',(-153.184021938612,15.,-87.2009141757588));
#2836=CARTESIAN_POINT('Origin',(-153.184021938612,15.,-87.0009141757588));
#2837=CARTESIAN_POINT('',(-153.384021938612,15.,-87.0009141757588));
#2838=CARTESIAN_POINT('Origin',(-153.384021938612,15.,-87.0009141757588));
#2839=CARTESIAN_POINT('',(-153.384021938612,15.,111.299085824241));
#2840=CARTESIAN_POINT('Origin',(-153.384021938612,15.,111.299085824241));
#2841=CARTESIAN_POINT('',(-152.384021938611,15.,112.299085824241));
#2842=CARTESIAN_POINT('Origin',(-152.384021938611,15.,112.299085824241));
#2843=CARTESIAN_POINT('',(151.615978061388,15.,112.299085824241));
#2844=CARTESIAN_POINT('Origin',(151.615978061388,15.,112.299085824241));
#2845=CARTESIAN_POINT('',(152.615978061388,15.,111.299085824241));
#2846=CARTESIAN_POINT('Origin',(152.615978061388,15.,111.299085824241));
#2847=CARTESIAN_POINT('',(152.615978061388,15.,-108.700914175759));
#2848=CARTESIAN_POINT('Origin',(152.615978061388,15.,-108.700914175759));
#2849=CARTESIAN_POINT('',(151.615978061388,15.,-109.700914175759));
#2850=CARTESIAN_POINT('Origin',(151.615978061388,15.,-109.700914175759));
#2851=CARTESIAN_POINT('',(-130.684021938612,15.,-109.700914175759));
#2852=CARTESIAN_POINT('Origin',(-130.684021938612,15.,-109.500914175759));
#2853=CARTESIAN_POINT('',(-130.884021938612,15.,-109.500914175759));
#2854=CARTESIAN_POINT('Origin',(-130.884021938612,15.,-109.500914175759));
#2855=CARTESIAN_POINT('Origin',(5.11597806138497,15.,101.79908582424));
#2856=CARTESIAN_POINT('',(5.11597806138497,15.,104.79908582424));
#2857=CARTESIAN_POINT('Origin',(5.11597806138475,15.,-72.7009141757515));
#2858=CARTESIAN_POINT('',(5.11597806138475,15.,-69.7009141757516));
#2859=CARTESIAN_POINT('Origin',(-129.88402193862,15.,8.0490858242432));
#2860=CARTESIAN_POINT('',(-129.88402193862,15.,11.0490858242431));
#2861=CARTESIAN_POINT('Origin',(-129.88402193862,15.,101.79908582424));
#2862=CARTESIAN_POINT('',(-129.88402193862,15.,104.79908582424));
#2863=CARTESIAN_POINT('Origin',(5.11597806138497,15.,8.0490858242432));
#2864=CARTESIAN_POINT('',(5.11597806138497,15.,11.0490858242431));
#2865=CARTESIAN_POINT('Origin',(142.115978061387,15.,-72.7009141757514));
#2866=CARTESIAN_POINT('',(142.115978061387,15.,-69.7009141757514));
#2867=CARTESIAN_POINT('Origin',(142.115978061386,15.,5.69311534266813));
#2868=CARTESIAN_POINT('',(142.115978061386,15.,8.69311534266818));
#2869=CARTESIAN_POINT('Origin',(142.115978061386,15.,101.79908582424));
#2870=CARTESIAN_POINT('',(142.115978061386,15.,104.79908582424));
#2871=CARTESIAN_POINT('Origin',(145.11597806113,15.,16.2990858245097));
#2872=CARTESIAN_POINT('',(145.11597806113,15.,19.2990858245096));
#2873=CARTESIAN_POINT('Origin',(56.6159780611297,15.,104.799085824509));
#2874=CARTESIAN_POINT('',(56.6159780611297,15.,107.799085824509));
#2875=CARTESIAN_POINT('Origin',(-31.8840219388703,15.,59.7990858245786));
#2876=CARTESIAN_POINT('',(-31.8840219388703,15.,62.7990858245786));
#2877=CARTESIAN_POINT('Origin',(56.6159780611297,15.,-28.700914175421));
#2878=CARTESIAN_POINT('',(56.6159780611297,15.,-25.7009141754211));
#2879=CARTESIAN_POINT('Origin',(-142.38402193862,15.,16.2990858245097));
#2880=CARTESIAN_POINT('',(-142.38402193862,15.,19.2990858245096));
#2881=CARTESIAN_POINT('Origin',(56.6159780611297,15.,-17.700914175421));
#2882=CARTESIAN_POINT('',(56.6159780611297,15.,-14.7009141754211));
#2883=CARTESIAN_POINT('Origin',(34.1159780611298,15.,59.799085824579));
#2884=CARTESIAN_POINT('',(34.1159780611298,15.,62.7990858245789));
#2885=CARTESIAN_POINT('Origin',(19.1159780611296,15.,55.299085824579));
#2886=CARTESIAN_POINT('',(19.1159780611296,15.,58.2990858245789));
#2887=CARTESIAN_POINT('Origin',(-20.8840219388702,15.,59.799085824579));
#2888=CARTESIAN_POINT('',(-20.8840219388702,15.,62.7990858245792));
#2889=CARTESIAN_POINT('Origin',(52.1159780611296,15.,22.299085824579));
#2890=CARTESIAN_POINT('',(52.1159780611296,15.,25.299085824579));
#2891=CARTESIAN_POINT('Origin',(67.6159780611296,15.,104.79908582451));
#2892=CARTESIAN_POINT('',(67.6159780611296,15.,107.79908582451));
#2893=CARTESIAN_POINT('Origin',(107.61597806113,15.,100.29908582451));
#2894=CARTESIAN_POINT('',(107.61597806113,15.,103.29908582451));
#2895=CARTESIAN_POINT('Origin',(122.61597806113,15.,104.79908582451));
#2896=CARTESIAN_POINT('',(122.61597806113,15.,107.79908582451));
#2897=CARTESIAN_POINT('Origin',(140.61597806113,15.,67.2990858245098));
#2898=CARTESIAN_POINT('',(140.61597806113,15.,70.2990858245098));
#2899=CARTESIAN_POINT('Origin',(145.11597806113,15.,27.2990858245098));
#2900=CARTESIAN_POINT('',(145.11597806113,15.,30.2990858245098));
#2901=CARTESIAN_POINT('Origin',(107.61597806138,15.,-52.7009141757529));
#2902=CARTESIAN_POINT('',(107.61597806138,15.,-49.7009141757529));
#2903=CARTESIAN_POINT('Origin',(107.61597806138,15.,-7.7009141757529));
#2904=CARTESIAN_POINT('',(107.61597806138,15.,-4.70091417575285));
#2905=CARTESIAN_POINT('Origin',(107.61597806138,15.,37.2990858242471));
#2906=CARTESIAN_POINT('',(107.61597806138,15.,40.2990858242472));
#2907=CARTESIAN_POINT('Origin',(-142.384021938621,15.,82.2990858242468));
#2908=CARTESIAN_POINT('',(-142.384021938621,15.,85.2990858242469));
#2909=CARTESIAN_POINT('Origin',(-107.38402193862,15.,-52.7009141757532));
#2910=CARTESIAN_POINT('',(-107.38402193862,15.,-49.7009141757531));
#2911=CARTESIAN_POINT('Origin',(-62.3840219386203,15.,-52.7009141757532));
#2912=CARTESIAN_POINT('',(-62.3840219386203,15.,-49.7009141757531));
#2913=CARTESIAN_POINT('Origin',(-17.3840219386201,15.,-52.7009141757532));
#2914=CARTESIAN_POINT('',(-17.3840219386201,15.,-49.7009141757531));
#2915=CARTESIAN_POINT('Origin',(27.6159780613798,15.,-52.7009141757532));
#2916=CARTESIAN_POINT('',(27.6159780613798,15.,-49.7009141757531));
#2917=CARTESIAN_POINT('Origin',(142.115978061385,15.,-7.70091417575307));
#2918=CARTESIAN_POINT('',(142.115978061385,15.,-4.70091417575302));
#2919=CARTESIAN_POINT('Origin',(142.115978061386,15.,-52.7009141757531));
#2920=CARTESIAN_POINT('',(142.115978061386,15.,-49.700914175753));
#2921=CARTESIAN_POINT('Origin',(-107.384021938616,15.,101.79908582424));
#2922=CARTESIAN_POINT('',(-107.384021938616,15.,104.79908582424));
#2923=CARTESIAN_POINT('Origin',(-62.384021938616,15.,101.79908582424));
#2924=CARTESIAN_POINT('',(-62.384021938616,15.,104.79908582424));
#2925=CARTESIAN_POINT('Origin',(-17.3840219386159,15.,101.79908582424));
#2926=CARTESIAN_POINT('',(-17.3840219386159,15.,104.79908582424));
#2927=CARTESIAN_POINT('Origin',(-107.384021938621,15.,82.2990858242468));
#2928=CARTESIAN_POINT('',(-107.384021938621,15.,85.2990858242469));
#2929=CARTESIAN_POINT('Origin',(72.6159780613795,15.,37.2990858242468));
#2930=CARTESIAN_POINT('',(72.6159780613795,15.,40.2990858242468));
#2931=CARTESIAN_POINT('Origin',(27.6159780613796,15.,37.2990858242468));
#2932=CARTESIAN_POINT('',(27.6159780613796,15.,40.299085824247));
#2933=CARTESIAN_POINT('Origin',(-17.3840219386203,15.,37.2990858242468));
#2934=CARTESIAN_POINT('',(-17.3840219386203,15.,40.299085824247));
#2935=CARTESIAN_POINT('Origin',(-62.3840219386207,15.,82.2990858242468));
#2936=CARTESIAN_POINT('',(-62.3840219386207,15.,85.2990858242469));
#2937=CARTESIAN_POINT('Origin',(-17.3840219386205,15.,82.2990858242468));
#2938=CARTESIAN_POINT('',(-17.3840219386205,15.,85.2990858242469));
#2939=CARTESIAN_POINT('Origin',(27.6159780613794,15.,82.2990858242468));
#2940=CARTESIAN_POINT('',(27.6159780613794,15.,85.2990858242469));
#2941=CARTESIAN_POINT('Origin',(27.615978061384,15.,101.79908582424));
#2942=CARTESIAN_POINT('',(27.615978061384,15.,104.79908582424));
#2943=CARTESIAN_POINT('Origin',(-17.3840219386203,15.,-7.70091417575321));
#2944=CARTESIAN_POINT('',(-17.3840219386203,15.,-4.70091417575305));
#2945=CARTESIAN_POINT('Origin',(-62.3840219386205,15.,-7.70091417575321));
#2946=CARTESIAN_POINT('',(-62.3840219386205,15.,-4.70091417575305));
#2947=CARTESIAN_POINT('Origin',(-107.38402193862,15.,-7.70091417575321));
#2948=CARTESIAN_POINT('',(-107.38402193862,15.,-4.70091417575305));
#2949=CARTESIAN_POINT('Origin',(72.6159780613799,15.,-52.7009141757532));
#2950=CARTESIAN_POINT('',(72.6159780613799,15.,-49.7009141757532));
#2951=CARTESIAN_POINT('Origin',(27.6159780613796,15.,-7.70091417575321));
#2952=CARTESIAN_POINT('',(27.6159780613796,15.,-4.70091417575305));
#2953=CARTESIAN_POINT('Origin',(72.6159780613798,15.,-7.70091417575321));
#2954=CARTESIAN_POINT('',(72.6159780613798,15.,-4.70091417575316));
#2955=CARTESIAN_POINT('Origin',(-107.38402193862,15.,37.2990858242468));
#2956=CARTESIAN_POINT('',(-107.38402193862,15.,40.299085824247));
#2957=CARTESIAN_POINT('Origin',(-62.3840219386205,15.,37.2990858242468));
#2958=CARTESIAN_POINT('',(-62.3840219386205,15.,40.299085824247));
#2959=CARTESIAN_POINT('Origin',(-142.38402193862,15.,37.2990858242468));
#2960=CARTESIAN_POINT('',(-142.38402193862,15.,40.299085824247));
#2961=CARTESIAN_POINT('Origin',(-142.38402193862,15.,-7.70091417575321));
#2962=CARTESIAN_POINT('',(-142.38402193862,15.,-4.70091417575305));
#2963=CARTESIAN_POINT('Origin',(-142.384021938616,15.,101.79908582424));
#2964=CARTESIAN_POINT('',(-142.384021938616,15.,104.79908582424));
#2965=CARTESIAN_POINT('Origin',(72.6159780613794,15.,82.2990858242468));
#2966=CARTESIAN_POINT('',(72.6159780613794,15.,85.2990858242468));
#2967=CARTESIAN_POINT('Origin',(-129.88402193862,15.,-72.7009141757515));
#2968=CARTESIAN_POINT('',(-129.88402193862,15.,-69.7009141757516));
#2969=CARTESIAN_POINT('Origin',(143.615978061398,15.,-98.7009141757594));
#2970=CARTESIAN_POINT('',(143.615978061398,15.,-95.7009141757594));
#2971=CARTESIAN_POINT('Origin',(-120.384021938603,15.,-98.7009141757595));
#2972=CARTESIAN_POINT('',(-120.384021938603,15.,-95.7009141757593));
#2973=CARTESIAN_POINT('Origin',(-76.3840219386025,15.,-98.7009141757595));
#2974=CARTESIAN_POINT('',(-76.3840219386025,15.,-95.7009141757593));
#2975=CARTESIAN_POINT('Origin',(-32.3840219386025,15.,-98.7009141757595));
#2976=CARTESIAN_POINT('',(-32.3840219386025,15.,-95.7009141757593));
#2977=CARTESIAN_POINT('Origin',(11.6159780613976,15.,-98.7009141757595));
#2978=CARTESIAN_POINT('',(11.6159780613976,15.,-95.7009141757593));
#2979=CARTESIAN_POINT('Origin',(55.6159780613976,15.,-98.7009141757595));
#2980=CARTESIAN_POINT('',(55.6159780613976,15.,-95.7009141757593));
#2981=CARTESIAN_POINT('Origin',(99.6159780613976,15.,-98.7009141757595));
#2982=CARTESIAN_POINT('',(99.6159780613976,15.,-95.7009141757594));
#2983=CARTESIAN_POINT('Origin',(107.615978061129,15.,59.7990858245787));
#2984=CARTESIAN_POINT('',(107.615978061129,15.,62.7990858245786));
#2985=UNCERTAINTY_MEASURE_WITH_UNIT(LENGTH_MEASURE(0.01),#2989,
'DISTANCE_ACCURACY_VALUE',
'Maximum model space distance between geometric entities at asserted c
onnectivities');
#2986=UNCERTAINTY_MEASURE_WITH_UNIT(LENGTH_MEASURE(0.01),#2989,
'DISTANCE_ACCURACY_VALUE',
'Maximum model space distance between geometric entities at asserted c
onnectivities');
#2987=(
GEOMETRIC_REPRESENTATION_CONTEXT(3)
GLOBAL_UNCERTAINTY_ASSIGNED_CONTEXT((#2985))
GLOBAL_UNIT_ASSIGNED_CONTEXT((#2989,#2991,#2992))
REPRESENTATION_CONTEXT('','3D')
);
#2988=(
GEOMETRIC_REPRESENTATION_CONTEXT(3)
GLOBAL_UNCERTAINTY_ASSIGNED_CONTEXT((#2986))
GLOBAL_UNIT_ASSIGNED_CONTEXT((#2989,#2991,#2992))
REPRESENTATION_CONTEXT('','3D')
);
#2989=(
LENGTH_UNIT()
NAMED_UNIT(*)
SI_UNIT(.MILLI.,.METRE.)
);
#2990=(
LENGTH_UNIT()
NAMED_UNIT(*)
SI_UNIT($,.METRE.)
);
#2991=(
NAMED_UNIT(*)
PLANE_ANGLE_UNIT()
SI_UNIT($,.RADIAN.)
);
#2992=(
NAMED_UNIT(*)
SI_UNIT($,.STERADIAN.)
SOLID_ANGLE_UNIT()
);
#2993=SHAPE_DEFINITION_REPRESENTATION(#2994,#2995);
#2994=PRODUCT_DEFINITION_SHAPE('',$,#2997);
#2995=SHAPE_REPRESENTATION('',(#1777),#2987);
#2996=PRODUCT_DEFINITION_CONTEXT('part definition',#3001,'design');
#2997=PRODUCT_DEFINITION('mdf \X\C9\X\CF\X\B2\X\BF','mdf \X\C9\X\CF\X\B2
\X\BF',#2998,#2996);
#2998=PRODUCT_DEFINITION_FORMATION('',$,#3003);
#2999=PRODUCT_RELATED_PRODUCT_CATEGORY('mdf \X\C9\X\CF\X\B2\X\BF',
'mdf \X\C9\X\CF\X\B2\X\BF',(#3003));
#3000=APPLICATION_PROTOCOL_DEFINITION('international standard',
'ap242_managed_model_based_3d_engineering',2011,#3001);
#3001=APPLICATION_CONTEXT('Managed model based 3d engineering');
#3002=PRODUCT_CONTEXT('part definition',#3001,'mechanical');
#3003=PRODUCT('mdf \X\C9\X\CF\X\B2\X\BF','mdf \X\C9\X\CF\X\B2\X\BF',$,(#3002));
#3004=PRESENTATION_STYLE_ASSIGNMENT((#3006));
#3005=PRESENTATION_STYLE_ASSIGNMENT((#3007));
#3006=SURFACE_STYLE_USAGE(.BOTH.,#3008);
#3007=SURFACE_STYLE_USAGE(.BOTH.,#3009);
#3008=SURFACE_SIDE_STYLE('',(#3010));
#3009=SURFACE_SIDE_STYLE('',(#3011));
#3010=SURFACE_STYLE_FILL_AREA(#3012);
#3011=SURFACE_STYLE_FILL_AREA(#3013);
#3012=FILL_AREA_STYLE('Steel - Satin',(#3014));
#3013=FILL_AREA_STYLE('Opaque(255,255,255)',(#3015));
#3014=FILL_AREA_STYLE_COLOUR('Steel - Satin',#3016);
#3015=FILL_AREA_STYLE_COLOUR('Opaque(255,255,255)',#3017);
#3016=COLOUR_RGB('Steel - Satin',0.627450980392157,0.627450980392157,0.627450980392157);
#3017=COLOUR_RGB('Opaque(255,255,255)',1.,1.,1.);
ENDSEC;
END-ISO-10303-21;
