ISO-10303-21;
HEADER;
FILE_DESCRIPTION (( 'STEP AP203' ),
    '1' );
FILE_NAME ('MZ1-工作台密度板-v2.1.STEP',
    '2026-05-12T11:54:17',
    ( '' ),
    ( '' ),
    'SwSTEP 2.0',
    'SolidWorks 2021',
    '' );
FILE_SCHEMA (( 'CONFIG_CONTROL_DESIGN' ));
ENDSEC;

DATA;
#1 = DIRECTION ( 'NONE',  ( 1.000000000000000000, 0.000000000000000000, 0.000000000000000000 ) ) ;
#3 = EDGE_CURVE ( 'NONE', #3168, #3168, #3137, .T. ) ;
#2 = FACE_OUTER_BOUND ( 'NONE', #2009, .T. ) ;
#4 = CARTESIAN_POINT ( 'NONE',  ( 996.6085592633629631, 45.49867323251964280, 15.00000000000000000 ) ) ;
#5 = EDGE_LOOP ( 'NONE', ( #845 ) ) ;
#6 = CIRCLE ( 'NONE', #2082, 2.750000000000030198 ) ;
#7 = DIRECTION ( 'NONE',  ( 1.000000000000000000, 0.000000000000000000, 0.000000000000000000 ) ) ;
#8 = AXIS2_PLACEMENT_3D ( 'NONE', #537, #1139, #26 ) ;
#9 = AXIS2_PLACEMENT_3D ( 'NONE', #1104, #816, #1960 ) ;
#10 = AXIS2_PLACEMENT_3D ( 'NONE', #3449, #2900, #380 ) ;
#11 = CIRCLE ( 'NONE', #2093, 2.500000000000168754 ) ;
#12 = DIRECTION ( 'NONE',  ( 1.000000000000000000, 0.000000000000000000, 0.000000000000000000 ) ) ;
#13 = AXIS2_PLACEMENT_3D ( 'NONE', #1570, #571, #2864 ) ;
#14 = ORIENTED_EDGE ( 'NONE', *, *, #2376, .F. ) ;
#15 = CARTESIAN_POINT ( 'NONE',  ( 1112.566962778174457, 118.5985280193389713, 9.000000000000000000 ) ) ;
#16 = ORIENTED_EDGE ( 'NONE', *, *, #1168, .F. ) ;
#17 = AXIS2_PLACEMENT_3D ( 'NONE', #1752, #3441, #2624 ) ;
#18 = CARTESIAN_POINT ( 'NONE',  ( 961.5669627781936697, 12.59852801934287214, 15.00000000000000000 ) ) ;
#19 = EDGE_LOOP ( 'NONE', ( #2077 ) ) ;
#20 = FACE_OUTER_BOUND ( 'NONE', #659, .T. ) ;
#21 = ORIENTED_EDGE ( 'NONE', *, *, #339, .T. ) ;
#22 = EDGE_CURVE ( 'NONE', #394, #394, #2333, .T. ) ;
#23 = EDGE_LOOP ( 'NONE', ( #2630 ) ) ;
#24 = EDGE_LOOP ( 'NONE', ( #139 ) ) ;
#25 = EDGE_LOOP ( 'NONE', ( #3341 ) ) ;
#26 = DIRECTION ( 'NONE',  ( 1.000000000000000000, 0.000000000000000000, 0.000000000000000000 ) ) ;
#27 = CARTESIAN_POINT ( 'NONE',  ( 1046.566962778174457, 2.598528019339019224, 15.00000000000000000 ) ) ;
#28 = DIRECTION ( 'NONE',  ( -0.000000000000000000, -0.000000000000000000, 1.000000000000000000 ) ) ;
#29 = FACE_OUTER_BOUND ( 'NONE', #1957, .T. ) ;
#30 = DIRECTION ( 'NONE',  ( -0.000000000000000000, -0.000000000000000000, 1.000000000000000000 ) ) ;
#31 = EDGE_LOOP ( 'NONE', ( #761 ) ) ;
#32 = CARTESIAN_POINT ( 'NONE',  ( 955.5682651695154846, 42.59852801933307376, 15.00000000000000000 ) ) ;
#33 = EDGE_CURVE ( 'NONE', #2943, #2943, #2963, .T. ) ;
#34 = EDGE_LOOP ( 'NONE', ( #349 ) ) ;
#35 = DIRECTION ( 'NONE',  ( 1.000000000000000000, 0.000000000000000000, 0.000000000000000000 ) ) ;
#36 = ORIENTED_EDGE ( 'NONE', *, *, #950, .F. ) ;
#37 = EDGE_CURVE ( 'NONE', #1889, #3065, #1198, .T. ) ;
#38 = EDGE_LOOP ( 'NONE', ( #2347 ) ) ;
#39 = ORIENTED_EDGE ( 'NONE', *, *, #2302, .F. ) ;
#40 = VERTEX_POINT ( 'NONE', #2325 ) ;
#41 = CARTESIAN_POINT ( 'NONE',  ( 927.0669627781774125, 81.59852801933305955, 13.00000000000000000 ) ) ;
#42 = CARTESIAN_POINT ( 'NONE',  ( 964.3169627784334352, -65.40147198092950021, 13.00000000000000000 ) ) ;
#43 = DIRECTION ( 'NONE',  ( 1.000000000000000000, 0.000000000000000000, 0.000000000000000000 ) ) ;
#44 = FACE_OUTER_BOUND ( 'NONE', #1072, .T. ) ;
#45 = ORIENTED_EDGE ( 'NONE', *, *, #2407, .F. ) ;
#46 = AXIS2_PLACEMENT_3D ( 'NONE', #3271, #781, #3158 ) ;
#47 = CARTESIAN_POINT ( 'NONE',  ( 950.5669627781774125, 118.5985280193389997, 15.00000000000000000 ) ) ;
#48 = DIRECTION ( 'NONE',  ( 0.000000000000000000, 1.000000000000000000, 0.000000000000000000 ) ) ;
#49 = CIRCLE ( 'NONE', #2601, 5.000000000000115463 ) ;
#50 = CIRCLE ( 'NONE', #1729, 5.249999999999976907 ) ;
#51 = ORIENTED_EDGE ( 'NONE', *, *, #2661, .F. ) ;
#52 = DIRECTION ( 'NONE',  ( 0.000000000000000000, 0.000000000000000000, 1.000000000000000000 ) ) ;
#53 = EDGE_CURVE ( 'NONE', #414, #414, #1390, .T. ) ;
#54 = AXIS2_PLACEMENT_3D ( 'NONE', #3296, #1908, #3026 ) ;
#55 = DIRECTION ( 'NONE',  ( -0.000000000000000000, -0.000000000000000000, 1.000000000000000000 ) ) ;
#56 = AXIS2_PLACEMENT_3D ( 'NONE', #2524, #496, #3006 ) ;
#57 = DIRECTION ( 'NONE',  ( -0.000000000000000000, -0.000000000000000000, 1.000000000000000000 ) ) ;
#58 = DIRECTION ( 'NONE',  ( 1.000000000000000000, 0.000000000000000000, 0.000000000000000000 ) ) ;
#59 = ORIENTED_EDGE ( 'NONE', *, *, #819, .F. ) ;
#60 = AXIS2_PLACEMENT_3D ( 'NONE', #2415, #3505, #756 ) ;
#61 = ORIENTED_EDGE ( 'NONE', *, *, #1001, .T. ) ;
#62 = EDGE_CURVE ( 'NONE', #3188, #3188, #117, .T. ) ;
#63 = AXIS2_PLACEMENT_3D ( 'NONE', #605, #2355, #3452 ) ;
#64 = VERTEX_POINT ( 'NONE', #2392 ) ;
#65 = CARTESIAN_POINT ( 'NONE',  ( 956.5669627781936697, 12.59852801934287214, 13.00000000000000000 ) ) ;
#66 = DIRECTION ( 'NONE',  ( 1.000000000000000000, 0.000000000000000000, 0.000000000000000000 ) ) ;
#67 = CIRCLE ( 'NONE', #1446, 2.750000000000030198 ) ;
#68 = VERTEX_POINT ( 'NONE', #1116 ) ;
#69 = EDGE_LOOP ( 'NONE', ( #2256 ) ) ;
#70 = LINE ( 'NONE', #1216, #3468 ) ;
#71 = FACE_OUTER_BOUND ( 'NONE', #2660, .T. ) ;
#72 = EDGE_CURVE ( 'NONE', #1305, #1453, #2071, .T. ) ;
#73 = ORIENTED_EDGE ( 'NONE', *, *, #2632, .T. ) ;
#74 = EDGE_LOOP ( 'NONE', ( #632 ) ) ;
#75 = UNCERTAINTY_MEASURE_WITH_UNIT (LENGTH_MEASURE( 1.000000000000000082E-05 ), #2266, 'distance_accuracy_value', 'NONE');
#76 = APPROVAL_ROLE ( '' ) ;
#77 = EDGE_CURVE ( 'NONE', #2619, #2619, #2512, .T. ) ;
#78 = ORIENTED_EDGE ( 'NONE', *, *, #524, .T. ) ;
#79 = CARTESIAN_POINT ( 'NONE',  ( 999.3585592633630768, -34.90147198066080847, 9.000000000000000000 ) ) ;
#80 = DIRECTION ( 'NONE',  ( -0.000000000000000000, -0.000000000000000000, 1.000000000000000000 ) ) ;
#81 = CARTESIAN_POINT ( 'NONE',  ( 1089.566962778183324, 45.59852801933320166, 15.00000000000000000 ) ) ;
#82 = CIRCLE ( 'NONE', #442, 4.999999999999893419 ) ;
#83 = ORIENTED_EDGE ( 'NONE', *, *, #819, .T. ) ;
#84 = DIRECTION ( 'NONE',  ( -0.000000000000000000, -0.000000000000000000, 1.000000000000000000 ) ) ;
#85 = AXIS2_PLACEMENT_3D ( 'NONE', #3405, #891, #600 ) ;
#86 = CARTESIAN_POINT ( 'NONE',  ( 927.0669627781774125, 118.5985280193389997, 15.00000000000000000 ) ) ;
#87 = DIRECTION ( 'NONE',  ( -0.000000000000000000, -0.000000000000000000, 1.000000000000000000 ) ) ;
#88 = ORIENTED_EDGE ( 'NONE', *, *, #3384, .F. ) ;
#89 = ORIENTED_EDGE ( 'NONE', *, *, #3378, .T. ) ;
#90 = ORIENTED_EDGE ( 'NONE', *, *, #1891, .F. ) ;
#91 = FACE_OUTER_BOUND ( 'NONE', #3373, .T. ) ;
#92 = CARTESIAN_POINT ( 'NONE',  ( 939.0669627781751387, -57.40147198066088663, 15.00000000000000000 ) ) ;
#93 = EDGE_CURVE ( 'NONE', #3501, #3501, #1445, .T. ) ;
#94 = DIRECTION ( 'NONE',  ( 1.000000000000000000, 0.000000000000000000, 0.000000000000000000 ) ) ;
#95 = EDGE_LOOP ( 'NONE', ( #2538 ) ) ;
#96 = ORIENTED_EDGE ( 'NONE', *, *, #200, .F. ) ;
#97 = CARTESIAN_POINT ( 'NONE',  ( 1044.316962778174457, 2.598528019339019224, 9.000000000000000000 ) ) ;
#98 = CARTESIAN_POINT ( 'NONE',  ( 1089.566962778183324, 81.59852801933320166, 13.00000000000000000 ) ) ;
#99 = ADVANCED_FACE ( 'NONE', ( #2037, #1181 ), #2638, .F. ) ;
#100 = CARTESIAN_POINT ( 'NONE',  ( 1117.816962778174457, 118.5985280193389713, 9.000000000000000000 ) ) ;
#101 = DIRECTION ( 'NONE',  ( 1.000000000000000000, 0.000000000000000000, 0.000000000000000000 ) ) ;
#102 = DIRECTION ( 'NONE',  ( 1.000000000000000000, 0.000000000000000000, 0.000000000000000000 ) ) ;
#103 = DIRECTION ( 'NONE',  ( -0.000000000000000000, -0.000000000000000000, 1.000000000000000000 ) ) ;
#104 = FACE_OUTER_BOUND ( 'NONE', #2677, .T. ) ;
#105 = ORIENTED_EDGE ( 'NONE', *, *, #2738, .F. ) ;
#106 = AXIS2_PLACEMENT_3D ( 'NONE', #2185, #3316, #3555 ) ;
#107 = AXIS2_PLACEMENT_3D ( 'NONE', #2034, #2278, #317 ) ;
#108 = ORIENTED_EDGE ( 'NONE', *, *, #3642, .T. ) ;
#109 = CARTESIAN_POINT ( 'NONE',  ( 1041.566962778183324, 45.59852801933342192, 15.00000000000000000 ) ) ;
#110 = AXIS2_PLACEMENT_3D ( 'NONE', #853, #2539, #2090 ) ;
#111 = DIRECTION ( 'NONE',  ( 1.000000000000000000, 0.000000000000000000, 0.000000000000000000 ) ) ;
#112 = CARTESIAN_POINT ( 'NONE',  ( 939.0669627781751387, -12.40147198066086887, 9.000000000000000000 ) ) ;
#113 = CIRCLE ( 'NONE', #3133, 2.500000000000168754 ) ;
#114 = CARTESIAN_POINT ( 'NONE',  ( 1041.566962778183324, 45.59852801933342192, 13.00000000000000000 ) ) ;
#115 = CYLINDRICAL_SURFACE ( 'NONE', #2498, 2.750000000000030198 ) ;
#116 = EDGE_LOOP ( 'NONE', ( #1991 ) ) ;
#117 = CIRCLE ( 'NONE', #2446, 2.750000000000030198 ) ;
#118 = ADVANCED_FACE ( 'NONE', ( #885, #2414 ), #3487, .F. ) ;
#119 = VERTEX_POINT ( 'NONE', #534 ) ;
#120 = LINE ( 'NONE', #2180, #598 ) ;
#121 = DIRECTION ( 'NONE',  ( 0.000000000000000000, 0.000000000000000000, -1.000000000000000000 ) ) ;
#122 = DIRECTION ( 'NONE',  ( 1.000000000000000000, 0.000000000000000000, 0.000000000000000000 ) ) ;
#123 = CARTESIAN_POINT ( 'NONE',  ( 955.5682651695154846, 81.59852801933305955, 15.00000000000000000 ) ) ;
#124 = EDGE_LOOP ( 'NONE', ( #2444 ) ) ;
#125 = EDGE_CURVE ( 'NONE', #1858, #1858, #3475, .T. ) ;
#126 = ORIENTED_EDGE ( 'NONE', *, *, #125, .F. ) ;
#127 = ORIENTED_EDGE ( 'NONE', *, *, #1345, .F. ) ;
#128 = CARTESIAN_POINT ( 'NONE',  ( 984.0669627781750251, 82.59852801933902811, 9.000000000000000000 ) ) ;
#129 = VERTEX_POINT ( 'NONE', #2409 ) ;
#130 = CARTESIAN_POINT ( 'NONE',  ( 1029.066962778175366, -12.40147198066086887, 15.00000000000000000 ) ) ;
#131 = VERTEX_POINT ( 'NONE', #923 ) ;
#132 = LINE ( 'NONE', #3439, #1674 ) ;
#133 = DIRECTION ( 'NONE',  ( 1.000000000000000000, 0.000000000000000000, 0.000000000000000000 ) ) ;
#134 = DIRECTION ( 'NONE',  ( 0.000000000000000000, 0.000000000000000000, -1.000000000000000000 ) ) ;
#135 = DIRECTION ( 'NONE',  ( 1.000000000000000000, 0.000000000000000000, 0.000000000000000000 ) ) ;
#136 = ADVANCED_FACE ( 'NONE', ( #972, #420 ), #987, .F. ) ;
#137 = CARTESIAN_POINT ( 'NONE',  ( 936.5669627781751387, -12.40147198066086887, 9.000000000000000000 ) ) ;
#138 = CARTESIAN_POINT ( 'NONE',  ( 1044.316962778183097, 118.5985280193389997, 9.000000000000000000 ) ) ;
#139 = ORIENTED_EDGE ( 'NONE', *, *, #695, .T. ) ;
#140 = AXIS2_PLACEMENT_3D ( 'NONE', #2797, #556, #587 ) ;
#141 = CYLINDRICAL_SURFACE ( 'NONE', #248, 2.499999999999946709 ) ;
#142 = ADVANCED_FACE ( 'NONE', ( #2123, #2669 ), #2178, .F. ) ;
#143 = EDGE_LOOP ( 'NONE', ( #1864 ) ) ;
#144 = ORIENTED_EDGE ( 'NONE', *, *, #2523, .F. ) ;
#145 = ADVANCED_FACE ( 'NONE', ( #1049, #152 ), #3232, .F. ) ;
#146 = CARTESIAN_POINT ( 'NONE',  ( 1091.566962778183324, 118.5985280193389997, 15.00000000000000000 ) ) ;
#147 = CARTESIAN_POINT ( 'NONE',  ( 1004.316962778433435, -69.90147198092957126, 13.00000000000000000 ) ) ;
#148 = CARTESIAN_POINT ( 'NONE',  ( 950.5669627781774125, 118.5985280193389997, 15.00000000000000000 ) ) ;
#149 = DIRECTION ( 'NONE',  ( 1.000000000000000000, 0.000000000000000000, 0.000000000000000000 ) ) ;
#150 = DIRECTION ( 'NONE',  ( 1.000000000000000000, 0.000000000000000000, 0.000000000000000000 ) ) ;
#151 = FACE_OUTER_BOUND ( 'NONE', #2316, .T. ) ;
#152 = FACE_OUTER_BOUND ( 'NONE', #2145, .T. ) ;
#153 = PERSON_AND_ORGANIZATION ( #1364, #511 ) ;
#154 = DIRECTION ( 'NONE',  ( -0.000000000000000000, -0.000000000000000000, 1.000000000000000000 ) ) ;
#155 = DIRECTION ( 'NONE',  ( -0.000000000000000000, -0.000000000000000000, 1.000000000000000000 ) ) ;
#156 = DIRECTION ( 'NONE',  ( 1.000000000000000000, 0.000000000000000000, 0.000000000000000000 ) ) ;
#157 = CYLINDRICAL_SURFACE ( 'NONE', #3075, 2.750000000000030198 ) ;
#158 = VERTEX_POINT ( 'NONE', #123 ) ;
#159 = EDGE_LOOP ( 'NONE', ( #311 ) ) ;
#160 = APPROVAL_ROLE ( '' ) ;
#161 = CYLINDRICAL_SURFACE ( 'NONE', #653, 4.999999999999893419 ) ;
#162 = LINE ( 'NONE', #2465, #780 ) ;
#163 = EDGE_LOOP ( 'NONE', ( #1158 ) ) ;
#164 = EDGE_CURVE ( 'NONE', #2064, #2064, #3088, .T. ) ;
#165 = EDGE_LOOP ( 'NONE', ( #1739 ) ) ;
#166 = DIRECTION ( 'NONE',  ( 0.000000000000000000, 0.000000000000000000, 1.000000000000000000 ) ) ;
#167 = DIRECTION ( 'NONE',  ( -0.000000000000000000, -0.000000000000000000, 1.000000000000000000 ) ) ;
#168 = VERTEX_POINT ( 'NONE', #2173 ) ;
#169 = CARTESIAN_POINT ( 'NONE',  ( 953.3182651695155982, 2.598528019338810946, 13.00000000000000000 ) ) ;
#170 = AXIS2_PLACEMENT_3D ( 'NONE', #3365, #1365, #2547 ) ;
#171 = CIRCLE ( 'NONE', #2029, 2.750000000000030198 ) ;
#172 = EDGE_CURVE ( 'NONE', #2154, #2154, #2038, .T. ) ;
#173 = VERTEX_POINT ( 'NONE', #1064 ) ;
#174 = CYLINDRICAL_SURFACE ( 'NONE', #3414, 2.750000000000030198 ) ;
#175 = AXIS2_PLACEMENT_3D ( 'NONE', #2288, #3087, #3605 ) ;
#176 = AXIS2_PLACEMENT_3D ( 'NONE', #3049, #514, #2485 ) ;
#177 = DIRECTION ( 'NONE',  ( -0.000000000000000000, -0.000000000000000000, 1.000000000000000000 ) ) ;
#178 = PLANE ( 'NONE',  #3376 ) ;
#179 = ORIENTED_EDGE ( 'NONE', *, *, #2094, .F. ) ;
#180 = DIRECTION ( 'NONE',  ( -0.000000000000000000, -0.000000000000000000, 1.000000000000000000 ) ) ;
#181 = AXIS2_PLACEMENT_3D ( 'NONE', #719, #154, #2276 ) ;
#182 = DIRECTION ( 'NONE',  ( -0.000000000000000000, -0.000000000000000000, 1.000000000000000000 ) ) ;
#183 = FACE_BOUND ( 'NONE', #495, .T. ) ;
#184 = AXIS2_PLACEMENT_3D ( 'NONE', #2201, #2983, #3003 ) ;
#185 = FACE_OUTER_BOUND ( 'NONE', #1524, .T. ) ;
#186 = ORIENTED_EDGE ( 'NONE', *, *, #608, .T. ) ;
#187 = DIRECTION ( 'NONE',  ( 0.000000000000000000, 0.000000000000000000, -1.000000000000000000 ) ) ;
#188 = PLANE ( 'NONE',  #1986 ) ;
#189 = EDGE_LOOP ( 'NONE', ( #2108 ) ) ;
#190 = ORIENTED_EDGE ( 'NONE', *, *, #1228, .F. ) ;
#191 = EDGE_CURVE ( 'NONE', #2984, #997, #1841, .T. ) ;
#192 = FACE_OUTER_BOUND ( 'NONE', #344, .T. ) ;
#193 = VERTEX_POINT ( 'NONE', #1299 ) ;
#194 = CARTESIAN_POINT ( 'NONE',  ( 1089.566962778183324, 2.598528019339019224, 13.00000000000000000 ) ) ;
#195 = ADVANCED_FACE ( 'NONE', ( #755, #1557 ), #1899, .F. ) ;
#196 = CIRCLE ( 'NONE', #2399, 2.750000000000030198 ) ;
#197 = CARTESIAN_POINT ( 'NONE',  ( 1092.316962778183552, -34.90147198066097189, 13.00000000000000000 ) ) ;
#198 = FACE_BOUND ( 'NONE', #585, .T. ) ;
#200 = EDGE_CURVE ( 'NONE', #3129, #825, #3562, .T. ) ;
#199 = DIRECTION ( 'NONE',  ( -1.000000000000000000, 0.000000000000000000, -0.000000000000000000 ) ) ;
#201 = CYLINDRICAL_SURFACE ( 'NONE', #2954, 4.999999999999893419 ) ;
#202 = EDGE_LOOP ( 'NONE', ( #1725 ) ) ;
#203 = COORDINATED_UNIVERSAL_TIME_OFFSET ( 8, 0, .AHEAD. ) ;
#204 = CIRCLE ( 'NONE', #679, 5.000000000000004441 ) ;
#205 = AXIS2_PLACEMENT_3D ( 'NONE', #1638, #1400, #3358 ) ;
#206 = EDGE_LOOP ( 'NONE', ( #3078 ) ) ;
#207 = DIRECTION ( 'NONE',  ( 1.000000000000000000, 0.000000000000000000, 0.000000000000000000 ) ) ;
#208 = PLANE ( 'NONE',  #2147 ) ;
#209 = CARTESIAN_POINT ( 'NONE',  ( 1046.566962778183324, 118.5985280193389997, 13.00000000000000000 ) ) ;
#210 = DIRECTION ( 'NONE',  ( 0.000000000000000000, 0.000000000000000000, 1.000000000000000000 ) ) ;
#211 = CYLINDRICAL_SURFACE ( 'NONE', #2799, 5.000000000000004441 ) ;
#212 = VERTEX_POINT ( 'NONE', #147 ) ;
#213 = EDGE_LOOP ( 'NONE', ( #3493 ) ) ;
#214 = DIRECTION ( 'NONE',  ( -0.000000000000000000, -0.000000000000000000, 1.000000000000000000 ) ) ;
#215 = CARTESIAN_POINT ( 'NONE',  ( 946.5669627784334352, -69.90147198092957126, 15.00000000000000000 ) ) ;
#216 = EDGE_LOOP ( 'NONE', ( #2336 ) ) ;
#217 = EDGE_CURVE ( 'NONE', #2776, #2776, #2853, .T. ) ;
#218 = CARTESIAN_POINT ( 'NONE',  ( 1094.566962778183324, 45.59852801933320166, 15.00000000000000000 ) ) ;
#219 = FACE_BOUND ( 'NONE', #1377, .T. ) ;
#220 = DIRECTION ( 'NONE',  ( -0.000000000000000000, -0.000000000000000000, 1.000000000000000000 ) ) ;
#221 = DIRECTION ( 'NONE',  ( -0.000000000000000000, -0.000000000000000000, 1.000000000000000000 ) ) ;
#222 = ORIENTED_EDGE ( 'NONE', *, *, #1840, .T. ) ;
#223 = ADVANCED_FACE ( 'NONE', ( #499, #2759 ), #211, .F. ) ;
#224 = CARTESIAN_POINT ( 'NONE',  ( 1041.566962778174457, 2.598528019339019224, 15.00000000000000000 ) ) ;
#225 = ORIENTED_EDGE ( 'NONE', *, *, #3544, .F. ) ;
#226 = EDGE_LOOP ( 'NONE', ( #3114 ) ) ;
#227 = CARTESIAN_POINT ( 'NONE',  ( 946.5669627784334352, -69.90147198092957126, 15.00000000000000000 ) ) ;
#228 = ORIENTED_EDGE ( 'NONE', *, *, #1724, .F. ) ;
#229 = FACE_OUTER_BOUND ( 'NONE', #2724, .T. ) ;
#230 = VERTEX_POINT ( 'NONE', #3282 ) ;
#231 = EDGE_LOOP ( 'NONE', ( #675 ) ) ;
#232 = FACE_OUTER_BOUND ( 'NONE', #1530, .T. ) ;
#233 = CARTESIAN_POINT ( 'NONE',  ( 999.3585592633630768, -34.90147198066080847, 13.00000000000000000 ) ) ;
#234 = CIRCLE ( 'NONE', #2506, 4.999999999999893419 ) ;
#235 = AXIS2_PLACEMENT_3D ( 'NONE', #591, #1409, #1 ) ;
#236 = ORIENTED_EDGE ( 'NONE', *, *, #1565, .F. ) ;
#237 = CIRCLE ( 'NONE', #3186, 2.750000000000030198 ) ;
#238 = AXIS2_PLACEMENT_3D ( 'NONE', #2888, #1520, #1791 ) ;
#239 = FACE_OUTER_BOUND ( 'NONE', #770, .T. ) ;
#240 = FACE_BOUND ( 'NONE', #3145, .T. ) ;
#241 = DIRECTION ( 'NONE',  ( -0.000000000000000000, -0.000000000000000000, 1.000000000000000000 ) ) ;
#242 = FACE_OUTER_BOUND ( 'NONE', #1357, .T. ) ;
#243 = ADVANCED_FACE ( 'NONE', ( #814, #1959 ), #535, .F. ) ;
#244 = CIRCLE ( 'NONE', #2377, 5.000000000000004441 ) ;
#245 = CIRCLE ( 'NONE', #3025, 4.999999999999893419 ) ;
#246 = EDGE_LOOP ( 'NONE', ( #2896 ) ) ;
#247 = CARTESIAN_POINT ( 'NONE',  ( 1089.566962778183324, 45.59852801933320166, 13.00000000000000000 ) ) ;
#248 = AXIS2_PLACEMENT_3D ( 'NONE', #1890, #468, #2809 ) ;
#249 = AXIS2_PLACEMENT_3D ( 'NONE', #1604, #1847, #1561 ) ;
#250 = ADVANCED_FACE ( 'NONE', ( #481, #1598 ), #3284, .F. ) ;
#251 = AXIS2_PLACEMENT_3D ( 'NONE', #1580, #1306, #483 ) ;
#252 = ORIENTED_EDGE ( 'NONE', *, *, #795, .T. ) ;
#253 = EDGE_LOOP ( 'NONE', ( #1955 ) ) ;
#254 = CYLINDRICAL_SURFACE ( 'NONE', #1386, 2.750000000000030198 ) ;
#255 = EDGE_LOOP ( 'NONE', ( #2642 ) ) ;
#256 = ORIENTED_EDGE ( 'NONE', *, *, #2911, .T. ) ;
#257 = CARTESIAN_POINT ( 'NONE',  ( 1094.566962778178777, -66.90147198065939449, 15.00000000000000000 ) ) ;
#258 = PERSON_AND_ORGANIZATION ( #1364, #511 ) ;
#259 = FACE_BOUND ( 'NONE', #320, .T. ) ;
#260 = FACE_BOUND ( 'NONE', #2832, .T. ) ;
#261 = DIRECTION ( 'NONE',  ( 1.000000000000000000, 0.000000000000000000, 0.000000000000000000 ) ) ;
#262 = FACE_BOUND ( 'NONE', #1884, .T. ) ;
#263 = CARTESIAN_POINT ( 'NONE',  ( 936.5669627781751387, -57.40147198066088663, 15.00000000000000000 ) ) ;
#264 = ORIENTED_EDGE ( 'NONE', *, *, #933, .F. ) ;
#265 = AXIS2_PLACEMENT_3D ( 'NONE', #1266, #2938, #2396 ) ;
#266 = DIRECTION ( 'NONE',  ( -0.000000000000000000, -0.000000000000000000, 1.000000000000000000 ) ) ;
#267 = EDGE_CURVE ( 'NONE', #3561, #3561, #1990, .T. ) ;
#268 = CYLINDRICAL_SURFACE ( 'NONE', #1024, 2.750000000000030198 ) ;
#269 = DIRECTION ( 'NONE',  ( -0.000000000000000000, -0.000000000000000000, 1.000000000000000000 ) ) ;
#270 = ORIENTED_EDGE ( 'NONE', *, *, #2495, .F. ) ;
#271 = AXIS2_PLACEMENT_3D ( 'NONE', #2532, #840, #561 ) ;
#272 = EDGE_LOOP ( 'NONE', ( #2827 ) ) ;
#273 = EDGE_CURVE ( 'NONE', #1101, #1101, #663, .T. ) ;
#274 = AXIS2_PLACEMENT_3D ( 'NONE', #1217, #2346, #1232 ) ;
#275 = DIRECTION ( 'NONE',  ( 1.000000000000000000, 0.000000000000000000, 0.000000000000000000 ) ) ;
#276 = EDGE_LOOP ( 'NONE', ( #3150 ) ) ;
#277 = PLANE ( 'NONE',  #3051 ) ;
#278 = DIRECTION ( 'NONE',  ( -0.000000000000000000, -0.000000000000000000, 1.000000000000000000 ) ) ;
#279 = CYLINDRICAL_SURFACE ( 'NONE', #140, 2.750000000000030198 ) ;
#280 = CARTESIAN_POINT ( 'NONE',  ( 953.3182651695155982, 42.59852801933307376, 9.000000000000000000 ) ) ;
#281 = ORIENTED_EDGE ( 'NONE', *, *, #3294, .T. ) ;
#282 = EDGE_CURVE ( 'NONE', #3064, #3064, #2389, .T. ) ;
#283 = FACE_OUTER_BOUND ( 'NONE', #2913, .T. ) ;
#284 = VERTEX_POINT ( 'NONE', #576 ) ;
#285 = DIRECTION ( 'NONE',  ( -0.000000000000000000, -0.000000000000000000, 1.000000000000000000 ) ) ;
#286 = FACE_OUTER_BOUND ( 'NONE', #1419, .T. ) ;
#287 = DIRECTION ( 'NONE',  ( 1.000000000000000000, 0.000000000000000000, 0.000000000000000000 ) ) ;
#288 = ORIENTED_EDGE ( 'NONE', *, *, #351, .T. ) ;
#289 = EDGE_LOOP ( 'NONE', ( #1106 ) ) ;
#290 = CYLINDRICAL_SURFACE ( 'NONE', #3489, 2.499999999999946709 ) ;
#291 = EDGE_CURVE ( 'NONE', #1878, #1878, #3142, .T. ) ;
#292 = EDGE_LOOP ( 'NONE', ( #190 ) ) ;
#293 = DIRECTION ( 'NONE',  ( -0.000000000000000000, -0.000000000000000000, 1.000000000000000000 ) ) ;
#294 = CARTESIAN_POINT ( 'NONE',  ( 1094.566962778183324, 81.59852801933320166, 15.00000000000000000 ) ) ;
#295 = EDGE_CURVE ( 'NONE', #168, #168, #2450, .T. ) ;
#296 = ORIENTED_EDGE ( 'NONE', *, *, #1731, .T. ) ;
#297 = CARTESIAN_POINT ( 'NONE',  ( 929.8169627781775262, 81.59852801933305955, 13.00000000000000000 ) ) ;
#298 = LINE ( 'NONE', #2873, #3523 ) ;
#299 = DIRECTION ( 'NONE',  ( -0.000000000000000000, -1.000000000000000000, -0.000000000000000000 ) ) ;
#300 = EDGE_LOOP ( 'NONE', ( #881 ) ) ;
#301 = AXIS2_PLACEMENT_3D ( 'NONE', #2527, #1124, #573 ) ;
#302 = CARTESIAN_POINT ( 'NONE',  ( 1089.316962778183097, 118.5985280193389997, 9.000000000000000000 ) ) ;
#303 = CARTESIAN_POINT ( 'NONE',  ( 927.0669627781775262, 42.59852801933327981, 13.00000000000000000 ) ) ;
#304 = AXIS2_PLACEMENT_3D ( 'NONE', #1767, #80, #919 ) ;
#305 = DIRECTION ( 'NONE',  ( 1.000000000000000000, 0.000000000000000000, 0.000000000000000000 ) ) ;
#306 = AXIS2_PLACEMENT_3D ( 'NONE', #2598, #55, #1203 ) ;
#307 = CIRCLE ( 'NONE', #3251, 2.750000000000030198 ) ;
#308 = EDGE_LOOP ( 'NONE', ( #2242 ) ) ;
#309 = DIRECTION ( 'NONE',  ( -0.000000000000000000, -0.000000000000000000, 1.000000000000000000 ) ) ;
#310 = EDGE_LOOP ( 'NONE', ( #3013 ) ) ;
#311 = ORIENTED_EDGE ( 'NONE', *, *, #342, .T. ) ;
#312 = PRODUCT_RELATED_PRODUCT_CATEGORY ( 'detail', '', ( #1153 ) ) ;
#313 = VERTEX_POINT ( 'NONE', #27 ) ;
#314 = DIRECTION ( 'NONE',  ( 1.000000000000000000, 0.000000000000000000, 0.000000000000000000 ) ) ;
#315 = EDGE_CURVE ( 'NONE', #1316, #1316, #1208, .T. ) ;
#316 = CYLINDRICAL_SURFACE ( 'NONE', #304, 4.999999999999893419 ) ;
#317 = DIRECTION ( 'NONE',  ( 1.000000000000000000, 0.000000000000000000, 0.000000000000000000 ) ) ;
#318 = EDGE_LOOP ( 'NONE', ( #3396 ) ) ;
#319 = DIRECTION ( 'NONE',  ( -1.000000000000000000, 0.000000000000000000, -0.000000000000000000 ) ) ;
#320 = EDGE_LOOP ( 'NONE', ( #45 ) ) ;
#321 = VERTEX_POINT ( 'NONE', #2089 ) ;
#322 = EDGE_CURVE ( 'NONE', #1540, #1540, #67, .T. ) ;
#323 = ORIENTED_EDGE ( 'NONE', *, *, #520, .T. ) ;
#324 = FACE_OUTER_BOUND ( 'NONE', #1998, .T. ) ;
#325 = FACE_OUTER_BOUND ( 'NONE', #1761, .T. ) ;
#326 = EDGE_LOOP ( 'NONE', ( #618 ) ) ;
#327 = EDGE_LOOP ( 'NONE', ( #3623, #2909, #2126, #1403 ) ) ;
#328 = DIRECTION ( 'NONE',  ( 1.000000000000000000, 0.000000000000000000, 0.000000000000000000 ) ) ;
#329 = AXIS2_PLACEMENT_3D ( 'NONE', #3001, #187, #1942 ) ;
#330 = DIRECTION ( 'NONE',  ( 0.000000000000000000, 0.000000000000000000, 1.000000000000000000 ) ) ;
#331 = ORIENTED_EDGE ( 'NONE', *, *, #1793, .T. ) ;
#332 = CIRCLE ( 'NONE', #1707, 5.000000000000115463 ) ;
#333 = VERTEX_POINT ( 'NONE', #2293 ) ;
#334 = CARTESIAN_POINT ( 'NONE',  ( 929.8169627781775262, 81.59852801933305955, 13.00000000000000000 ) ) ;
#335 = CARTESIAN_POINT ( 'NONE',  ( 950.5682651695154846, 81.59852801933305955, 15.00000000000000000 ) ) ;
#336 = ORIENTED_EDGE ( 'NONE', *, *, #1050, .T. ) ;
#337 = CYLINDRICAL_SURFACE ( 'NONE', #2348, 2.750000000000030198 ) ;
#338 = CARTESIAN_POINT ( 'NONE',  ( 1004.316962778433435, -69.90147198092957126, 13.00000000000000000 ) ) ;
#339 = EDGE_CURVE ( 'NONE', #1021, #1021, #554, .T. ) ;
#340 = VERTEX_POINT ( 'NONE', #951 ) ;
#341 = PLANE ( 'NONE',  #2559 ) ;
#342 = EDGE_CURVE ( 'NONE', #129, #129, #3320, .T. ) ;
#343 = CARTESIAN_POINT ( 'NONE',  ( 956.5669627781936697, 12.59852801934287214, 9.000000000000000000 ) ) ;
#344 = EDGE_LOOP ( 'NONE', ( #3098 ) ) ;
#345 = EDGE_LOOP ( 'NONE', ( #2281 ) ) ;
#346 = DIRECTION ( 'NONE',  ( -0.000000000000000000, -0.000000000000000000, 1.000000000000000000 ) ) ;
#347 = CARTESIAN_POINT ( 'NONE',  ( 939.0669627781751387, 32.59852801933908495, 15.00000000000000000 ) ) ;
#348 = DIRECTION ( 'NONE',  ( 0.000000000000000000, 0.000000000000000000, 1.000000000000000000 ) ) ;
#349 = ORIENTED_EDGE ( 'NONE', *, *, #3457, .F. ) ;
#350 = DIRECTION ( 'NONE',  ( -0.000000000000000000, -0.000000000000000000, 1.000000000000000000 ) ) ;
#351 = EDGE_CURVE ( 'NONE', #2135, #2135, #1993, .T. ) ;
#352 = VECTOR ( 'NONE', #299, 1000.000000000000000 ) ;
#353 = ORIENTED_EDGE ( 'NONE', *, *, #1914, .T. ) ;
#354 = AXIS2_PLACEMENT_3D ( 'NONE', #3629, #2255, #319 ) ;
#355 = FACE_OUTER_BOUND ( 'NONE', #2318, .T. ) ;
#356 = CIRCLE ( 'NONE', #2500, 2.750000000000030198 ) ;
#357 = FACE_OUTER_BOUND ( 'NONE', #430, .T. ) ;
#358 = DIRECTION ( 'NONE',  ( 1.000000000000000000, 0.000000000000000000, 0.000000000000000000 ) ) ;
#359 = EDGE_CURVE ( 'NONE', #3245, #3245, #3601, .T. ) ;
#360 = AXIS2_PLACEMENT_3D ( 'NONE', #65, #1466, #3438 ) ;
#361 = ORIENTED_EDGE ( 'NONE', *, *, #164, .F. ) ;
#362 = ORIENTED_EDGE ( 'NONE', *, *, #1944, .F. ) ;
#363 = FACE_BOUND ( 'NONE', #3613, .T. ) ;
#364 = AXIS2_PLACEMENT_3D ( 'NONE', #789, #1931, #3045 ) ;
#365 = CARTESIAN_POINT ( 'NONE',  ( 1044.316962778183097, 81.59852801933342903, 13.00000000000000000 ) ) ;
#366 = FACE_OUTER_BOUND ( 'NONE', #202, .T. ) ;
#367 = DIRECTION ( 'NONE',  ( 1.000000000000000000, 0.000000000000000000, 0.000000000000000000 ) ) ;
#368 = AXIS2_PLACEMENT_3D ( 'NONE', #798, #778, #460 ) ;
#369 = CARTESIAN_POINT ( 'NONE',  ( 955.5682651695154846, -34.90147198066080847, 13.00000000000000000 ) ) ;
#370 = DIRECTION ( 'NONE',  ( -0.000000000000000000, -0.000000000000000000, 1.000000000000000000 ) ) ;
#371 = CARTESIAN_POINT ( 'NONE',  ( 1121.566962778174684, -77.40147198066100032, 15.00000000000000000 ) ) ;
#372 = DIRECTION ( 'NONE',  ( 1.000000000000000000, 0.000000000000000000, 0.000000000000000000 ) ) ;
#373 = DIRECTION ( 'NONE',  ( 0.000000000000000000, 0.000000000000000000, 1.000000000000000000 ) ) ;
#374 = ORIENTED_EDGE ( 'NONE', *, *, #762, .F. ) ;
#375 = FACE_OUTER_BOUND ( 'NONE', #928, .T. ) ;
#376 = ORIENTED_EDGE ( 'NONE', *, *, #1252, .T. ) ;
#377 = ADVANCED_FACE ( 'NONE', ( #1923, #2715 ), #1384, .F. ) ;
#378 = ORIENTED_EDGE ( 'NONE', *, *, #3345, .F. ) ;
#379 = AXIS2_PLACEMENT_3D ( 'NONE', #3066, #832, #859 ) ;
#380 = DIRECTION ( 'NONE',  ( 1.000000000000000000, 0.000000000000000000, 0.000000000000000000 ) ) ;
#381 = CIRCLE ( 'NONE', #440, 2.500000000000168754 ) ;
#382 = CARTESIAN_POINT ( 'NONE',  ( 953.3182651695155982, 2.598528019338810946, 13.00000000000000000 ) ) ;
#383 = CARTESIAN_POINT ( 'NONE',  ( 999.3169627781832105, 81.59852801933320166, 13.00000000000000000 ) ) ;
#384 = VECTOR ( 'NONE', #2383, 1000.000000000000000 ) ;
#385 = DIRECTION ( 'NONE',  ( 1.000000000000000000, 0.000000000000000000, 0.000000000000000000 ) ) ;
#386 = FACE_BOUND ( 'NONE', #2600, .T. ) ;
#387 = DIRECTION ( 'NONE',  ( -1.000000000000000000, 0.000000000000000000, -0.000000000000000000 ) ) ;
#388 = FACE_OUTER_BOUND ( 'NONE', #1117, .T. ) ;
#389 = PLANE ( 'NONE',  #3247 ) ;
#390 = EDGE_LOOP ( 'NONE', ( #3598 ) ) ;
#391 = AXIS2_PLACEMENT_3D ( 'NONE', #2656, #121, #2908 ) ;
#392 = ORIENTED_EDGE ( 'NONE', *, *, #3378, .F. ) ;
#393 = EDGE_CURVE ( 'NONE', #433, #433, #3090, .T. ) ;
#394 = VERTEX_POINT ( 'NONE', #2369 ) ;
#395 = CARTESIAN_POINT ( 'NONE',  ( 1044.316962778183324, 45.59852801933342192, 13.00000000000000000 ) ) ;
#396 = DIRECTION ( 'NONE',  ( -0.000000000000000000, -0.000000000000000000, 1.000000000000000000 ) ) ;
#397 = ADVANCED_FACE ( 'NONE', ( #2992, #3344 ), #178, .F. ) ;
#398 = ORIENTED_EDGE ( 'NONE', *, *, #2094, .T. ) ;
#399 = CARTESIAN_POINT ( 'NONE',  ( 1121.566962778174684, -77.40147198066100032, 9.000000000000000000 ) ) ;
#400 = CARTESIAN_POINT ( 'NONE',  ( 916.5669627781744566, 128.5985280193389997, 15.00000000000000000 ) ) ;
#401 = DIRECTION ( 'NONE',  ( 0.000000000000000000, 0.000000000000000000, 1.000000000000000000 ) ) ;
#402 = DIRECTION ( 'NONE',  ( -0.000000000000000000, -0.000000000000000000, 1.000000000000000000 ) ) ;
#403 = EDGE_LOOP ( 'NONE', ( #1624 ) ) ;
#404 = DIRECTION ( 'NONE',  ( -0.000000000000000000, -0.000000000000000000, 1.000000000000000000 ) ) ;
#405 = AXIS2_PLACEMENT_3D ( 'NONE', #3579, #1596, #1861 ) ;
#406 = AXIS2_PLACEMENT_3D ( 'NONE', #1768, #1467, #2016 ) ;
#407 = DIRECTION ( 'NONE',  ( -0.000000000000000000, -0.000000000000000000, 1.000000000000000000 ) ) ;
#408 = EDGE_LOOP ( 'NONE', ( #726, #1205, #1234, #1745, #3578, #1835, #1083, #754 ) ) ;
#409 = AXIS2_PLACEMENT_3D ( 'NONE', #3461, #961, #1273 ) ;
#410 = VECTOR ( 'NONE', #3355, 1000.000000000000000 ) ;
#411 = ORIENTED_EDGE ( 'NONE', *, *, #125, .T. ) ;
#412 = AXIS2_PLACEMENT_3D ( 'NONE', #2583, #57, #358 ) ;
#413 = AXIS2_PLACEMENT_3D ( 'NONE', #2670, #462, #3016 ) ;
#414 = VERTEX_POINT ( 'NONE', #128 ) ;
#415 = VERTEX_POINT ( 'NONE', #347 ) ;
#416 = CC_DESIGN_DATE_AND_TIME_ASSIGNMENT ( #1073, #900, ( #1759 ) ) ;
#417 = AXIS2_PLACEMENT_3D ( 'NONE', #3037, #501, #1023 ) ;
#418 = DIRECTION ( 'NONE',  ( -0.000000000000000000, -0.000000000000000000, 1.000000000000000000 ) ) ;
#419 = ORIENTED_EDGE ( 'NONE', *, *, #1329, .F. ) ;
#420 = FACE_OUTER_BOUND ( 'NONE', #1367, .T. ) ;
#421 = EDGE_CURVE ( 'NONE', #2689, #2689, #1497, .T. ) ;
#422 = DIRECTION ( 'NONE',  ( -0.000000000000000000, -0.000000000000000000, 1.000000000000000000 ) ) ;
#423 = CYLINDRICAL_SURFACE ( 'NONE', #1905, 2.750000000000030198 ) ;
#424 = CARTESIAN_POINT ( 'NONE',  ( 929.0669627784334352, 7.598528019070460715, 13.00000000000000000 ) ) ;
#425 = CARTESIAN_POINT ( 'NONE',  ( 1121.566962778174457, 128.5985280193389997, 15.00000000000000000 ) ) ;
#426 = EDGE_LOOP ( 'NONE', ( #1870 ) ) ;
#427 = ADVANCED_FACE ( 'NONE', ( #2475, #3564 ), #3305, .F. ) ;
#428 = DIRECTION ( 'NONE',  ( 1.000000000000000000, 0.000000000000000000, 0.000000000000000000 ) ) ;
#429 = EDGE_LOOP ( 'NONE', ( #1354 ) ) ;
#430 = EDGE_LOOP ( 'NONE', ( #515 ) ) ;
#431 = DIRECTION ( 'NONE',  ( 1.000000000000000000, 0.000000000000000000, 0.000000000000000000 ) ) ;
#432 = FACE_BOUND ( 'NONE', #2381, .T. ) ;
#433 = VERTEX_POINT ( 'NONE', #1574 ) ;
#434 = CARTESIAN_POINT ( 'NONE',  ( 1046.566962778178777, -66.90147198065939449, 13.00000000000000000 ) ) ;
#435 = FACE_OUTER_BOUND ( 'NONE', #1118, .T. ) ;
#436 = CARTESIAN_POINT ( 'NONE',  ( 1026.566962778175366, 32.59852801933908495, 9.000000000000000000 ) ) ;
#437 = FACE_OUTER_BOUND ( 'NONE', #1237, .T. ) ;
#438 = CARTESIAN_POINT ( 'NONE',  ( 1092.316962778183552, 2.598528019339019224, 13.00000000000000000 ) ) ;
#439 = ORIENTED_EDGE ( 'NONE', *, *, #315, .T. ) ;
#440 = AXIS2_PLACEMENT_3D ( 'NONE', #1501, #3192, #314 ) ;
#441 = DIRECTION ( 'NONE',  ( 0.000000000000000000, 0.000000000000000000, -1.000000000000000000 ) ) ;
#442 = AXIS2_PLACEMENT_3D ( 'NONE', #3117, #1498, #2079 ) ;
#443 = FACE_BOUND ( 'NONE', #3499, .T. ) ;
#444 = VERTEX_POINT ( 'NONE', #3200 ) ;
#445 = VERTEX_POINT ( 'NONE', #1287 ) ;
#446 = EDGE_CURVE ( 'NONE', #2155, #2155, #2283, .T. ) ;
#447 = ORIENTED_EDGE ( 'NONE', *, *, #2528, .T. ) ;
#448 = AXIS2_PLACEMENT_3D ( 'NONE', #1343, #458, #3374 ) ;
#449 = DIRECTION ( 'NONE',  ( -0.000000000000000000, -0.000000000000000000, 1.000000000000000000 ) ) ;
#450 = DIRECTION ( 'NONE',  ( -0.000000000000000000, -0.000000000000000000, 1.000000000000000000 ) ) ;
#451 = EDGE_CURVE ( 'NONE', #3541, #3541, #3202, .T. ) ;
#452 = AXIS2_PLACEMENT_3D ( 'NONE', #3176, #2924, #722 ) ;
#453 = EDGE_LOOP ( 'NONE', ( #1592 ) ) ;
#454 = EDGE_LOOP ( 'NONE', ( #513 ) ) ;
#455 = CYLINDRICAL_SURFACE ( 'NONE', #1199, 2.750000000000030198 ) ;
#456 = CARTESIAN_POINT ( 'NONE',  ( 1041.566962778183097, 118.5985280193389997, 13.00000000000000000 ) ) ;
#457 = CYLINDRICAL_SURFACE ( 'NONE', #775, 2.750000000000030198 ) ;
#458 = DIRECTION ( 'NONE',  ( -0.000000000000000000, -0.000000000000000000, 1.000000000000000000 ) ) ;
#459 = CARTESIAN_POINT ( 'NONE',  ( 984.0669627781750251, -57.40147198066088663, 9.000000000000000000 ) ) ;
#460 = DIRECTION ( 'NONE',  ( 1.000000000000000000, 0.000000000000000000, 0.000000000000000000 ) ) ;
#461 = EDGE_LOOP ( 'NONE', ( #963 ) ) ;
#462 = DIRECTION ( 'NONE',  ( 0.000000000000000000, 0.000000000000000000, -1.000000000000000000 ) ) ;
#463 = FACE_BOUND ( 'NONE', #1967, .T. ) ;
#464 = FACE_OUTER_BOUND ( 'NONE', #3263, .T. ) ;
#465 = EDGE_LOOP ( 'NONE', ( #3559 ) ) ;
#466 = DIRECTION ( 'NONE',  ( 1.000000000000000000, 0.000000000000000000, 0.000000000000000000 ) ) ;
#467 = ADVANCED_FACE ( 'NONE', ( #2074, #3254 ), #3198, .F. ) ;
#468 = DIRECTION ( 'NONE',  ( -0.000000000000000000, -0.000000000000000000, 1.000000000000000000 ) ) ;
#469 = FACE_OUTER_BOUND ( 'NONE', #426, .T. ) ;
#470 = EDGE_LOOP ( 'NONE', ( #288 ) ) ;
#471 = ORIENTED_EDGE ( 'NONE', *, *, #2956, .T. ) ;
#472 = EDGE_CURVE ( 'NONE', #1803, #3167, #2671, .T. ) ;
#473 = PLANE ( 'NONE',  #1734 ) ;
#474 = AXIS2_PLACEMENT_3D ( 'NONE', #3323, #2473, #1881 ) ;
#475 = CIRCLE ( 'NONE', #1375, 2.499999999999946709 ) ;
#476 = VERTEX_POINT ( 'NONE', #1939 ) ;
#477 = DIRECTION ( 'NONE',  ( 1.000000000000000000, 0.000000000000000000, 0.000000000000000000 ) ) ;
#478 = ORIENTED_EDGE ( 'NONE', *, *, #1636, .T. ) ;
#479 = AXIS2_PLACEMENT_3D ( 'NONE', #3148, #615, #1778 ) ;
#480 = AXIS2_PLACEMENT_3D ( 'NONE', #574, #2062, #3641 ) ;
#481 = FACE_OUTER_BOUND ( 'NONE', #2850, .T. ) ;
#482 = ORIENTED_EDGE ( 'NONE', *, *, #1075, .F. ) ;
#483 = DIRECTION ( 'NONE',  ( 1.000000000000000000, 0.000000000000000000, 0.000000000000000000 ) ) ;
#484 = AXIS2_PLACEMENT_3D ( 'NONE', #2357, #1213, #2311 ) ;
#485 = AXIS2_PLACEMENT_3D ( 'NONE', #3162, #1218, #2580 ) ;
#486 = CARTESIAN_POINT ( 'NONE',  ( 1001.566962778433435, -69.90147198092957126, 13.00000000000000000 ) ) ;
#487 = FACE_BOUND ( 'NONE', #3637, .T. ) ;
#488 = DIRECTION ( 'NONE',  ( 1.000000000000000000, 0.000000000000000000, 0.000000000000000000 ) ) ;
#489 = CIRCLE ( 'NONE', #2207, 2.750000000000030198 ) ;
#490 = FACE_BOUND ( 'NONE', #824, .T. ) ;
#491 = EDGE_LOOP ( 'NONE', ( #2504 ) ) ;
#492 = CYLINDRICAL_SURFACE ( 'NONE', #2603, 2.750000000000030198 ) ;
#493 = EDGE_LOOP ( 'NONE', ( #2248 ) ) ;
#494 = DIRECTION ( 'NONE',  ( -0.000000000000000000, -0.000000000000000000, 1.000000000000000000 ) ) ;
#495 = EDGE_LOOP ( 'NONE', ( #3391 ) ) ;
#496 = DIRECTION ( 'NONE',  ( 0.000000000000000000, 0.000000000000000000, -1.000000000000000000 ) ) ;
#497 = DIRECTION ( 'NONE',  ( 0.000000000000000000, 0.000000000000000000, 1.000000000000000000 ) ) ;
#498 = EDGE_CURVE ( 'NONE', #445, #445, #196, .T. ) ;
#499 = FACE_OUTER_BOUND ( 'NONE', #226, .T. ) ;
#500 = VERTEX_POINT ( 'NONE', #3577 ) ;
#501 = DIRECTION ( 'NONE',  ( -0.000000000000000000, -0.000000000000000000, 1.000000000000000000 ) ) ;
#502 = DIRECTION ( 'NONE',  ( -0.000000000000000000, -0.000000000000000000, 1.000000000000000000 ) ) ;
#503 = ORIENTED_EDGE ( 'NONE', *, *, #2227, .T. ) ;
#504 = FACE_BOUND ( 'NONE', #555, .T. ) ;
#505 = CARTESIAN_POINT ( 'NONE',  ( 1086.566962778183097, 118.5985280193389997, 15.00000000000000000 ) ) ;
#506 = AXIS2_PLACEMENT_3D ( 'NONE', #1550, #1718, #1165 ) ;
#507 = FACE_BOUND ( 'NONE', #2042, .T. ) ;
#508 = EDGE_LOOP ( 'NONE', ( #3354 ) ) ;
#509 = AXIS2_PLACEMENT_3D ( 'NONE', #1995, #2846, #2057 ) ;
#510 = CARTESIAN_POINT ( 'NONE',  ( 950.5682651695154846, 81.59852801933305955, 15.00000000000000000 ) ) ;
#511 = ORGANIZATION ( '未指定', '未指定', '' ) ;
#512 = ORIENTED_EDGE ( 'NONE', *, *, #1914, .F. ) ;
#513 = ORIENTED_EDGE ( 'NONE', *, *, #975, .F. ) ;
#514 = DIRECTION ( 'NONE',  ( -0.000000000000000000, -0.000000000000000000, 1.000000000000000000 ) ) ;
#515 = ORIENTED_EDGE ( 'NONE', *, *, #93, .F. ) ;
#516 = CARTESIAN_POINT ( 'NONE',  ( 927.0669627781774125, 118.5985280193389997, 15.00000000000000000 ) ) ;
#517 = FACE_OUTER_BOUND ( 'NONE', #1097, .T. ) ;
#518 = VERTEX_POINT ( 'NONE', #3052 ) ;
#519 = EDGE_LOOP ( 'NONE', ( #2368 ) ) ;
#520 = EDGE_CURVE ( 'NONE', #2960, #2960, #2063, .T. ) ;
#521 = DIRECTION ( 'NONE',  ( -0.000000000000000000, -0.000000000000000000, 1.000000000000000000 ) ) ;
#522 = ORIENTED_EDGE ( 'NONE', *, *, #282, .F. ) ;
#523 = VERTEX_POINT ( 'NONE', #1032 ) ;
#524 = EDGE_CURVE ( 'NONE', #2143, #2143, #2825, .T. ) ;
#525 = FACE_BOUND ( 'NONE', #2706, .T. ) ;
#526 = DIRECTION ( 'NONE',  ( -0.000000000000000000, -0.000000000000000000, 1.000000000000000000 ) ) ;
#527 = FACE_OUTER_BOUND ( 'NONE', #3182, .T. ) ;
#528 = CYLINDRICAL_SURFACE ( 'NONE', #2058, 2.750000000000030198 ) ;
#529 = EDGE_LOOP ( 'NONE', ( #3510 ) ) ;
#530 = ORIENTED_EDGE ( 'NONE', *, *, #2568, .F. ) ;
#531 = FACE_OUTER_BOUND ( 'NONE', #3370, .T. ) ;
#532 = CARTESIAN_POINT ( 'NONE',  ( 1001.608559263362963, 2.598528019339019224, 15.00000000000000000 ) ) ;
#533 = VERTEX_POINT ( 'NONE', #1677 ) ;
#534 = CARTESIAN_POINT ( 'NONE',  ( 932.0669627781774125, 118.5985280193389997, 13.00000000000000000 ) ) ;
#535 = PLANE ( 'NONE',  #718 ) ;
#536 = FACE_OUTER_BOUND ( 'NONE', #2321, .T. ) ;
#537 = CARTESIAN_POINT ( 'NONE',  ( 996.6085592633629631, -34.90147198066080847, 15.00000000000000000 ) ) ;
#538 = AXIS2_PLACEMENT_3D ( 'NONE', #1092, #1389, #1965 ) ;
#539 = CIRCLE ( 'NONE', #834, 4.999999999999893419 ) ;
#540 = ORIENTED_EDGE ( 'NONE', *, *, #1963, .T. ) ;
#541 = PRODUCT_DEFINITION ( '未知', '', #3219, #2390 ) ;
#542 = VERTEX_POINT ( 'NONE', #3362 ) ;
#543 = CIRCLE ( 'NONE', #54, 2.500000000000168754 ) ;
#544 = CYLINDRICAL_SURFACE ( 'NONE', #271, 2.499999999999946709 ) ;
#545 = FACE_BOUND ( 'NONE', #3616, .T. ) ;
#546 = FACE_BOUND ( 'NONE', #470, .T. ) ;
#547 = CIRCLE ( 'NONE', #3418, 2.499999999999946709 ) ;
#548 = ORIENTED_EDGE ( 'NONE', *, *, #3034, .T. ) ;
#549 = ADVANCED_FACE ( 'NONE', ( #1231, #3506 ), #647, .F. ) ;
#550 = AXIS2_PLACEMENT_3D ( 'NONE', #3019, #1352, #2142 ) ;
#551 = ADVANCED_FACE ( 'NONE', ( #2416, #1559 ), #3490, .F. ) ;
#552 = EDGE_LOOP ( 'NONE', ( #1635 ) ) ;
#553 = EDGE_LOOP ( 'NONE', ( #1545 ) ) ;
#554 = CIRCLE ( 'NONE', #3478, 5.000000000000004441 ) ;
#555 = EDGE_LOOP ( 'NONE', ( #1933 ) ) ;
#556 = DIRECTION ( 'NONE',  ( -0.000000000000000000, -0.000000000000000000, 1.000000000000000000 ) ) ;
#557 = EDGE_LOOP ( 'NONE', ( #21 ) ) ;
#558 = PLANE ( 'NONE',  #2262 ) ;
#559 = EDGE_LOOP ( 'NONE', ( #1962 ) ) ;
#560 = CARTESIAN_POINT ( 'NONE',  ( 1115.316962778174457, -66.90147198065939449, 9.000000000000000000 ) ) ;
#561 = DIRECTION ( 'NONE',  ( 1.000000000000000000, 0.000000000000000000, 0.000000000000000000 ) ) ;
#562 = FACE_OUTER_BOUND ( 'NONE', #2631, .T. ) ;
#563 = DIRECTION ( 'NONE',  ( 1.000000000000000000, 0.000000000000000000, 0.000000000000000000 ) ) ;
#564 = PLANE ( 'NONE',  #354 ) ;
#565 = EDGE_LOOP ( 'NONE', ( #2286 ) ) ;
#566 = ADVANCED_FACE ( 'NONE', ( #670, #1007 ), #1534, .F. ) ;
#567 = AXIS2_PLACEMENT_3D ( 'NONE', #876, #2011, #913 ) ;
#568 = ORIENTED_EDGE ( 'NONE', *, *, #1247, .T. ) ;
#569 = ADVANCED_FACE ( 'NONE', ( #443, #1811 ), #1504, .F. ) ;
#570 = AXIS2_PLACEMENT_3D ( 'NONE', #880, #2323, #3060 ) ;
#571 = DIRECTION ( 'NONE',  ( -0.000000000000000000, -0.000000000000000000, 1.000000000000000000 ) ) ;
#572 = CARTESIAN_POINT ( 'NONE',  ( 1117.566962778174684, -66.90147198065939449, 13.00000000000000000 ) ) ;
#573 = DIRECTION ( 'NONE',  ( 0.000000000000000000, -0.000000000000000000, 1.000000000000000000 ) ) ;
#574 = CARTESIAN_POINT ( 'NONE',  ( 996.6085592633629631, 2.598528019339019224, 15.00000000000000000 ) ) ;
#575 = ORIENTED_EDGE ( 'NONE', *, *, #2528, .F. ) ;
#576 = CARTESIAN_POINT ( 'NONE',  ( 1089.316962778183097, 118.5985280193389997, 13.00000000000000000 ) ) ;
#577 = CARTESIAN_POINT ( 'NONE',  ( 1117.816962778174457, 118.5985280193389713, 15.00000000000000000 ) ) ;
#578 = DIRECTION ( 'NONE',  ( 0.000000000000000000, 0.000000000000000000, -1.000000000000000000 ) ) ;
#579 = DIRECTION ( 'NONE',  ( 1.000000000000000000, 0.000000000000000000, 0.000000000000000000 ) ) ;
#580 = EDGE_LOOP ( 'NONE', ( #1710 ) ) ;
#581 = DIRECTION ( 'NONE',  ( -0.000000000000000000, -0.000000000000000000, 1.000000000000000000 ) ) ;
#582 = CC_DESIGN_PERSON_AND_ORGANIZATION_ASSIGNMENT ( #1814, #2384, ( #3219 ) ) ;
#583 = ORIENTED_EDGE ( 'NONE', *, *, #3324, .T. ) ;
#584 = LINE ( 'NONE', #909, #3217 ) ;
#585 = EDGE_LOOP ( 'NONE', ( #3295 ) ) ;
#586 = ADVANCED_FACE ( 'NONE', ( #2626, #2124 ), #423, .F. ) ;
#587 = DIRECTION ( 'NONE',  ( 1.000000000000000000, 0.000000000000000000, 0.000000000000000000 ) ) ;
#588 = EDGE_LOOP ( 'NONE', ( #1244 ) ) ;
#589 = ADVANCED_FACE ( 'NONE', ( #386, #3234, #1521, #2639, #3476, #973, #2110, #3218, #687, #1947, #2804, #183, #1034, #2235, #3566, #738, #1388, #504, #3056, #1107, #3551, #3327, #1925, #3039, #821, #1053, #240, #2516, #2214, #1363, #2997, #1665, #2181, #1647, #2766, #219, #1886, #463, #3610, #487, #1601, #259, #2492, #1068, #3348, #802, #545, #525, #2721, #3586, #198, #3290, #1334, #1964, #757 ), #2749, .T. ) ;
#590 = CARTESIAN_POINT ( 'NONE',  ( 1041.566962778183324, 45.59852801933342192, 13.00000000000000000 ) ) ;
#591 = CARTESIAN_POINT ( 'NONE',  ( 996.5669627781830968, 81.59852801933320166, 15.00000000000000000 ) ) ;
#592 = ORIENTED_EDGE ( 'NONE', *, *, #1770, .F. ) ;
#593 = EDGE_LOOP ( 'NONE', ( #2899 ) ) ;
#594 = CIRCLE ( 'NONE', #3518, 5.000000000000004441 ) ;
#595 = VECTOR ( 'NONE', #348, 1000.000000000000000 ) ;
#596 = CIRCLE ( 'NONE', #2848, 5.000000000000115463 ) ;
#597 = DIRECTION ( 'NONE',  ( -0.000000000000000000, -0.000000000000000000, 1.000000000000000000 ) ) ;
#598 = VECTOR ( 'NONE', #134, 1000.000000000000000 ) ;
#599 = EDGE_LOOP ( 'NONE', ( #1668 ) ) ;
#600 = DIRECTION ( 'NONE',  ( 1.000000000000000000, 0.000000000000000000, 0.000000000000000000 ) ) ;
#601 = EDGE_LOOP ( 'NONE', ( #1818 ) ) ;
#602 = EDGE_CURVE ( 'NONE', #991, #991, #1670, .T. ) ;
#603 = CYLINDRICAL_SURFACE ( 'NONE', #2821, 5.000000000000115463 ) ;
#604 = ORIENTED_EDGE ( 'NONE', *, *, #795, .F. ) ;
#605 = CARTESIAN_POINT ( 'NONE',  ( 946.5669627784334352, -69.90147198092957126, 15.00000000000000000 ) ) ;
#606 = DIRECTION ( 'NONE',  ( -0.000000000000000000, -0.000000000000000000, 1.000000000000000000 ) ) ;
#607 = DIRECTION ( 'NONE',  ( -0.000000000000000000, -0.000000000000000000, 1.000000000000000000 ) ) ;
#608 = EDGE_CURVE ( 'NONE', #1584, #1584, #3411, .T. ) ;
#609 = FACE_OUTER_BOUND ( 'NONE', #2858, .T. ) ;
#610 = ORIENTED_EDGE ( 'NONE', *, *, #2851, .F. ) ;
#611 = DIRECTION ( 'NONE',  ( -1.000000000000000000, 0.000000000000000000, -0.000000000000000000 ) ) ;
#612 = DIRECTION ( 'NONE',  ( -0.000000000000000000, -0.000000000000000000, 1.000000000000000000 ) ) ;
#613 = ORIENTED_EDGE ( 'NONE', *, *, #2322, .T. ) ;
#614 = CARTESIAN_POINT ( 'NONE',  ( 1089.566962778183324, 81.59852801933320166, 15.00000000000000000 ) ) ;
#615 = DIRECTION ( 'NONE',  ( -0.000000000000000000, -0.000000000000000000, 1.000000000000000000 ) ) ;
#616 = VERTEX_POINT ( 'NONE', #927 ) ;
#617 = EDGE_LOOP ( 'NONE', ( #2985 ) ) ;
#618 = ORIENTED_EDGE ( 'NONE', *, *, #393, .F. ) ;
#619 = VECTOR ( 'NONE', #1804, 1000.000000000000000 ) ;
#620 = LOCAL_TIME ( 19, 54, 17.00000000000000000, #1651 ) ;
#621 = VERTEX_POINT ( 'NONE', #1766 ) ;
#622 = EDGE_CURVE ( 'NONE', #2663, #1889, #2432, .T. ) ;
#623 = FACE_OUTER_BOUND ( 'NONE', #272, .T. ) ;
#624 = DIRECTION ( 'NONE',  ( 1.000000000000000000, 0.000000000000000000, 0.000000000000000000 ) ) ;
#625 = FACE_OUTER_BOUND ( 'NONE', #390, .T. ) ;
#626 = DIRECTION ( 'NONE',  ( -0.000000000000000000, -0.000000000000000000, 1.000000000000000000 ) ) ;
#627 = FACE_BOUND ( 'NONE', #1395, .T. ) ;
#628 = ADVANCED_FACE ( 'NONE', ( #3527, #2162 ), #3309, .F. ) ;
#629 = CARTESIAN_POINT ( 'NONE',  ( 1112.566962778174457, -34.90147198066097189, 15.00000000000000000 ) ) ;
#630 = VERTEX_POINT ( 'NONE', #100 ) ;
#631 = DIRECTION ( 'NONE',  ( 0.000000000000000000, -0.000000000000000000, 1.000000000000000000 ) ) ;
#632 = ORIENTED_EDGE ( 'NONE', *, *, #1513, .T. ) ;
#633 = CARTESIAN_POINT ( 'NONE',  ( 996.6085592633629631, -34.90147198066080847, 15.00000000000000000 ) ) ;
#634 = FACE_OUTER_BOUND ( 'NONE', #3361, .T. ) ;
#635 = CYLINDRICAL_SURFACE ( 'NONE', #479, 5.000000000000004441 ) ;
#636 = DIRECTION ( 'NONE',  ( 1.000000000000000000, 0.000000000000000000, 0.000000000000000000 ) ) ;
#637 = ORIENTED_EDGE ( 'NONE', *, *, #950, .T. ) ;
#638 = FACE_OUTER_BOUND ( 'NONE', #231, .T. ) ;
#639 = ORIENTED_EDGE ( 'NONE', *, *, #1801, .F. ) ;
#640 = CARTESIAN_POINT ( 'NONE',  ( 1092.316962778183552, -34.90147198066097189, 9.000000000000000000 ) ) ;
#641 = CARTESIAN_POINT ( 'NONE',  ( 1094.566962778183324, 2.598528019339019224, 15.00000000000000000 ) ) ;
#642 = DIRECTION ( 'NONE',  ( 1.000000000000000000, 0.000000000000000000, 0.000000000000000000 ) ) ;
#643 = DIRECTION ( 'NONE',  ( 1.000000000000000000, 0.000000000000000000, 0.000000000000000000 ) ) ;
#644 = ADVANCED_FACE ( 'NONE', ( #625, #1195 ), #1442, .F. ) ;
#645 = EDGE_LOOP ( 'NONE', ( #1399 ) ) ;
#646 = FACE_OUTER_BOUND ( 'NONE', #1653, .T. ) ;
#647 = CYLINDRICAL_SURFACE ( 'NONE', #994, 5.000000000000115463 ) ;
#648 = FACE_OUTER_BOUND ( 'NONE', #2521, .T. ) ;
#649 = EDGE_CURVE ( 'NONE', #1562, #1562, #1608, .T. ) ;
#650 = CIRCLE ( 'NONE', #1192, 5.000000000000004441 ) ;
#651 = ORIENTED_EDGE ( 'NONE', *, *, #3095, .F. ) ;
#652 = CARTESIAN_POINT ( 'NONE',  ( 1015.066962778174570, -69.90147198066058820, 15.00000000000000000 ) ) ;
#653 = AXIS2_PLACEMENT_3D ( 'NONE', #2981, #1060, #2754 ) ;
#654 = AXIS2_PLACEMENT_3D ( 'NONE', #47, #2344, #2612 ) ;
#655 = CARTESIAN_POINT ( 'NONE',  ( 1122.566962778174457, -76.40147198066100032, 15.00000000000000000 ) ) ;
#656 = ADVANCED_FACE ( 'NONE', ( #3364, #44 ), #1428, .F. ) ;
#657 = AXIS2_PLACEMENT_3D ( 'NONE', #2069, #28, #1226 ) ;
#658 = ORIENTED_EDGE ( 'NONE', *, *, #2402, .F. ) ;
#659 = EDGE_LOOP ( 'NONE', ( #1637 ) ) ;
#660 = FACE_OUTER_BOUND ( 'NONE', #529, .T. ) ;
#661 = FACE_OUTER_BOUND ( 'NONE', #1773, .T. ) ;
#662 = FACE_OUTER_BOUND ( 'NONE', #1207, .T. ) ;
#663 = CIRCLE ( 'NONE', #368, 5.000000000000004441 ) ;
#664 = VERTEX_POINT ( 'NONE', #1500 ) ;
#665 = CARTESIAN_POINT ( 'NONE',  ( 996.5669627781830968, 81.59852801933320166, 15.00000000000000000 ) ) ;
#666 = DIRECTION ( 'NONE',  ( 0.000000000000000000, 0.000000000000000000, 1.000000000000000000 ) ) ;
#667 = AXIS2_PLACEMENT_3D ( 'NONE', #215, #1361, #2958 ) ;
#668 = EDGE_LOOP ( 'NONE', ( #83 ) ) ;
#669 = FACE_OUTER_BOUND ( 'NONE', #2313, .T. ) ;
#670 = FACE_OUTER_BOUND ( 'NONE', #1463, .T. ) ;
#671 = ORIENTED_EDGE ( 'NONE', *, *, #3250, .T. ) ;
#672 = EDGE_CURVE ( 'NONE', #158, #158, #2083, .T. ) ;
#673 = FACE_OUTER_BOUND ( 'NONE', #977, .T. ) ;
#674 = FACE_OUTER_BOUND ( 'NONE', #2815, .T. ) ;
#675 = ORIENTED_EDGE ( 'NONE', *, *, #2558, .F. ) ;
#676 = EDGE_LOOP ( 'NONE', ( #1396 ) ) ;
#677 = EDGE_CURVE ( 'NONE', #1268, #1268, #897, .T. ) ;
#678 = AXIS2_PLACEMENT_3D ( 'NONE', #1586, #742, #2700 ) ;
#679 = AXIS2_PLACEMENT_3D ( 'NONE', #1764, #346, #753 ) ;
#680 = VERTEX_POINT ( 'NONE', #1280 ) ;
#681 = DIRECTION ( 'NONE',  ( 1.000000000000000000, 0.000000000000000000, 0.000000000000000000 ) ) ;
#682 = FACE_OUTER_BOUND ( 'NONE', #1132, .T. ) ;
#683 = DIRECTION ( 'NONE',  ( -1.000000000000000000, 0.000000000000000000, -0.000000000000000000 ) ) ;
#684 = CARTESIAN_POINT ( 'NONE',  ( 950.5682651695154846, 2.598528019338810946, 15.00000000000000000 ) ) ;
#685 = CARTESIAN_POINT ( 'NONE',  ( 926.5669627781744566, 18.59852801933904587, 15.00000000000000000 ) ) ;
#686 = FACE_OUTER_BOUND ( 'NONE', #3169, .T. ) ;
#687 = FACE_BOUND ( 'NONE', #1876, .T. ) ;
#688 = ORIENTED_EDGE ( 'NONE', *, *, #822, .T. ) ;
#689 = AXIS2_PLACEMENT_3D ( 'NONE', #2091, #1829, #697 ) ;
#690 = ORIENTED_EDGE ( 'NONE', *, *, #1961, .T. ) ;
#691 = EDGE_LOOP ( 'NONE', ( #2543 ) ) ;
#692 = EDGE_CURVE ( 'NONE', #3129, #3464, #1128, .T. ) ;
#693 = VERTEX_POINT ( 'NONE', #395 ) ;
#694 = DIRECTION ( 'NONE',  ( -0.7071067811865867636, 0.7071067811865081598, -0.000000000000000000 ) ) ;
#695 = EDGE_CURVE ( 'NONE', #2417, #2417, #2720, .T. ) ;
#696 = CARTESIAN_POINT ( 'NONE',  ( 1041.566962778183097, 118.5985280193389997, 13.00000000000000000 ) ) ;
#697 = DIRECTION ( 'NONE',  ( 1.000000000000000000, 0.000000000000000000, 0.000000000000000000 ) ) ;
#698 = CARTESIAN_POINT ( 'NONE',  ( 961.5669627784334352, -65.40147198092950021, 13.00000000000000000 ) ) ;
#699 = CYLINDRICAL_SURFACE ( 'NONE', #3529, 2.499999999999946709 ) ;
#700 = ORIENTED_EDGE ( 'NONE', *, *, #3345, .T. ) ;
#701 = LINE ( 'NONE', #1952, #384 ) ;
#702 = AXIS2_PLACEMENT_3D ( 'NONE', #2534, #2215, #3628 ) ;
#703 = AXIS2_PLACEMENT_3D ( 'NONE', #1148, #1988, #2533 ) ;
#704 = ORIENTED_EDGE ( 'NONE', *, *, #62, .F. ) ;
#705 = AXIS2_PLACEMENT_3D ( 'NONE', #1074, #3238, #787 ) ;
#706 = CIRCLE ( 'NONE', #1790, 2.500000000000168754 ) ;
#707 = ORIENTED_EDGE ( 'NONE', *, *, #846, .F. ) ;
#708 = CYLINDRICAL_SURFACE ( 'NONE', #13, 2.499999999999946709 ) ;
#709 = CIRCLE ( 'NONE', #962, 2.750000000000030198 ) ;
#710 = DIRECTION ( 'NONE',  ( 1.000000000000000000, 0.000000000000000000, 0.000000000000000000 ) ) ;
#711 = CARTESIAN_POINT ( 'NONE',  ( 1115.316962778174457, 45.59852801933342192, 13.00000000000000000 ) ) ;
#712 = DIRECTION ( 'NONE',  ( 1.000000000000000000, 0.000000000000000000, 0.000000000000000000 ) ) ;
#713 = FACE_OUTER_BOUND ( 'NONE', #1599, .T. ) ;
#714 = AXIS2_PLACEMENT_3D ( 'NONE', #1772, #1795, #1505 ) ;
#715 = EDGE_CURVE ( 'NONE', #724, #724, #1909, .T. ) ;
#716 = DIRECTION ( 'NONE',  ( -0.000000000000000000, -0.000000000000000000, 1.000000000000000000 ) ) ;
#717 = ORIENTED_EDGE ( 'NONE', *, *, #2247, .F. ) ;
#718 = AXIS2_PLACEMENT_3D ( 'NONE', #2796, #1122, #1246 ) ;
#719 = CARTESIAN_POINT ( 'NONE',  ( 1089.566962778183324, 2.598528019339019224, 15.00000000000000000 ) ) ;
#720 = EDGE_CURVE ( 'NONE', #3299, #3299, #2788, .T. ) ;
#721 = CARTESIAN_POINT ( 'NONE',  ( 1122.566962778174457, -76.40147198066100032, 9.000000000000000000 ) ) ;
#722 = DIRECTION ( 'NONE',  ( 1.000000000000000000, 0.000000000000000000, 0.000000000000000000 ) ) ;
#723 = CYLINDRICAL_SURFACE ( 'NONE', #907, 2.750000000000030198 ) ;
#724 = VERTEX_POINT ( 'NONE', #2731 ) ;
#725 = FACE_OUTER_BOUND ( 'NONE', #2300, .T. ) ;
#726 = ORIENTED_EDGE ( 'NONE', *, *, #37, .T. ) ;
#727 = DATE_AND_TIME ( #2726, #1579 ) ;
#728 = EDGE_LOOP ( 'NONE', ( #1539 ) ) ;
#729 = ORIENTED_EDGE ( 'NONE', *, *, #2979, .T. ) ;
#730 = CARTESIAN_POINT ( 'NONE',  ( 1094.566962778183324, 45.59852801933320166, 13.00000000000000000 ) ) ;
#731 = DIRECTION ( 'NONE',  ( -0.000000000000000000, -0.000000000000000000, 1.000000000000000000 ) ) ;
#732 = DIRECTION ( 'NONE',  ( 1.000000000000000000, 0.000000000000000000, 0.000000000000000000 ) ) ;
#733 = ORIENTED_EDGE ( 'NONE', *, *, #1689, .F. ) ;
#734 = AXIS2_PLACEMENT_3D ( 'NONE', #886, #597, #2118 ) ;
#735 = ADVANCED_FACE ( 'NONE', ( #20, #2049 ), #3092, .F. ) ;
#736 = LINE ( 'NONE', #1885, #1983 ) ;
#737 = CIRCLE ( 'NONE', #2758, 2.499999999999946709 ) ;
#738 = FACE_BOUND ( 'NONE', #3481, .T. ) ;
#739 = CARTESIAN_POINT ( 'NONE',  ( 1041.566962778183097, 81.59852801933342903, 9.000000000000000000 ) ) ;
#740 = ORIENTED_EDGE ( 'NONE', *, *, #322, .F. ) ;
#741 = EDGE_CURVE ( 'NONE', #3216, #3216, #475, .T. ) ;
#742 = DIRECTION ( 'NONE',  ( 0.000000000000000000, 0.000000000000000000, -1.000000000000000000 ) ) ;
#743 = FACE_OUTER_BOUND ( 'NONE', #2699, .T. ) ;
#744 = EDGE_LOOP ( 'NONE', ( #3101 ) ) ;
#745 = CARTESIAN_POINT ( 'NONE',  ( 956.5669627781936697, 12.59852801934287214, 13.00000000000000000 ) ) ;
#746 = EDGE_LOOP ( 'NONE', ( #1172, #1447, #785, #378 ) ) ;
#747 = CYLINDRICAL_SURFACE ( 'NONE', #2606, 2.750000000000030198 ) ;
#748 = DIRECTION ( 'NONE',  ( 0.000000000000000000, 0.000000000000000000, -1.000000000000000000 ) ) ;
#749 = DIRECTION ( 'NONE',  ( -0.000000000000000000, -0.000000000000000000, 1.000000000000000000 ) ) ;
#750 = VERTEX_POINT ( 'NONE', #2740 ) ;
#751 = DIRECTION ( 'NONE',  ( -0.000000000000000000, -0.000000000000000000, 1.000000000000000000 ) ) ;
#752 = DIRECTION ( 'NONE',  ( -1.000000000000000000, 0.000000000000000000, -0.000000000000000000 ) ) ;
#753 = DIRECTION ( 'NONE',  ( 1.000000000000000000, 0.000000000000000000, 0.000000000000000000 ) ) ;
#754 = ORIENTED_EDGE ( 'NONE', *, *, #622, .T. ) ;
#755 = FACE_BOUND ( 'NONE', #2095, .T. ) ;
#756 = DIRECTION ( 'NONE',  ( 1.000000000000000000, 0.000000000000000000, 0.000000000000000000 ) ) ;
#757 = FACE_OUTER_BOUND ( 'NONE', #2693, .T. ) ;
#758 = FACE_BOUND ( 'NONE', #1256, .T. ) ;
#759 = DIRECTION ( 'NONE',  ( -0.000000000000000000, -0.000000000000000000, 1.000000000000000000 ) ) ;
#760 = PLANE ( 'NONE',  #1383 ) ;
#761 = ORIENTED_EDGE ( 'NONE', *, *, #741, .T. ) ;
#762 = EDGE_CURVE ( 'NONE', #119, #119, #2895, .T. ) ;
#763 = DIRECTION ( 'NONE',  ( -1.000000000000000000, 0.000000000000000000, -0.000000000000000000 ) ) ;
#764 = ORIENTED_EDGE ( 'NONE', *, *, #2050, .F. ) ;
#765 = CARTESIAN_POINT ( 'NONE',  ( 1046.566962778174457, -34.90147198066097189, 15.00000000000000000 ) ) ;
#766 = ORIENTED_EDGE ( 'NONE', *, *, #273, .F. ) ;
#767 = FACE_OUTER_BOUND ( 'NONE', #2705, .T. ) ;
#768 = EDGE_CURVE ( 'NONE', #825, #2065, #899, .T. ) ;
#769 = AXIS2_PLACEMENT_3D ( 'NONE', #3206, #1543, #2880 ) ;
#770 = EDGE_LOOP ( 'NONE', ( #1769 ) ) ;
#771 = AXIS2_PLACEMENT_3D ( 'NONE', #2591, #1179, #1751 ) ;
#772 = CARTESIAN_POINT ( 'NONE',  ( 928.5669627784334352, -32.40147198092958547, 13.00000000000000000 ) ) ;
#773 = VERTEX_POINT ( 'NONE', #1620 ) ;
#774 = DIRECTION ( 'NONE',  ( -0.000000000000000000, -0.000000000000000000, 1.000000000000000000 ) ) ;
#775 = AXIS2_PLACEMENT_3D ( 'NONE', #1257, #1738, #3387 ) ;
#776 = CIRCLE ( 'NONE', #960, 2.750000000000030198 ) ;
#777 = DIRECTION ( 'NONE',  ( -0.000000000000000000, -0.000000000000000000, 1.000000000000000000 ) ) ;
#778 = DIRECTION ( 'NONE',  ( -0.000000000000000000, -0.000000000000000000, 1.000000000000000000 ) ) ;
#779 = CIRCLE ( 'NONE', #2609, 2.750000000000030198 ) ;
#780 = VECTOR ( 'NONE', #1566, 1000.000000000000000 ) ;
#781 = DIRECTION ( 'NONE',  ( -0.000000000000000000, -0.000000000000000000, 1.000000000000000000 ) ) ;
#782 = FACE_BOUND ( 'NONE', #2287, .T. ) ;
#783 = DIRECTION ( 'NONE',  ( 1.000000000000000000, 0.000000000000000000, 0.000000000000000000 ) ) ;
#784 = FACE_BOUND ( 'NONE', #2948, .T. ) ;
#785 = ORIENTED_EDGE ( 'NONE', *, *, #622, .F. ) ;
#786 = ORIENTED_EDGE ( 'NONE', *, *, #3136, .F. ) ;
#787 = DIRECTION ( 'NONE',  ( 1.000000000000000000, 0.000000000000000000, 0.000000000000000000 ) ) ;
#788 = AXIS2_PLACEMENT_3D ( 'NONE', #1027, #521, #1046 ) ;
#789 = CARTESIAN_POINT ( 'NONE',  ( 936.5669627781751387, 32.59852801933908495, 9.000000000000000000 ) ) ;
#790 = ORIENTED_EDGE ( 'NONE', *, *, #3440, .T. ) ;
#791 = ADVANCED_FACE ( 'NONE', ( #2856, #1166 ), #2296, .F. ) ;
#792 = ORIENTED_EDGE ( 'NONE', *, *, #1098, .T. ) ;
#793 = CARTESIAN_POINT ( 'NONE',  ( 1012.566962778174570, -69.90147198066058820, 9.000000000000000000 ) ) ;
#794 = EDGE_LOOP ( 'NONE', ( #2007 ) ) ;
#795 = EDGE_CURVE ( 'NONE', #1760, #1760, #3243, .T. ) ;
#796 = VERTEX_POINT ( 'NONE', #3303 ) ;
#797 = ORIENTED_EDGE ( 'NONE', *, *, #1793, .F. ) ;
#798 = CARTESIAN_POINT ( 'NONE',  ( 996.6085592633629631, 2.598528019339019224, 13.00000000000000000 ) ) ;
#799 = FACE_OUTER_BOUND ( 'NONE', #327, .T. ) ;
#800 = EDGE_LOOP ( 'NONE', ( #3033 ) ) ;
#801 = VERTEX_POINT ( 'NONE', #197 ) ;
#802 = FACE_BOUND ( 'NONE', #1421, .T. ) ;
#803 = FACE_BOUND ( 'NONE', #1932, .T. ) ;
#804 = FACE_OUTER_BOUND ( 'NONE', #1437, .T. ) ;
#805 = FACE_BOUND ( 'NONE', #1392, .T. ) ;
#806 = EDGE_LOOP ( 'NONE', ( #1696 ) ) ;
#807 = VERTEX_POINT ( 'NONE', #1112 ) ;
#808 = CIRCLE ( 'NONE', #509, 2.750000000000030198 ) ;
#809 = CARTESIAN_POINT ( 'NONE',  ( 949.3169627784334352, -69.90147198092957126, 13.00000000000000000 ) ) ;
#810 = DIRECTION ( 'NONE',  ( 1.000000000000000000, 0.000000000000000000, 0.000000000000000000 ) ) ;
#811 = CIRCLE ( 'NONE', #448, 2.750000000000030198 ) ;
#812 = EDGE_LOOP ( 'NONE', ( #2076 ) ) ;
#813 = ADVANCED_FACE ( 'NONE', ( #562, #29 ), #1701, .F. ) ;
#814 = FACE_BOUND ( 'NONE', #519, .T. ) ;
#815 = EDGE_LOOP ( 'NONE', ( #2305 ) ) ;
#816 = DIRECTION ( 'NONE',  ( -0.000000000000000000, -0.000000000000000000, 1.000000000000000000 ) ) ;
#817 = FACE_BOUND ( 'NONE', #559, .T. ) ;
#818 = DIRECTION ( 'NONE',  ( 1.000000000000000000, 0.000000000000000000, 0.000000000000000000 ) ) ;
#819 = EDGE_CURVE ( 'NONE', #616, #616, #1080, .T. ) ;
#820 = EDGE_LOOP ( 'NONE', ( #1452 ) ) ;
#821 = FACE_BOUND ( 'NONE', #1650, .T. ) ;
#822 = EDGE_CURVE ( 'NONE', #828, #828, #3184, .T. ) ;
#823 = FACE_BOUND ( 'NONE', #2582, .T. ) ;
#824 = EDGE_LOOP ( 'NONE', ( #256 ) ) ;
#825 = VERTEX_POINT ( 'NONE', #3172 ) ;
#826 = ORIENTED_EDGE ( 'NONE', *, *, #2447, .F. ) ;
#827 = CARTESIAN_POINT ( 'NONE',  ( 420.0827453987058675, 420.0827453987525359, 15.00000000000000000 ) ) ;
#828 = VERTEX_POINT ( 'NONE', #1554 ) ;
#829 = EDGE_LOOP ( 'NONE', ( #717 ) ) ;
#830 = FACE_OUTER_BOUND ( 'NONE', #2730, .T. ) ;
#831 = EDGE_LOOP ( 'NONE', ( #3055 ) ) ;
#832 = DIRECTION ( 'NONE',  ( 0.000000000000000000, 0.000000000000000000, 1.000000000000000000 ) ) ;
#833 = AXIS2_PLACEMENT_3D ( 'NONE', #2517, #2251, #3611 ) ;
#834 = AXIS2_PLACEMENT_3D ( 'NONE', #81, #396, #3472 ) ;
#835 = EDGE_LOOP ( 'NONE', ( #3046 ) ) ;
#836 = CARTESIAN_POINT ( 'NONE',  ( 1079.066962778175593, -57.40147198066088663, 9.000000000000000000 ) ) ;
#837 = EDGE_CURVE ( 'NONE', #1305, #2861, #132, .T. ) ;
#838 = CIRCLE ( 'NONE', #1789, 5.000000000000004441 ) ;
#839 = AXIS2_PLACEMENT_3D ( 'NONE', #2667, #774, #1659 ) ;
#840 = DIRECTION ( 'NONE',  ( -0.000000000000000000, -0.000000000000000000, 1.000000000000000000 ) ) ;
#841 = CARTESIAN_POINT ( 'NONE',  ( 1112.566962778174457, 81.59852801933342903, 13.00000000000000000 ) ) ;
#842 = CARTESIAN_POINT ( 'NONE',  ( 1112.566962778174457, -34.90147198066097189, 15.00000000000000000 ) ) ;
#843 = FACE_BOUND ( 'NONE', #2664, .T. ) ;
#844 = AXIS2_PLACEMENT_3D ( 'NONE', #2811, #2220, #810 ) ;
#845 = ORIENTED_EDGE ( 'NONE', *, *, #3642, .F. ) ;
#846 = EDGE_CURVE ( 'NONE', #131, #131, #1843, .T. ) ;
#847 = PLANE ( 'NONE',  #274 ) ;
#848 = VECTOR ( 'NONE', #908, 1000.000000000000000 ) ;
#849 = CARTESIAN_POINT ( 'NONE',  ( 1112.566962778174457, 81.59852801933342903, 15.00000000000000000 ) ) ;
#850 = AXIS2_PLACEMENT_3D ( 'NONE', #2746, #1245, #1283 ) ;
#851 = ORIENTED_EDGE ( 'NONE', *, *, #3337, .T. ) ;
#852 = ORIENTED_EDGE ( 'NONE', *, *, #3034, .F. ) ;
#853 = CARTESIAN_POINT ( 'NONE',  ( 996.6085592633629631, 45.49867323251964280, 15.00000000000000000 ) ) ;
#854 = AXIS2_PLACEMENT_3D ( 'NONE', #2231, #3268, #1883 ) ;
#855 = ORIENTED_EDGE ( 'NONE', *, *, #1709, .F. ) ;
#856 = CARTESIAN_POINT ( 'NONE',  ( 1094.566962778183324, 81.59852801933320166, 13.00000000000000000 ) ) ;
#857 = VERTEX_POINT ( 'NONE', #2586 ) ;
#858 = ORIENTED_EDGE ( 'NONE', *, *, #2481, .F. ) ;
#859 = DIRECTION ( 'NONE',  ( 1.000000000000000000, 0.000000000000000000, 0.000000000000000000 ) ) ;
#860 = DIRECTION ( 'NONE',  ( -0.000000000000000000, -0.000000000000000000, 1.000000000000000000 ) ) ;
#861 = EDGE_LOOP ( 'NONE', ( #797 ) ) ;
#862 = VERTEX_POINT ( 'NONE', #42 ) ;
#863 = VERTEX_POINT ( 'NONE', #2001 ) ;
#864 = DIRECTION ( 'NONE',  ( 1.000000000000000000, 0.000000000000000000, 0.000000000000000000 ) ) ;
#865 = DIRECTION ( 'NONE',  ( 1.000000000000000000, 0.000000000000000000, 0.000000000000000000 ) ) ;
#866 = EDGE_CURVE ( 'NONE', #630, #630, #50, .T. ) ;
#867 = CARTESIAN_POINT ( 'NONE',  ( 1112.566962778174457, 2.598528019339019224, 15.00000000000000000 ) ) ;
#868 = ORIENTED_EDGE ( 'NONE', *, *, #3401, .F. ) ;
#869 = ADVANCED_FACE ( 'NONE', ( #3453, #2107 ), #2918, .F. ) ;
#870 = CIRCLE ( 'NONE', #2682, 2.750000000000030198 ) ;
#871 = AXIS2_PLACEMENT_3D ( 'NONE', #1236, #3179, #1587 ) ;
#872 = EDGE_CURVE ( 'NONE', #1889, #1803, #1787, .T. ) ;
#873 = EDGE_LOOP ( 'NONE', ( #51 ) ) ;
#874 = LOCAL_TIME ( 19, 54, 17.00000000000000000, #2867 ) ;
#875 = CARTESIAN_POINT ( 'NONE',  ( 984.0669627781750251, 32.59852801933908495, 15.00000000000000000 ) ) ;
#876 = CARTESIAN_POINT ( 'NONE',  ( 1089.566962778183324, -34.90147198066097189, 15.00000000000000000 ) ) ;
#877 = EDGE_LOOP ( 'NONE', ( #1134 ) ) ;
#878 = DIRECTION ( 'NONE',  ( 0.000000000000000000, 0.000000000000000000, -1.000000000000000000 ) ) ;
#879 = FACE_OUTER_BOUND ( 'NONE', #2375, .T. ) ;
#880 = CARTESIAN_POINT ( 'NONE',  ( 927.0669627781774125, 81.59852801933305955, 15.00000000000000000 ) ) ;
#881 = ORIENTED_EDGE ( 'NONE', *, *, #446, .F. ) ;
#882 = CARTESIAN_POINT ( 'NONE',  ( 931.3169627784334352, -32.40147198092958547, 9.000000000000000000 ) ) ;
#883 = DIRECTION ( 'NONE',  ( -0.000000000000000000, -0.000000000000000000, 1.000000000000000000 ) ) ;
#884 = EDGE_LOOP ( 'NONE', ( #2836 ) ) ;
#885 = FACE_OUTER_BOUND ( 'NONE', #3445, .T. ) ;
#886 = CARTESIAN_POINT ( 'NONE',  ( 1112.566962778174457, 45.59852801933342192, 13.00000000000000000 ) ) ;
#887 = EDGE_LOOP ( 'NONE', ( #3048 ) ) ;
#888 = ADVANCED_FACE ( 'NONE', ( #2138, #1483 ), #1502, .F. ) ;
#889 = DIRECTION ( 'NONE',  ( 0.000000000000000000, 0.000000000000000000, 1.000000000000000000 ) ) ;
#890 = EDGE_LOOP ( 'NONE', ( #1319 ) ) ;
#891 = DIRECTION ( 'NONE',  ( 0.000000000000000000, 0.000000000000000000, 1.000000000000000000 ) ) ;
#892 = ORIENTED_EDGE ( 'NONE', *, *, #3097, .F. ) ;
#893 = EDGE_CURVE ( 'NONE', #2637, #2637, #3124, .T. ) ;
#894 = CARTESIAN_POINT ( 'NONE',  ( 1112.566962778174457, 2.598528019339019224, 13.00000000000000000 ) ) ;
#895 = CARTESIAN_POINT ( 'NONE',  ( 1079.066962778175593, -57.40147198066088663, 15.00000000000000000 ) ) ;
#896 = CIRCLE ( 'NONE', #1856, 2.750000000000030198 ) ;
#897 = CIRCLE ( 'NONE', #3515, 2.750000000000030198 ) ;
#898 = CARTESIAN_POINT ( 'NONE',  ( 927.0669627781775262, 42.59852801933327981, 15.00000000000000000 ) ) ;
#899 = LINE ( 'NONE', #3141, #352 ) ;
#900 = DATE_TIME_ROLE ( 'classification_date' ) ;
#901 = EDGE_LOOP ( 'NONE', ( #1605 ) ) ;
#902 = AXIS2_PLACEMENT_3D ( 'NONE', #98, #3081, #3526 ) ;
#903 = CIRCLE ( 'NONE', #1382, 5.000000000000004441 ) ;
#904 = PLANE ( 'NONE',  #2035 ) ;
#905 = ORIENTED_EDGE ( 'NONE', *, *, #762, .T. ) ;
#906 = AXIS2_PLACEMENT_3D ( 'NONE', #1212, #2341, #2327 ) ;
#907 = AXIS2_PLACEMENT_3D ( 'NONE', #1830, #1286, #1035 ) ;
#908 = DIRECTION ( 'NONE',  ( 0.000000000000000000, 0.000000000000000000, -1.000000000000000000 ) ) ;
#909 = CARTESIAN_POINT ( 'NONE',  ( 1122.566962778174457, -76.40147198066100032, 9.000000000000000000 ) ) ;
#910 = PLANE ( 'NONE',  #2920 ) ;
#911 = EDGE_CURVE ( 'NONE', #1196, #1196, #539, .T. ) ;
#912 = ORIENTED_EDGE ( 'NONE', *, *, #1368, .F. ) ;
#913 = DIRECTION ( 'NONE',  ( 1.000000000000000000, 0.000000000000000000, 0.000000000000000000 ) ) ;
#914 = EDGE_LOOP ( 'NONE', ( #1976 ) ) ;
#915 = ADVANCED_FACE ( 'NONE', ( #2374 ), #3231, .T. ) ;
#916 = VERTEX_POINT ( 'NONE', #1700 ) ;
#917 = VERTEX_POINT ( 'NONE', #1127 ) ;
#918 = FACE_OUTER_BOUND ( 'NONE', #3359, .T. ) ;
#919 = DIRECTION ( 'NONE',  ( 1.000000000000000000, 0.000000000000000000, 0.000000000000000000 ) ) ;
#920 = DIRECTION ( 'NONE',  ( 0.000000000000000000, -1.000000000000000000, 0.000000000000000000 ) ) ;
#921 = EDGE_LOOP ( 'NONE', ( #1219 ) ) ;
#922 = FACE_OUTER_BOUND ( 'NONE', #1699, .T. ) ;
#923 = CARTESIAN_POINT ( 'NONE',  ( 1029.066962778175366, -57.40147198066088663, 15.00000000000000000 ) ) ;
#924 = EDGE_LOOP ( 'NONE', ( #2223 ) ) ;
#925 = CYLINDRICAL_SURFACE ( 'NONE', #306, 2.750000000000030198 ) ;
#926 = CARTESIAN_POINT ( 'NONE',  ( 981.5669627781751387, 82.59852801933902811, 15.00000000000000000 ) ) ;
#927 = CARTESIAN_POINT ( 'NONE',  ( 929.8169627781775262, 118.5985280193389997, 9.000000000000000000 ) ) ;
#928 = EDGE_LOOP ( 'NONE', ( #3454 ) ) ;
#929 = ORIENTED_EDGE ( 'NONE', *, *, #1315, .T. ) ;
#930 = FACE_OUTER_BOUND ( 'NONE', #599, .T. ) ;
#931 = AXIS2_PLACEMENT_3D ( 'NONE', #1221, #3465, #2053 ) ;
#932 = PERSON_AND_ORGANIZATION ( #1364, #511 ) ;
#933 = EDGE_CURVE ( 'NONE', #1626, #1626, #2431, .T. ) ;
#934 = EDGE_LOOP ( 'NONE', ( #105 ) ) ;
#935 = CIRCLE ( 'NONE', #985, 2.750000000000030198 ) ;
#936 = VERTEX_POINT ( 'NONE', #1553 ) ;
#937 = ADVANCED_FACE ( 'NONE', ( #1214, #3504 ), #115, .F. ) ;
#938 = CARTESIAN_POINT ( 'NONE',  ( 996.6085592633629631, -34.90147198066080847, 9.000000000000000000 ) ) ;
#939 = DIRECTION ( 'NONE',  ( -1.000000000000000000, 0.000000000000000000, 0.000000000000000000 ) ) ;
#940 = EDGE_LOOP ( 'NONE', ( #2774 ) ) ;
#941 = EDGE_CURVE ( 'NONE', #801, #801, #171, .T. ) ;
#942 = CARTESIAN_POINT ( 'NONE',  ( 1076.566962778175366, 32.59852801933908495, 15.00000000000000000 ) ) ;
#943 = ORIENTED_EDGE ( 'NONE', *, *, #2891, .T. ) ;
#944 = ORIENTED_EDGE ( 'NONE', *, *, #720, .F. ) ;
#945 = CARTESIAN_POINT ( 'NONE',  ( 1112.566962778174457, -66.90147198065939449, 15.00000000000000000 ) ) ;
#946 = VERTEX_POINT ( 'NONE', #2621 ) ;
#947 = DIRECTION ( 'NONE',  ( -0.000000000000000000, -0.000000000000000000, 1.000000000000000000 ) ) ;
#948 = DIRECTION ( 'NONE',  ( 1.000000000000000000, 0.000000000000000000, 0.000000000000000000 ) ) ;
#949 = DIRECTION ( 'NONE',  ( 1.000000000000000000, 0.000000000000000000, 0.000000000000000000 ) ) ;
#950 = EDGE_CURVE ( 'NONE', #1066, #1066, #3022, .T. ) ;
#951 = CARTESIAN_POINT ( 'NONE',  ( 1079.066962778175593, -12.40147198066086887, 9.000000000000000000 ) ) ;
#952 = DIRECTION ( 'NONE',  ( 1.000000000000000000, 0.000000000000000000, 0.000000000000000000 ) ) ;
#953 = CARTESIAN_POINT ( 'NONE',  ( 1026.566962778175366, 82.59852801933902811, 9.000000000000000000 ) ) ;
#954 = DIRECTION ( 'NONE',  ( -0.000000000000000000, -0.000000000000000000, 1.000000000000000000 ) ) ;
#955 = CIRCLE ( 'NONE', #2647, 4.999999999999893419 ) ;
#956 = ORIENTED_EDGE ( 'NONE', *, *, #77, .T. ) ;
#957 = EDGE_CURVE ( 'NONE', #2861, #2984, #3485, .T. ) ;
#958 = CIRCLE ( 'NONE', #3021, 2.499999999999946709 ) ;
#959 = LINE ( 'NONE', #1318, #619 ) ;
#960 = AXIS2_PLACEMENT_3D ( 'NONE', #2267, #860, #965 ) ;
#961 = DIRECTION ( 'NONE',  ( -0.000000000000000000, -0.000000000000000000, 1.000000000000000000 ) ) ;
#962 = AXIS2_PLACEMENT_3D ( 'NONE', #938, #3171, #642 ) ;
#963 = ORIENTED_EDGE ( 'NONE', *, *, #1754, .T. ) ;
#964 = EDGE_LOOP ( 'NONE', ( #3393 ) ) ;
#965 = DIRECTION ( 'NONE',  ( 1.000000000000000000, 0.000000000000000000, 0.000000000000000000 ) ) ;
#966 = AXIS2_PLACEMENT_3D ( 'NONE', #1225, #3471, #1465 ) ;
#967 = VERTEX_POINT ( 'NONE', #369 ) ;
#968 = DIRECTION ( 'NONE',  ( -0.000000000000000000, -0.000000000000000000, 1.000000000000000000 ) ) ;
#969 = CARTESIAN_POINT ( 'NONE',  ( 927.0669627781775262, 42.59852801933327981, 15.00000000000000000 ) ) ;
#970 = DIRECTION ( 'NONE',  ( -0.000000000000000000, -0.000000000000000000, 1.000000000000000000 ) ) ;
#971 = ORIENTED_EDGE ( 'NONE', *, *, #421, .T. ) ;
#972 = FACE_OUTER_BOUND ( 'NONE', #2576, .T. ) ;
#973 = FACE_BOUND ( 'NONE', #1969, .T. ) ;
#974 = EDGE_CURVE ( 'NONE', #2193, #2193, #1977, .T. ) ;
#975 = EDGE_CURVE ( 'NONE', #2803, #2803, #3584, .T. ) ;
#976 = DIRECTION ( 'NONE',  ( 0.000000000000000000, 0.000000000000000000, -1.000000000000000000 ) ) ;
#977 = EDGE_LOOP ( 'NONE', ( #2592 ) ) ;
#978 = EDGE_LOOP ( 'NONE', ( #1135, #929, #3209, #1805 ) ) ;
#979 = ADVANCED_FACE ( 'NONE', ( #232, #1381 ), #3607, .F. ) ;
#980 = AXIS2_PLACEMENT_3D ( 'NONE', #2438, #2725, #466 ) ;
#981 = AXIS2_PLACEMENT_3D ( 'NONE', #1307, #309, #3432 ) ;
#982 = VERTEX_POINT ( 'NONE', #1808 ) ;
#983 = CARTESIAN_POINT ( 'NONE',  ( 953.3169627781774125, 118.5985280193389997, 13.00000000000000000 ) ) ;
#984 = DIRECTION ( 'NONE',  ( 0.000000000000000000, 0.000000000000000000, 1.000000000000000000 ) ) ;
#985 = AXIS2_PLACEMENT_3D ( 'NONE', #456, #1616, #2448 ) ;
#986 = EDGE_LOOP ( 'NONE', ( #3351 ) ) ;
#987 = CYLINDRICAL_SURFACE ( 'NONE', #251, 2.500000000000168754 ) ;
#988 = FACE_OUTER_BOUND ( 'NONE', #159, .T. ) ;
#989 = DIRECTION ( 'NONE',  ( -0.000000000000000000, -0.000000000000000000, 1.000000000000000000 ) ) ;
#990 = DIRECTION ( 'NONE',  ( 1.000000000000000000, 0.000000000000000000, 0.000000000000000000 ) ) ;
#991 = VERTEX_POINT ( 'NONE', #3492 ) ;
#992 = EDGE_LOOP ( 'NONE', ( #658 ) ) ;
#993 = CARTESIAN_POINT ( 'NONE',  ( 981.5669627781751387, 32.59852801933908495, 9.000000000000000000 ) ) ;
#994 = AXIS2_PLACEMENT_3D ( 'NONE', #1285, #1867, #2974 ) ;
#995 = ORIENTED_EDGE ( 'NONE', *, *, #2645, .F. ) ;
#996 = ADVANCED_FACE ( 'NONE', ( #1680, #2798 ), #1406, .F. ) ;
#997 = VERTEX_POINT ( 'NONE', #3116 ) ;
#998 = FACE_BOUND ( 'NONE', #668, .T. ) ;
#999 = FACE_OUTER_BOUND ( 'NONE', #1430, .T. ) ;
#1000 = CARTESIAN_POINT ( 'NONE',  ( 1076.566962778175366, -57.40147198066088663, 9.000000000000000000 ) ) ;
#1001 = EDGE_CURVE ( 'NONE', #523, #523, #1542, .T. ) ;
#1002 = VERTEX_POINT ( 'NONE', #3155 ) ;
#1003 = DIRECTION ( 'NONE',  ( 1.000000000000000000, 0.000000000000000000, 0.000000000000000000 ) ) ;
#1004 = CARTESIAN_POINT ( 'NONE',  ( 996.5669627781830968, 118.5985280193389997, 15.00000000000000000 ) ) ;
#1005 = CARTESIAN_POINT ( 'NONE',  ( 1089.566962778183324, -34.90147198066097189, 13.00000000000000000 ) ) ;
#1006 = FACE_OUTER_BOUND ( 'NONE', #2437, .T. ) ;
#1007 = FACE_OUTER_BOUND ( 'NONE', #206, .T. ) ;
#1008 = DIRECTION ( 'NONE',  ( -0.000000000000000000, -0.000000000000000000, 1.000000000000000000 ) ) ;
#1009 = CARTESIAN_POINT ( 'NONE',  ( 999.3585592633630768, -34.90147198066080847, 13.00000000000000000 ) ) ;
#1010 = ORIENTED_EDGE ( 'NONE', *, *, #3241, .T. ) ;
#1011 = CIRCLE ( 'NONE', #702, 5.000000000000004441 ) ;
#1012 = CARTESIAN_POINT ( 'NONE',  ( 950.5682651695154846, -34.90147198066080847, 13.00000000000000000 ) ) ;
#1013 = VECTOR ( 'NONE', #920, 1000.000000000000000 ) ;
#1014 = ORIENTED_EDGE ( 'NONE', *, *, #715, .F. ) ;
#1015 = CIRCLE ( 'NONE', #705, 2.499999999999946709 ) ;
#1016 = VECTOR ( 'NONE', #2361, 1000.000000000000000 ) ;
#1017 = EDGE_LOOP ( 'NONE', ( #3004 ) ) ;
#1018 = FACE_OUTER_BOUND ( 'NONE', #408, .T. ) ;
#1019 = ADVANCED_FACE ( 'NONE', ( #1763, #930 ), #1159, .F. ) ;
#1020 = CIRCLE ( 'NONE', #3416, 5.000000000000115463 ) ;
#1021 = VERTEX_POINT ( 'NONE', #2989 ) ;
#1022 = VERTEX_POINT ( 'NONE', #3265 ) ;
#1023 = DIRECTION ( 'NONE',  ( 1.000000000000000000, 0.000000000000000000, 0.000000000000000000 ) ) ;
#1024 = AXIS2_PLACEMENT_3D ( 'NONE', #1968, #3631, #2005 ) ;
#1025 = AXIS2_PLACEMENT_3D ( 'NONE', #1055, #2750, #199 ) ;
#1026 = CARTESIAN_POINT ( 'NONE',  ( 1089.566962778183324, 45.59852801933320166, 9.000000000000000000 ) ) ;
#1027 = CARTESIAN_POINT ( 'NONE',  ( 950.5682651695154846, 81.59852801933305955, 13.00000000000000000 ) ) ;
#1028 = EDGE_CURVE ( 'NONE', #1145, #1145, #776, .T. ) ;
#1029 = EDGE_LOOP ( 'NONE', ( #376 ) ) ;
#1030 = DIRECTION ( 'NONE',  ( 1.000000000000000000, 0.000000000000000000, 0.000000000000000000 ) ) ;
#1031 = AXIS2_PLACEMENT_3D ( 'NONE', #2921, #626, #385 ) ;
#1032 = CARTESIAN_POINT ( 'NONE',  ( 929.8169627781776398, 42.59852801933327981, 9.000000000000000000 ) ) ;
#1033 = AXIS2_PLACEMENT_3D ( 'NONE', #233, #1346, #3608 ) ;
#1034 = FACE_BOUND ( 'NONE', #2213, .T. ) ;
#1035 = DIRECTION ( 'NONE',  ( 1.000000000000000000, 0.000000000000000000, 0.000000000000000000 ) ) ;
#1036 = EDGE_LOOP ( 'NONE', ( #270 ) ) ;
#1037 = FACE_OUTER_BOUND ( 'NONE', #2522, .T. ) ;
#1038 = DIRECTION ( 'NONE',  ( 1.000000000000000000, 0.000000000000000000, 0.000000000000000000 ) ) ;
#1039 = ORIENTED_EDGE ( 'NONE', *, *, #2761, .F. ) ;
#1040 = ORIENTED_EDGE ( 'NONE', *, *, #2523, .T. ) ;
#1041 = FACE_OUTER_BOUND ( 'NONE', #2641, .T. ) ;
#1042 = DIRECTION ( 'NONE',  ( 0.000000000000000000, 0.000000000000000000, 1.000000000000000000 ) ) ;
#1043 = DIRECTION ( 'NONE',  ( 0.000000000000000000, 0.000000000000000000, -1.000000000000000000 ) ) ;
#1044 = VERTEX_POINT ( 'NONE', #2175 ) ;
#1045 = CARTESIAN_POINT ( 'NONE',  ( 928.5669627784334352, -32.40147198092958547, 13.00000000000000000 ) ) ;
#1046 = DIRECTION ( 'NONE',  ( 1.000000000000000000, 0.000000000000000000, 0.000000000000000000 ) ) ;
#1047 = EDGE_LOOP ( 'NONE', ( #2935 ) ) ;
#1048 = CYLINDRICAL_SURFACE ( 'NONE', #3494, 2.500000000000168754 ) ;
#1049 = FACE_BOUND ( 'NONE', #253, .T. ) ;
#1050 = EDGE_CURVE ( 'NONE', #917, #917, #1849, .T. ) ;
#1051 = DIRECTION ( 'NONE',  ( 1.000000000000000000, 0.000000000000000000, 0.000000000000000000 ) ) ;
#1052 = AXIS2_PLACEMENT_3D ( 'NONE', #2961, #402, #1288 ) ;
#1053 = FACE_BOUND ( 'NONE', #3404, .T. ) ;
#1054 = FACE_BOUND ( 'NONE', #940, .T. ) ;
#1055 = CARTESIAN_POINT ( 'NONE',  ( 926.8169627784335489, 7.598528019070460715, 13.00000000000000000 ) ) ;
#1056 = FACE_BOUND ( 'NONE', #1722, .T. ) ;
#1057 = ORIENTED_EDGE ( 'NONE', *, *, #217, .F. ) ;
#1058 = APPROVAL_STATUS ( 'not_yet_approved' ) ;
#1059 = EDGE_CURVE ( 'NONE', #1427, #1427, #706, .T. ) ;
#1060 = DIRECTION ( 'NONE',  ( -0.000000000000000000, -0.000000000000000000, 1.000000000000000000 ) ) ;
#1061 = CARTESIAN_POINT ( 'NONE',  ( 625.0827453986944420, 625.0827453987639046, 15.00000000000000000 ) ) ;
#1062 = EDGE_LOOP ( 'NONE', ( #530 ) ) ;
#1063 = CARTESIAN_POINT ( 'NONE',  ( 936.5669627781751387, 82.59852801933902811, 9.000000000000000000 ) ) ;
#1064 = CARTESIAN_POINT ( 'NONE',  ( 1001.566962778183097, 81.59852801933320166, 15.00000000000000000 ) ) ;
#1065 = CARTESIAN_POINT ( 'NONE',  ( 1089.566962778183324, 2.598528019339019224, 9.000000000000000000 ) ) ;
#1066 = VERTEX_POINT ( 'NONE', #1946 ) ;
#1067 = APPROVAL_DATE_TIME ( #3289, #2128 ) ;
#1068 = FACE_BOUND ( 'NONE', #3520, .T. ) ;
#1069 = DIRECTION ( 'NONE',  ( 1.000000000000000000, 0.000000000000000000, 0.000000000000000000 ) ) ;
#1070 = DIRECTION ( 'NONE',  ( 1.000000000000000000, 0.000000000000000000, 0.000000000000000000 ) ) ;
#1071 = ADVANCED_FACE ( 'NONE', ( #1373, #2243 ), #3560, .F. ) ;
#1072 = EDGE_LOOP ( 'NONE', ( #2778 ) ) ;
#1073 = DATE_AND_TIME ( #2585, #620 ) ;
#1074 = CARTESIAN_POINT ( 'NONE',  ( 936.5669627781751387, 32.59852801933908495, 15.00000000000000000 ) ) ;
#1075 = EDGE_CURVE ( 'NONE', #863, #863, #2791, .T. ) ;
#1076 = ORIENTED_EDGE ( 'NONE', *, *, #1001, .F. ) ;
#1077 = EDGE_LOOP ( 'NONE', ( #228 ) ) ;
#1078 = CARTESIAN_POINT ( 'NONE',  ( 599.4842173794802420, -599.4842173794135078, 9.000000000000000000 ) ) ;
#1079 = AXIS2_PLACEMENT_3D ( 'NONE', #1863, #370, #2934 ) ;
#1080 = CIRCLE ( 'NONE', #2946, 2.750000000000030198 ) ;
#1081 = CARTESIAN_POINT ( 'NONE',  ( 1112.566962778174457, -66.90147198065939449, 13.00000000000000000 ) ) ;
#1082 = VERTEX_POINT ( 'NONE', #3563 ) ;
#1083 = ORIENTED_EDGE ( 'NONE', *, *, #3274, .T. ) ;
#1084 = FACE_OUTER_BOUND ( 'NONE', #25, .T. ) ;
#1085 = AXIS2_PLACEMENT_3D ( 'NONE', #590, #3140, #1719 ) ;
#1086 = AXIS2_PLACEMENT_3D ( 'NONE', #1136, #2922, #3430 ) ;
#1087 = CARTESIAN_POINT ( 'NONE',  ( 1012.566962778174570, -69.90147198066058820, 15.00000000000000000 ) ) ;
#1088 = ORIENTED_EDGE ( 'NONE', *, *, #77, .F. ) ;
#1089 = AXIS2_PLACEMENT_3D ( 'NONE', #665, #968, #3212 ) ;
#1090 = AXIS2_PLACEMENT_3D ( 'NONE', #3073, #3311, #2518 ) ;
#1091 = CARTESIAN_POINT ( 'NONE',  ( 950.5682651695154846, -34.90147198066080847, 9.000000000000000000 ) ) ;
#1092 = CARTESIAN_POINT ( 'NONE',  ( 950.5682651695154846, 42.59852801933307376, 13.00000000000000000 ) ) ;
#1093 = FACE_BOUND ( 'NONE', #1742, .T. ) ;
#1094 = ORIENTED_EDGE ( 'NONE', *, *, #2184, .F. ) ;
#1095 = ADVANCED_FACE ( 'NONE', ( #1099, #2445 ), #473, .F. ) ;
#1096 = DIRECTION ( 'NONE',  ( -0.000000000000000000, -0.000000000000000000, 1.000000000000000000 ) ) ;
#1097 = EDGE_LOOP ( 'NONE', ( #1347 ) ) ;
#1098 = EDGE_CURVE ( 'NONE', #3104, #3104, #2088, .T. ) ;
#1099 = FACE_BOUND ( 'NONE', #1163, .T. ) ;
#1100 = FACE_OUTER_BOUND ( 'NONE', #491, .T. ) ;
#1101 = VERTEX_POINT ( 'NONE', #2712 ) ;
#1102 = EDGE_LOOP ( 'NONE', ( #3108 ) ) ;
#1103 = ADVANCED_FACE ( 'NONE', ( #767, #1934 ), #1915, .F. ) ;
#1104 = CARTESIAN_POINT ( 'NONE',  ( 1041.566962778183097, 81.59852801933342903, 15.00000000000000000 ) ) ;
#1105 = DIRECTION ( 'NONE',  ( -0.000000000000000000, -0.000000000000000000, 1.000000000000000000 ) ) ;
#1106 = ORIENTED_EDGE ( 'NONE', *, *, #3319, .F. ) ;
#1107 = FACE_BOUND ( 'NONE', #2978, .T. ) ;
#1108 = CARTESIAN_POINT ( 'NONE',  ( 996.5669627781830968, 118.5985280193389997, 13.00000000000000000 ) ) ;
#1109 = FACE_BOUND ( 'NONE', #2881, .T. ) ;
#1110 = DIRECTION ( 'NONE',  ( 0.000000000000000000, 0.000000000000000000, 1.000000000000000000 ) ) ;
#1111 = EDGE_LOOP ( 'NONE', ( #790 ) ) ;
#1112 = CARTESIAN_POINT ( 'NONE',  ( 984.0669627781750251, -57.40147198066088663, 15.00000000000000000 ) ) ;
#1113 = AXIS2_PLACEMENT_3D ( 'NONE', #2013, #2514, #3237 ) ;
#1114 = FACE_OUTER_BOUND ( 'NONE', #2468, .T. ) ;
#1115 = CC_DESIGN_APPROVAL ( #2614, ( #1759 ) ) ;
#1116 = CARTESIAN_POINT ( 'NONE',  ( 955.5682651695154846, 42.59852801933307376, 13.00000000000000000 ) ) ;
#1117 = EDGE_LOOP ( 'NONE', ( #1040 ) ) ;
#1118 = EDGE_LOOP ( 'NONE', ( #858 ) ) ;
#1119 = FACE_OUTER_BOUND ( 'NONE', #565, .T. ) ;
#1120 = ADVANCED_FACE ( 'NONE', ( #531, #1119 ), #2775, .F. ) ;
#1121 = EDGE_LOOP ( 'NONE', ( #3473 ) ) ;
#1122 = DIRECTION ( 'NONE',  ( 0.000000000000000000, 0.000000000000000000, -1.000000000000000000 ) ) ;
#1123 = VERTEX_POINT ( 'NONE', #280 ) ;
#1124 = DIRECTION ( 'NONE',  ( -0.7071067811865769936, 0.7071067811865181518, 0.000000000000000000 ) ) ;
#1125 = EDGE_CURVE ( 'NONE', #3464, #1305, #3617, .T. ) ;
#1126 = ORIENTED_EDGE ( 'NONE', *, *, #608, .F. ) ;
#1127 = CARTESIAN_POINT ( 'NONE',  ( 1115.316962778174457, 45.59852801933342192, 9.000000000000000000 ) ) ;
#1128 = LINE ( 'NONE', #3380, #1013 ) ;
#1129 = FACE_BOUND ( 'NONE', #2456, .T. ) ;
#1130 = PLANE ( 'NONE',  #3183 ) ;
#1131 = FACE_OUTER_BOUND ( 'NONE', #1692, .T. ) ;
#1132 = EDGE_LOOP ( 'NONE', ( #1632 ) ) ;
#1133 = DIRECTION ( 'NONE',  ( 1.000000000000000000, 0.000000000000000000, 0.000000000000000000 ) ) ;
#1134 = ORIENTED_EDGE ( 'NONE', *, *, #3002, .F. ) ;
#1135 = ORIENTED_EDGE ( 'NONE', *, *, #1223, .F. ) ;
#1136 = CARTESIAN_POINT ( 'NONE',  ( 927.0669627781774125, 118.5985280193389997, 15.00000000000000000 ) ) ;
#1137 = ORIENTED_EDGE ( 'NONE', *, *, #2304, .F. ) ;
#1138 = APPROVAL_STATUS ( 'not_yet_approved' ) ;
#1139 = DIRECTION ( 'NONE',  ( -0.000000000000000000, -0.000000000000000000, 1.000000000000000000 ) ) ;
#1140 = DIRECTION ( 'NONE',  ( 1.000000000000000000, 0.000000000000000000, 0.000000000000000000 ) ) ;
#1141 = ADVANCED_FACE ( 'NONE', ( #1672, #2204 ), #455, .F. ) ;
#1142 = AXIS2_PLACEMENT_3D ( 'NONE', #1686, #2806, #3040 ) ;
#1143 = ORIENTED_EDGE ( 'NONE', *, *, #3457, .T. ) ;
#1144 = VERTEX_POINT ( 'NONE', #3091 ) ;
#1145 = VERTEX_POINT ( 'NONE', #334 ) ;
#1146 = ADVANCED_FACE ( 'NONE', ( #1041 ), #2169, .F. ) ;
#1147 = DIRECTION ( 'NONE',  ( -0.000000000000000000, -0.000000000000000000, 1.000000000000000000 ) ) ;
#1148 = CARTESIAN_POINT ( 'NONE',  ( 1112.566962778174457, 81.59852801933342903, 13.00000000000000000 ) ) ;
#1149 = CARTESIAN_POINT ( 'NONE',  ( 917.5669627781744566, 128.5985280193389997, 15.00000000000000000 ) ) ;
#1150 = AXIS2_PLACEMENT_3D ( 'NONE', #436, #2646, #2991 ) ;
#1151 = EDGE_LOOP ( 'NONE', ( #2859 ) ) ;
#1152 = AXIS2_PLACEMENT_3D ( 'NONE', #2331, #3410, #3123 ) ;
#1153 = PRODUCT ( 'MZ1-工作台密度板-v2.1', 'MZ1-工作台密度板-v2.1', '', ( #3085 ) ) ;
#1154 = AXIS2_PLACEMENT_3D ( 'NONE', #953, #373, #1845 ) ;
#1155 = CYLINDRICAL_SURFACE ( 'NONE', #1854, 5.000000000000004441 ) ;
#1156 = FACE_OUTER_BOUND ( 'NONE', #2102, .T. ) ;
#1157 = ORIENTED_EDGE ( 'NONE', *, *, #1619, .T. ) ;
#1158 = ORIENTED_EDGE ( 'NONE', *, *, #695, .F. ) ;
#1159 = CYLINDRICAL_SURFACE ( 'NONE', #480, 5.000000000000004441 ) ;
#1160 = VERTEX_POINT ( 'NONE', #1164 ) ;
#1161 = DIRECTION ( 'NONE',  ( 0.000000000000000000, 0.000000000000000000, -1.000000000000000000 ) ) ;
#1162 = FACE_OUTER_BOUND ( 'NONE', #5, .T. ) ;
#1163 = EDGE_LOOP ( 'NONE', ( #1088 ) ) ;
#1164 = CARTESIAN_POINT ( 'NONE',  ( 1001.608559263362963, -34.90147198066080847, 13.00000000000000000 ) ) ;
#1165 = DIRECTION ( 'NONE',  ( 1.000000000000000000, 0.000000000000000000, 0.000000000000000000 ) ) ;
#1166 = FACE_OUTER_BOUND ( 'NONE', #345, .T. ) ;
#1167 = ORIENTED_EDGE ( 'NONE', *, *, #62, .T. ) ;
#1168 = EDGE_CURVE ( 'NONE', #997, #3498, #2332, .T. ) ;
#1169 = CIRCLE ( 'NONE', #2467, 4.999999999999893419 ) ;
#1170 = ADVANCED_FACE ( 'NONE', ( #2813, #669 ), #1420, .F. ) ;
#1171 = VECTOR ( 'NONE', #2061, 1000.000000000000000 ) ;
#1172 = ORIENTED_EDGE ( 'NONE', *, *, #3337, .F. ) ;
#1173 = VERTEX_POINT ( 'NONE', #1712 ) ;
#1174 = EDGE_LOOP ( 'NONE', ( #1518 ) ) ;
#1175 = FACE_OUTER_BOUND ( 'NONE', #216, .T. ) ;
#1176 = DIRECTION ( 'NONE',  ( 1.000000000000000000, 0.000000000000000000, 0.000000000000000000 ) ) ;
#1177 = VERTEX_POINT ( 'NONE', #2310 ) ;
#1178 = CARTESIAN_POINT ( 'NONE',  ( 916.5669627781744566, -76.40147198066100032, 9.000000000000000000 ) ) ;
#1179 = DIRECTION ( 'NONE',  ( -0.000000000000000000, -0.000000000000000000, 1.000000000000000000 ) ) ;
#1180 = DIRECTION ( 'NONE',  ( 1.000000000000000000, 0.000000000000000000, 0.000000000000000000 ) ) ;
#1181 = FACE_OUTER_BOUND ( 'NONE', #3285, .T. ) ;
#1182 = ADVANCED_FACE ( 'NONE', ( #1248, #2594 ), #1200, .F. ) ;
#1183 = FACE_BOUND ( 'NONE', #3353, .T. ) ;
#1184 = CARTESIAN_POINT ( 'NONE',  ( 1041.566962778183097, 81.59852801933342903, 13.00000000000000000 ) ) ;
#1185 = ADVANCED_FACE ( 'NONE', ( #1230, #2073 ), #1471, .F. ) ;
#1186 = EDGE_LOOP ( 'NONE', ( #2045 ) ) ;
#1187 = ORIENTED_EDGE ( 'NONE', *, *, #2247, .T. ) ;
#1188 = EDGE_LOOP ( 'NONE', ( #688 ) ) ;
#1189 = DIRECTION ( 'NONE',  ( 1.000000000000000000, 0.000000000000000000, 0.000000000000000000 ) ) ;
#1190 = CARTESIAN_POINT ( 'NONE',  ( 1117.566962778174684, -34.90147198066097189, 15.00000000000000000 ) ) ;
#1191 = DIRECTION ( 'NONE',  ( 1.000000000000000000, 0.000000000000000000, 0.000000000000000000 ) ) ;
#1192 = AXIS2_PLACEMENT_3D ( 'NONE', #2673, #1869, #2976 ) ;
#1193 = AXIS2_PLACEMENT_3D ( 'NONE', #3120, #2250, #3105 ) ;
#1194 = CARTESIAN_POINT ( 'NONE',  ( 927.0669627781774125, 81.59852801933305955, 15.00000000000000000 ) ) ;
#1195 = FACE_OUTER_BOUND ( 'NONE', #403, .T. ) ;
#1196 = VERTEX_POINT ( 'NONE', #218 ) ;
#1197 = ORIENTED_EDGE ( 'NONE', *, *, #3544, .T. ) ;
#1198 = LINE ( 'NONE', #3400, #1737 ) ;
#1199 = AXIS2_PLACEMENT_3D ( 'NONE', #227, #1320, #3536 ) ;
#1200 = CYLINDRICAL_SURFACE ( 'NONE', #110, 2.750000000000030198 ) ;
#1201 = AXIS2_PLACEMENT_3D ( 'NONE', #3058, #3094, #1070 ) ;
#1202 = CIRCLE ( 'NONE', #906, 2.750000000000030198 ) ;
#1203 = DIRECTION ( 'NONE',  ( 1.000000000000000000, 0.000000000000000000, 0.000000000000000000 ) ) ;
#1204 = DIRECTION ( 'NONE',  ( -1.000000000000000000, 0.000000000000000000, -0.000000000000000000 ) ) ;
#1205 = ORIENTED_EDGE ( 'NONE', *, *, #2455, .T. ) ;
#1206 = ADVANCED_FACE ( 'NONE', ( #646, #3443 ), #3635, .F. ) ;
#1207 = EDGE_LOOP ( 'NONE', ( #2229 ) ) ;
#1208 = CIRCLE ( 'NONE', #1333, 2.499999999999946709 ) ;
#1209 = DIRECTION ( 'NONE',  ( -0.000000000000000000, -0.000000000000000000, 1.000000000000000000 ) ) ;
#1210 = ADVANCED_FACE ( 'NONE', ( #922, #2052 ), #2260, .F. ) ;
#1211 = VERTEX_POINT ( 'NONE', #2340 ) ;
#1212 = CARTESIAN_POINT ( 'NONE',  ( 946.5669627784334352, -69.90147198092957126, 13.00000000000000000 ) ) ;
#1213 = DIRECTION ( 'NONE',  ( -0.000000000000000000, -0.000000000000000000, 1.000000000000000000 ) ) ;
#1214 = FACE_OUTER_BOUND ( 'NONE', #2122, .T. ) ;
#1215 = DIRECTION ( 'NONE',  ( -0.000000000000000000, -0.000000000000000000, 1.000000000000000000 ) ) ;
#1216 = CARTESIAN_POINT ( 'NONE',  ( 917.5669627781745703, -77.40147198066100032, 15.00000000000000000 ) ) ;
#1217 = CARTESIAN_POINT ( 'NONE',  ( 1044.316962778183097, 118.5985280193389997, 13.00000000000000000 ) ) ;
#1218 = DIRECTION ( 'NONE',  ( 0.000000000000000000, 0.000000000000000000, 1.000000000000000000 ) ) ;
#1219 = ORIENTED_EDGE ( 'NONE', *, *, #1801, .T. ) ;
#1220 = EDGE_LOOP ( 'NONE', ( #482 ) ) ;
#1221 = CARTESIAN_POINT ( 'NONE',  ( 1115.066962778174684, 18.59852801933903521, 9.000000000000000000 ) ) ;
#1222 = AXIS2_PLACEMENT_3D ( 'NONE', #894, #2290, #1730 ) ;
#1223 = EDGE_CURVE ( 'NONE', #3498, #1453, #70, .T. ) ;
#1224 = CARTESIAN_POINT ( 'NONE',  ( 1001.566962778183097, 118.5985280193389997, 13.00000000000000000 ) ) ;
#1225 = CARTESIAN_POINT ( 'NONE',  ( 1041.566962778174457, -34.90147198066097189, 13.00000000000000000 ) ) ;
#1226 = DIRECTION ( 'NONE',  ( 1.000000000000000000, 0.000000000000000000, 0.000000000000000000 ) ) ;
#1227 = DIRECTION ( 'NONE',  ( -0.000000000000000000, -0.000000000000000000, 1.000000000000000000 ) ) ;
#1228 = EDGE_CURVE ( 'NONE', #1717, #1717, #356, .T. ) ;
#1229 = ORIENTED_EDGE ( 'NONE', *, *, #498, .F. ) ;
#1230 = FACE_OUTER_BOUND ( 'NONE', #1292, .T. ) ;
#1231 = FACE_OUTER_BOUND ( 'NONE', #588, .T. ) ;
#1232 = DIRECTION ( 'NONE',  ( -1.000000000000000000, 0.000000000000000000, -0.000000000000000000 ) ) ;
#1233 = CYLINDRICAL_SURFACE ( 'NONE', #1052, 2.750000000000030198 ) ;
#1234 = ORIENTED_EDGE ( 'NONE', *, *, #692, .T. ) ;
#1235 = CARTESIAN_POINT ( 'NONE',  ( 924.0669627784334352, 7.598528019070460715, 9.000000000000000000 ) ) ;
#1236 = CARTESIAN_POINT ( 'NONE',  ( 936.5669627781751387, 82.59852801933902811, 9.000000000000000000 ) ) ;
#1237 = EDGE_LOOP ( 'NONE', ( #2587 ) ) ;
#1238 = ORIENTED_EDGE ( 'NONE', *, *, #172, .T. ) ;
#1239 = CARTESIAN_POINT ( 'NONE',  ( 984.0669627781750251, 32.59852801933908495, 9.000000000000000000 ) ) ;
#1240 = CC_DESIGN_PERSON_AND_ORGANIZATION_ASSIGNMENT ( #258, #2274, ( #3219 ) ) ;
#1241 = DIRECTION ( 'NONE',  ( 1.000000000000000000, 0.000000000000000000, 0.000000000000000000 ) ) ;
#1242 = CYLINDRICAL_SURFACE ( 'NONE', #1439, 5.000000000000004441 ) ;
#1243 = CARTESIAN_POINT ( 'NONE',  ( 420.0827453987058675, 420.0827453987525359, 9.000000000000000000 ) ) ;
#1244 = ORIENTED_EDGE ( 'NONE', *, *, #2072, .F. ) ;
#1245 = DIRECTION ( 'NONE',  ( 0.000000000000000000, 0.000000000000000000, -1.000000000000000000 ) ) ;
#1246 = DIRECTION ( 'NONE',  ( -1.000000000000000000, 0.000000000000000000, -0.000000000000000000 ) ) ;
#1247 = EDGE_CURVE ( 'NONE', #1308, #1308, #1912, .T. ) ;
#1248 = FACE_OUTER_BOUND ( 'NONE', #1151, .T. ) ;
#1249 = DIRECTION ( 'NONE',  ( 1.000000000000000000, 0.000000000000000000, 0.000000000000000000 ) ) ;
#1250 = CIRCLE ( 'NONE', #2844, 5.000000000000004441 ) ;
#1251 = AXIS2_PLACEMENT_3D ( 'NONE', #1735, #883, #1451 ) ;
#1252 = EDGE_CURVE ( 'NONE', #533, #533, #2324, .T. ) ;
#1253 = CARTESIAN_POINT ( 'NONE',  ( 931.3169627784334352, -32.40147198092958547, 13.00000000000000000 ) ) ;
#1254 = CIRCLE ( 'NONE', #966, 4.999999999999893419 ) ;
#1255 = EDGE_LOOP ( 'NONE', ( #296 ) ) ;
#1256 = EDGE_LOOP ( 'NONE', ( #3201 ) ) ;
#1257 = CARTESIAN_POINT ( 'NONE',  ( 927.0669627781775262, 42.59852801933327981, 15.00000000000000000 ) ) ;
#1258 = AXIS2_PLACEMENT_3D ( 'NONE', #3038, #3581, #818 ) ;
#1259 = CARTESIAN_POINT ( 'NONE',  ( 929.0669627784334352, 7.598528019070460715, 15.00000000000000000 ) ) ;
#1260 = CYLINDRICAL_SURFACE ( 'NONE', #3591, 4.999999999999893419 ) ;
#1261 = DIRECTION ( 'NONE',  ( 1.000000000000000000, 0.000000000000000000, 0.000000000000000000 ) ) ;
#1262 = DIRECTION ( 'NONE',  ( 1.000000000000000000, 0.000000000000000000, 0.000000000000000000 ) ) ;
#1263 = ORIENTED_EDGE ( 'NONE', *, *, #1418, .F. ) ;
#1264 = DIRECTION ( 'NONE',  ( -0.000000000000000000, -0.000000000000000000, 1.000000000000000000 ) ) ;
#1265 = DIRECTION ( 'NONE',  ( -0.000000000000000000, -0.000000000000000000, 1.000000000000000000 ) ) ;
#1266 = CARTESIAN_POINT ( 'NONE',  ( 1041.566962778183097, 118.5985280193389997, 15.00000000000000000 ) ) ;
#1267 = CARTESIAN_POINT ( 'NONE',  ( 1089.566962778179004, -66.90147198065939449, 9.000000000000000000 ) ) ;
#1268 = VERTEX_POINT ( 'NONE', #138 ) ;
#1269 = EDGE_CURVE ( 'NONE', #444, #444, #596, .T. ) ;
#1270 = FACE_OUTER_BOUND ( 'NONE', #1851, .T. ) ;
#1271 = ORIENTED_EDGE ( 'NONE', *, *, #2481, .T. ) ;
#1272 = FACE_OUTER_BOUND ( 'NONE', #2263, .T. ) ;
#1273 = DIRECTION ( 'NONE',  ( 1.000000000000000000, 0.000000000000000000, 0.000000000000000000 ) ) ;
#1274 = EDGE_CURVE ( 'NONE', #68, #68, #1486, .T. ) ;
#1275 = EDGE_LOOP ( 'NONE', ( #2756 ) ) ;
#1276 = ORIENTED_EDGE ( 'NONE', *, *, #1961, .F. ) ;
#1277 = AXIS2_PLACEMENT_3D ( 'NONE', #2932, #2371, #710 ) ;
#1278 = CARTESIAN_POINT ( 'NONE',  ( 999.3585592633630768, 2.598528019339019224, 13.00000000000000000 ) ) ;
#1279 = AXIS2_PLACEMENT_3D ( 'NONE', #2737, #748, #1322 ) ;
#1280 = CARTESIAN_POINT ( 'NONE',  ( 966.5669627784334352, -65.40147198092950021, 15.00000000000000000 ) ) ;
#1281 = CARTESIAN_POINT ( 'NONE',  ( 1026.566962778175366, -57.40147198066088663, 15.00000000000000000 ) ) ;
#1282 = LOCAL_TIME ( 19, 54, 17.00000000000000000, #2957 ) ;
#1283 = DIRECTION ( 'NONE',  ( -1.000000000000000000, 0.000000000000000000, -0.000000000000000000 ) ) ;
#1284 = CARTESIAN_POINT ( 'NONE',  ( 996.6085592633629631, 45.49867323251964280, 13.00000000000000000 ) ) ;
#1285 = CARTESIAN_POINT ( 'NONE',  ( 1112.566962778174457, -34.90147198066097189, 15.00000000000000000 ) ) ;
#1286 = DIRECTION ( 'NONE',  ( -0.000000000000000000, -0.000000000000000000, 1.000000000000000000 ) ) ;
#1287 = CARTESIAN_POINT ( 'NONE',  ( 1092.316962778183552, 2.598528019339019224, 13.00000000000000000 ) ) ;
#1288 = DIRECTION ( 'NONE',  ( 1.000000000000000000, 0.000000000000000000, 0.000000000000000000 ) ) ;
#1289 = ORIENTED_EDGE ( 'NONE', *, *, #172, .F. ) ;
#1290 = EDGE_CURVE ( 'NONE', #3352, #3352, #3130, .T. ) ;
#1291 = DIRECTION ( 'NONE',  ( -0.000000000000000000, -0.000000000000000000, 1.000000000000000000 ) ) ;
#1292 = EDGE_LOOP ( 'NONE', ( #3131 ) ) ;
#1293 = AXIS2_PLACEMENT_3D ( 'NONE', #1309, #2141, #1792 ) ;
#1294 = EDGE_LOOP ( 'NONE', ( #411 ) ) ;
#1295 = EDGE_CURVE ( 'NONE', #1453, #2065, #736, .T. ) ;
#1296 = FACE_OUTER_BOUND ( 'NONE', #2732, .T. ) ;
#1297 = FACE_OUTER_BOUND ( 'NONE', #2942, .T. ) ;
#1298 = DIRECTION ( 'NONE',  ( -0.000000000000000000, -0.000000000000000000, 1.000000000000000000 ) ) ;
#1299 = CARTESIAN_POINT ( 'NONE',  ( 1094.566962778183324, -34.90147198066097189, 15.00000000000000000 ) ) ;
#1300 = DIRECTION ( 'NONE',  ( 1.000000000000000000, 0.000000000000000000, 0.000000000000000000 ) ) ;
#1301 = DIRECTION ( 'NONE',  ( -0.000000000000000000, -0.000000000000000000, 1.000000000000000000 ) ) ;
#1302 = PLANE ( 'NONE',  #1852 ) ;
#1303 = CARTESIAN_POINT ( 'NONE',  ( 1112.566962778174457, 45.59852801933342192, 15.00000000000000000 ) ) ;
#1304 = PERSON_AND_ORGANIZATION ( #1364, #511 ) ;
#1305 = VERTEX_POINT ( 'NONE', #399 ) ;
#1306 = DIRECTION ( 'NONE',  ( -0.000000000000000000, -0.000000000000000000, 1.000000000000000000 ) ) ;
#1307 = CARTESIAN_POINT ( 'NONE',  ( 1041.566962778183097, 81.59852801933342903, 15.00000000000000000 ) ) ;
#1308 = VERTEX_POINT ( 'NONE', #856 ) ;
#1309 = CARTESIAN_POINT ( 'NONE',  ( 1076.566962778175366, 32.59852801933908495, 9.000000000000000000 ) ) ;
#1310 = ORIENTED_EDGE ( 'NONE', *, *, #1274, .T. ) ;
#1311 = CIRCLE ( 'NONE', #1842, 2.750000000000030198 ) ;
#1312 = DIRECTION ( 'NONE',  ( 1.000000000000000000, 0.000000000000000000, 0.000000000000000000 ) ) ;
#1313 = AXIS2_PLACEMENT_3D ( 'NONE', #1517, #1227, #1262 ) ;
#1314 = DIRECTION ( 'NONE',  ( -0.000000000000000000, -0.000000000000000000, 1.000000000000000000 ) ) ;
#1315 = EDGE_CURVE ( 'NONE', #3498, #2861, #120, .T. ) ;
#1316 = VERTEX_POINT ( 'NONE', #652 ) ;
#1317 = EDGE_LOOP ( 'NONE', ( #1985 ) ) ;
#1318 = CARTESIAN_POINT ( 'NONE',  ( 394.4842173794559130, -394.4842173794230575, 15.00000000000000000 ) ) ;
#1319 = ORIENTED_EDGE ( 'NONE', *, *, #93, .T. ) ;
#1320 = DIRECTION ( 'NONE',  ( -0.000000000000000000, -0.000000000000000000, 1.000000000000000000 ) ) ;
#1321 = DIRECTION ( 'NONE',  ( -1.000000000000000000, 0.000000000000000000, 0.000000000000000000 ) ) ;
#1322 = DIRECTION ( 'NONE',  ( -1.000000000000000000, 0.000000000000000000, -0.000000000000000000 ) ) ;
#1323 = AXIS2_PLACEMENT_3D ( 'NONE', #114, #177, #149 ) ;
#1324 = ADVANCED_FACE ( 'NONE', ( #2937, #686 ), #2996, .F. ) ;
#1325 = VERTEX_POINT ( 'NONE', #711 ) ;
#1326 = CARTESIAN_POINT ( 'NONE',  ( 1112.566962778174457, 45.59852801933342192, 15.00000000000000000 ) ) ;
#1327 = CIRCLE ( 'NONE', #2442, 2.499999999999946709 ) ;
#1328 = DIRECTION ( 'NONE',  ( 0.000000000000000000, 0.000000000000000000, -1.000000000000000000 ) ) ;
#1329 = EDGE_CURVE ( 'NONE', #3208, #3208, #245, .T. ) ;
#1330 = DIRECTION ( 'NONE',  ( -0.000000000000000000, -0.000000000000000000, 1.000000000000000000 ) ) ;
#1331 = SECURITY_CLASSIFICATION_LEVEL ( 'unclassified' ) ;
#1332 = DIRECTION ( 'NONE',  ( 1.000000000000000000, 0.000000000000000000, 0.000000000000000000 ) ) ;
#1333 = AXIS2_PLACEMENT_3D ( 'NONE', #1087, #1642, #2513 ) ;
#1334 = FACE_BOUND ( 'NONE', #877, .T. ) ;
#1335 = FACE_BOUND ( 'NONE', #1882, .T. ) ;
#1336 = DIRECTION ( 'NONE',  ( -0.000000000000000000, -0.000000000000000000, 1.000000000000000000 ) ) ;
#1337 = DIRECTION ( 'NONE',  ( 1.000000000000000000, 0.000000000000000000, 0.000000000000000000 ) ) ;
#1338 = EDGE_LOOP ( 'NONE', ( #1495 ) ) ;
#1339 = DIRECTION ( 'NONE',  ( 1.000000000000000000, 0.000000000000000000, 0.000000000000000000 ) ) ;
#1340 = CARTESIAN_POINT ( 'NONE',  ( 1115.316962778174457, -34.90147198066097189, 13.00000000000000000 ) ) ;
#1341 = ORIENTED_EDGE ( 'NONE', *, *, #273, .T. ) ;
#1342 = EDGE_LOOP ( 'NONE', ( #2887 ) ) ;
#1343 = CARTESIAN_POINT ( 'NONE',  ( 924.0669627784334352, 7.598528019070460715, 13.00000000000000000 ) ) ;
#1344 = CARTESIAN_POINT ( 'NONE',  ( 939.0669627781751387, 82.59852801933902811, 15.00000000000000000 ) ) ;
#1345 = EDGE_CURVE ( 'NONE', #1911, #1911, #3524, .T. ) ;
#1346 = DIRECTION ( 'NONE',  ( 0.000000000000000000, 0.000000000000000000, -1.000000000000000000 ) ) ;
#1347 = ORIENTED_EDGE ( 'NONE', *, *, #3069, .T. ) ;
#1348 = CARTESIAN_POINT ( 'NONE',  ( 936.5669627781751387, 32.59852801933908495, 9.000000000000000000 ) ) ;
#1349 = ADVANCED_FACE ( 'NONE', ( #2655, #988 ), #3288, .F. ) ;
#1350 = AXIS2_PLACEMENT_3D ( 'NONE', #2987, #167, #1894 ) ;
#1351 = DIRECTION ( 'NONE',  ( 1.000000000000000000, 0.000000000000000000, 0.000000000000000000 ) ) ;
#1352 = DIRECTION ( 'NONE',  ( -0.000000000000000000, -0.000000000000000000, 1.000000000000000000 ) ) ;
#1353 = FACE_BOUND ( 'NONE', #2618, .T. ) ;
#1354 = ORIENTED_EDGE ( 'NONE', *, *, #421, .F. ) ;
#1355 = DIRECTION ( 'NONE',  ( 1.000000000000000000, 0.000000000000000000, 0.000000000000000000 ) ) ;
#1356 = CYLINDRICAL_SURFACE ( 'NONE', #184, 2.750000000000030198 ) ;
#1357 = EDGE_LOOP ( 'NONE', ( #2462 ) ) ;
#1358 = CARTESIAN_POINT ( 'NONE',  ( 1115.316962778174457, -34.90147198066097189, 9.000000000000000000 ) ) ;
#1359 = EDGE_LOOP ( 'NONE', ( #690 ) ) ;
#1360 = CARTESIAN_POINT ( 'NONE',  ( 927.0669627781774125, 118.5985280193389997, 13.00000000000000000 ) ) ;
#1361 = DIRECTION ( 'NONE',  ( -0.000000000000000000, -0.000000000000000000, 1.000000000000000000 ) ) ;
#1362 = EDGE_LOOP ( 'NONE', ( #995 ) ) ;
#1363 = FACE_BOUND ( 'NONE', #1937, .T. ) ;
#1364 = PERSON ( '未指定', '未指定', '未指定', ('未指定'), ('未指定'), ('未指定') ) ;
#1365 = DIRECTION ( 'NONE',  ( 0.000000000000000000, 0.000000000000000000, 1.000000000000000000 ) ) ;
#1366 = FACE_BOUND ( 'NONE', #1342, .T. ) ;
#1367 = EDGE_LOOP ( 'NONE', ( #2868 ) ) ;
#1368 = EDGE_CURVE ( 'NONE', #40, #40, #1917, .T. ) ;
#1369 = DIRECTION ( 'NONE',  ( 1.000000000000000000, 0.000000000000000000, 0.000000000000000000 ) ) ;
#1370 = ADVANCED_FACE ( 'NONE', ( #2748, #1006 ), #3252, .F. ) ;
#1371 = ORIENTED_EDGE ( 'NONE', *, *, #2447, .T. ) ;
#1372 = EDGE_LOOP ( 'NONE', ( #3447 ) ) ;
#1373 = FACE_BOUND ( 'NONE', #34, .T. ) ;
#1374 = AXIS2_PLACEMENT_3D ( 'NONE', #1630, #3567, #3310 ) ;
#1375 = AXIS2_PLACEMENT_3D ( 'NONE', #3409, #3626, #2842 ) ;
#1376 = AXIS2_PLACEMENT_3D ( 'NONE', #2127, #1607, #2728 ) ;
#1377 = EDGE_LOOP ( 'NONE', ( #3534 ) ) ;
#1378 = AXIS2_PLACEMENT_3D ( 'NONE', #2757, #2224, #207 ) ;
#1379 = CARTESIAN_POINT ( 'NONE',  ( 1122.566962778174457, 127.5985280193389855, 15.00000000000000000 ) ) ;
#1380 = VERTEX_POINT ( 'NONE', #2510 ) ;
#1381 = FACE_OUTER_BOUND ( 'NONE', #1188, .T. ) ;
#1382 = AXIS2_PLACEMENT_3D ( 'NONE', #2629, #1493, #1832 ) ;
#1383 = AXIS2_PLACEMENT_3D ( 'NONE', #2535, #2826, #2196 ) ;
#1384 = PLANE ( 'NONE',  #1033 ) ;
#1385 = EDGE_LOOP ( 'NONE', ( #222 ) ) ;
#1386 = AXIS2_PLACEMENT_3D ( 'NONE', #3356, #3389, #12 ) ;
#1387 = CIRCLE ( 'NONE', #2023, 4.999999999999893419 ) ;
#1388 = FACE_BOUND ( 'NONE', #1458, .T. ) ;
#1389 = DIRECTION ( 'NONE',  ( -0.000000000000000000, -0.000000000000000000, 1.000000000000000000 ) ) ;
#1390 = CIRCLE ( 'NONE', #1152, 2.499999999999946709 ) ;
#1391 = FACE_OUTER_BOUND ( 'NONE', #2993, .T. ) ;
#1392 = EDGE_LOOP ( 'NONE', ( #336 ) ) ;
#1393 = ADVANCED_FACE ( 'NONE', ( #3580, #2838 ), #1260, .F. ) ;
#1394 = CYLINDRICAL_SURFACE ( 'NONE', #1546, 5.000000000000115463 ) ;
#1395 = EDGE_LOOP ( 'NONE', ( #88 ) ) ;
#1396 = ORIENTED_EDGE ( 'NONE', *, *, #672, .T. ) ;
#1397 = ADVANCED_FACE ( 'NONE', ( #713, #2969 ), #3267, .F. ) ;
#1398 = DIRECTION ( 'NONE',  ( 1.000000000000000000, 0.000000000000000000, 0.000000000000000000 ) ) ;
#1399 = ORIENTED_EDGE ( 'NONE', *, *, #3363, .T. ) ;
#1400 = DIRECTION ( 'NONE',  ( -0.000000000000000000, -0.000000000000000000, 1.000000000000000000 ) ) ;
#1401 = DIRECTION ( 'NONE',  ( 0.000000000000000000, 0.000000000000000000, 1.000000000000000000 ) ) ;
#1402 = VERTEX_POINT ( 'NONE', #2526 ) ;
#1403 = ORIENTED_EDGE ( 'NONE', *, *, #872, .T. ) ;
#1404 = PLANE ( 'NONE',  #175 ) ;
#1405 = DIRECTION ( 'NONE',  ( 0.000000000000000000, 0.000000000000000000, -1.000000000000000000 ) ) ;
#1406 = PLANE ( 'NONE',  #1440 ) ;
#1407 = DIRECTION ( 'NONE',  ( -1.000000000000000000, 0.000000000000000000, -0.000000000000000000 ) ) ;
#1408 = EDGE_LOOP ( 'NONE', ( #2210 ) ) ;
#1409 = DIRECTION ( 'NONE',  ( -0.000000000000000000, -0.000000000000000000, 1.000000000000000000 ) ) ;
#1410 = FACE_BOUND ( 'NONE', #964, .T. ) ;
#1411 = AXIS2_PLACEMENT_3D ( 'NONE', #2819, #2289, #1140 ) ;
#1412 = CYLINDRICAL_SURFACE ( 'NONE', #1090, 2.499999999999946709 ) ;
#1413 = DIRECTION ( 'NONE',  ( 1.000000000000000000, 0.000000000000000000, 0.000000000000000000 ) ) ;
#1414 = EDGE_LOOP ( 'NONE', ( #3196 ) ) ;
#1415 = AXIS2_PLACEMENT_3D ( 'NONE', #1563, #87, #102 ) ;
#1416 = APPROVAL_PERSON_ORGANIZATION ( #3638, #1862, #1744 ) ;
#1417 = EDGE_LOOP ( 'NONE', ( #512 ) ) ;
#1418 = EDGE_CURVE ( 'NONE', #1479, #1479, #307, .T. ) ;
#1419 = EDGE_LOOP ( 'NONE', ( #3511 ) ) ;
#1420 = CYLINDRICAL_SURFACE ( 'NONE', #3077, 2.750000000000030198 ) ;
#1421 = EDGE_LOOP ( 'NONE', ( #2839 ) ) ;
#1422 = ADVANCED_FACE ( 'NONE', ( #1131, #242 ), #201, .F. ) ;
#1423 = DIRECTION ( 'NONE',  ( -0.000000000000000000, -0.000000000000000000, 1.000000000000000000 ) ) ;
#1424 = APPLICATION_PROTOCOL_DEFINITION ( 'international standard', 'config_control_design', 1994, #2634 ) ;
#1425 = EDGE_LOOP ( 'NONE', ( #252 ) ) ;
#1426 = VERTEX_POINT ( 'NONE', #1449 ) ;
#1427 = VERTEX_POINT ( 'NONE', #2545 ) ;
#1428 = PLANE ( 'NONE',  #1531 ) ;
#1429 = CYLINDRICAL_SURFACE ( 'NONE', #833, 2.499999999999946709 ) ;
#1430 = EDGE_LOOP ( 'NONE', ( #1157 ) ) ;
#1431 = FACE_OUTER_BOUND ( 'NONE', #2751, .T. ) ;
#1432 = FACE_OUTER_BOUND ( 'NONE', #2187, .T. ) ;
#1433 = ORIENTED_EDGE ( 'NONE', *, *, #649, .T. ) ;
#1434 = ADVANCED_FACE ( 'NONE', ( #3041, #1391 ), #1412, .F. ) ;
#1435 = CIRCLE ( 'NONE', #409, 2.750000000000030198 ) ;
#1436 = AXIS2_PLACEMENT_3D ( 'NONE', #335, #2002, #2564 ) ;
#1437 = EDGE_LOOP ( 'NONE', ( #2965, #96, #3573, #610 ) ) ;
#1438 = CARTESIAN_POINT ( 'NONE',  ( 1094.566962778178777, -66.90147198065939449, 13.00000000000000000 ) ) ;
#1439 = AXIS2_PLACEMENT_3D ( 'NONE', #969, #731, #1261 ) ;
#1440 = AXIS2_PLACEMENT_3D ( 'NONE', #2529, #3622, #1478 ) ;
#1441 = DIRECTION ( 'NONE',  ( 0.7071067811865867636, -0.7071067811865081598, -0.000000000000000000 ) ) ;
#1442 = CYLINDRICAL_SURFACE ( 'NONE', #1973, 5.000000000000004441 ) ;
#1443 = ADVANCED_FACE ( 'NONE', ( #527 ), #760, .F. ) ;
#1444 = ORIENTED_EDGE ( 'NONE', *, *, #720, .T. ) ;
#1445 = CIRCLE ( 'NONE', #1031, 2.499999999999946709 ) ;
#1446 = AXIS2_PLACEMENT_3D ( 'NONE', #1065, #1943, #2692 ) ;
#1447 = ORIENTED_EDGE ( 'NONE', *, *, #872, .F. ) ;
#1448 = ORIENTED_EDGE ( 'NONE', *, *, #2157, .T. ) ;
#1449 = CARTESIAN_POINT ( 'NONE',  ( 1117.566962778174684, 81.59852801933342903, 15.00000000000000000 ) ) ;
#1450 = EDGE_CURVE ( 'NONE', #3043, #3043, #2793, .T. ) ;
#1451 = DIRECTION ( 'NONE',  ( 1.000000000000000000, 0.000000000000000000, 0.000000000000000000 ) ) ;
#1452 = ORIENTED_EDGE ( 'NONE', *, *, #2139, .T. ) ;
#1453 = VERTEX_POINT ( 'NONE', #1703 ) ;
#1454 = PLANE ( 'NONE',  #2982 ) ;
#1455 = ADVANCED_FACE ( 'NONE', ( #1903, #843, #2768, #3589, #3350, #1366, #1927, #1109, #3568, #3020, #2461, #262, #507, #1649, #3552, #2494, #2182, #2237, #823, #1056, #3293, #490, #1966, #1631, #1353, #784, #1093, #2216, #3330, #805, #546, #1688, #1949, #2807, #782, #3328, #803, #1666, #3071, #2805, #1335, #260, #3057, #1054, #1410, #3018, #3587, #3627, #1129, #3291, #758, #1602, #432, #998, #1018 ), #208, .T. ) ;
#1456 = AXIS2_PLACEMENT_3D ( 'NONE', #3227, #2408, #367 ) ;
#1457 = CIRCLE ( 'NONE', #2297, 2.750000000000030198 ) ;
#1458 = EDGE_LOOP ( 'NONE', ( #2483 ) ) ;
#1459 = CIRCLE ( 'NONE', #3620, 2.500000000000168754 ) ;
#1460 = LINE ( 'NONE', #3119, #848 ) ;
#1461 = EDGE_LOOP ( 'NONE', ( #740 ) ) ;
#1462 = CALENDAR_DATE ( 2026, 12, 5 ) ;
#1463 = EDGE_LOOP ( 'NONE', ( #2763 ) ) ;
#1464 = VERTEX_POINT ( 'NONE', #560 ) ;
#1465 = DIRECTION ( 'NONE',  ( 1.000000000000000000, 0.000000000000000000, 0.000000000000000000 ) ) ;
#1466 = DIRECTION ( 'NONE',  ( -0.000000000000000000, -0.000000000000000000, 1.000000000000000000 ) ) ;
#1467 = DIRECTION ( 'NONE',  ( -0.000000000000000000, -0.000000000000000000, 1.000000000000000000 ) ) ;
#1468 = ORIENTED_EDGE ( 'NONE', *, *, #2133, .F. ) ;
#1469 = DIRECTION ( 'NONE',  ( 0.000000000000000000, 0.000000000000000000, -1.000000000000000000 ) ) ;
#1470 = VERTEX_POINT ( 'NONE', #3456 ) ;
#1471 = CYLINDRICAL_SURFACE ( 'NONE', #654, 2.750000000000030198 ) ;
#1472 = EDGE_CURVE ( 'NONE', #807, #807, #547, .T. ) ;
#1473 = EDGE_LOOP ( 'NONE', ( #3331 ) ) ;
#1474 = ADVANCED_FACE ( 'NONE', ( #2687, #1296 ), #747, .F. ) ;
#1475 = FACE_BOUND ( 'NONE', #454, .T. ) ;
#1476 = EDGE_LOOP ( 'NONE', ( #1263 ) ) ;
#1477 = ORIENTED_EDGE ( 'NONE', *, *, #2322, .F. ) ;
#1478 = DIRECTION ( 'NONE',  ( -1.000000000000000000, 0.000000000000000000, -0.000000000000000000 ) ) ;
#1479 = VERTEX_POINT ( 'NONE', #2218 ) ;
#1480 = VERTEX_POINT ( 'NONE', #112 ) ;
#1481 = AXIS2_PLACEMENT_3D ( 'NONE', #698, #2975, #2657 ) ;
#1482 = CARTESIAN_POINT ( 'NONE',  ( 1026.566962778175366, 32.59852801933908495, 9.000000000000000000 ) ) ;
#1483 = FACE_OUTER_BOUND ( 'NONE', #3313, .T. ) ;
#1484 = EDGE_LOOP ( 'NONE', ( #471 ) ) ;
#1485 = AXIS2_PLACEMENT_3D ( 'NONE', #224, #1291, #1339 ) ;
#1486 = CIRCLE ( 'NONE', #2653, 5.000000000000004441 ) ;
#1487 = CIRCLE ( 'NONE', #484, 5.000000000000004441 ) ;
#1488 = AXIS2_PLACEMENT_3D ( 'NONE', #3222, #450, #1609 ) ;
#1489 = EDGE_LOOP ( 'NONE', ( #568 ) ) ;
#1490 = CIRCLE ( 'NONE', #2087, 2.750000000000030198 ) ;
#1491 = ORIENTED_EDGE ( 'NONE', *, *, #1888, .F. ) ;
#1492 = ADVANCED_FACE ( 'NONE', ( #2831, #1156 ), #2285, .F. ) ;
#1493 = DIRECTION ( 'NONE',  ( -0.000000000000000000, -0.000000000000000000, 1.000000000000000000 ) ) ;
#1494 = ORIENTED_EDGE ( 'NONE', *, *, #1345, .T. ) ;
#1495 = ORIENTED_EDGE ( 'NONE', *, *, #893, .F. ) ;
#1496 = EDGE_CURVE ( 'NONE', #2400, #997, #162, .T. ) ;
#1497 = CIRCLE ( 'NONE', #2910, 5.000000000000115463 ) ;
#1498 = DIRECTION ( 'NONE',  ( -0.000000000000000000, -0.000000000000000000, 1.000000000000000000 ) ) ;
#1499 = APPROVAL_STATUS ( 'not_yet_approved' ) ;
#1500 = CARTESIAN_POINT ( 'NONE',  ( 1094.566962778183324, -34.90147198066097189, 13.00000000000000000 ) ) ;
#1501 = CARTESIAN_POINT ( 'NONE',  ( 1026.566962778175366, -12.40147198066086887, 9.000000000000000000 ) ) ;
#1502 = PLANE ( 'NONE',  #2648 ) ;
#1503 = EDGE_LOOP ( 'NONE', ( #1468 ) ) ;
#1504 = PLANE ( 'NONE',  #391 ) ;
#1505 = DIRECTION ( 'NONE',  ( 1.000000000000000000, 0.000000000000000000, 0.000000000000000000 ) ) ;
#1506 = ORIENTED_EDGE ( 'NONE', *, *, #649, .F. ) ;
#1507 = DIRECTION ( 'NONE',  ( 1.000000000000000000, 0.000000000000000000, 0.000000000000000000 ) ) ;
#1508 = DIRECTION ( 'NONE',  ( 1.000000000000000000, 0.000000000000000000, 0.000000000000000000 ) ) ;
#1509 = EDGE_CURVE ( 'NONE', #3369, #3369, #2658, .T. ) ;
#1510 = ORIENTED_EDGE ( 'NONE', *, *, #393, .T. ) ;
#1511 = ORIENTED_EDGE ( 'NONE', *, *, #692, .F. ) ;
#1512 = CYLINDRICAL_SURFACE ( 'NONE', #567, 4.999999999999893419 ) ;
#1513 = EDGE_CURVE ( 'NONE', #2360, #2360, #11, .T. ) ;
#1514 = AXIS2_PLACEMENT_3D ( 'NONE', #1063, #3008, #2190 ) ;
#1515 = CARTESIAN_POINT ( 'NONE',  ( 936.5669627781751387, -12.40147198066086887, 9.000000000000000000 ) ) ;
#1516 = VERTEX_POINT ( 'NONE', #79 ) ;
#1517 = CARTESIAN_POINT ( 'NONE',  ( 996.5669627781830968, 81.59852801933320166, 9.000000000000000000 ) ) ;
#1518 = ORIENTED_EDGE ( 'NONE', *, *, #2282, .F. ) ;
#1519 = CARTESIAN_POINT ( 'NONE',  ( 996.6085592633629631, 2.598528019339019224, 13.00000000000000000 ) ) ;
#1520 = DIRECTION ( 'NONE',  ( -0.000000000000000000, -0.000000000000000000, 1.000000000000000000 ) ) ;
#1521 = FACE_BOUND ( 'NONE', #1362, .T. ) ;
#1522 = DIRECTION ( 'NONE',  ( -0.000000000000000000, -0.000000000000000000, 1.000000000000000000 ) ) ;
#1523 = CARTESIAN_POINT ( 'NONE',  ( 1076.566962778175366, -12.40147198066086887, 15.00000000000000000 ) ) ;
#1524 = EDGE_LOOP ( 'NONE', ( #179 ) ) ;
#1525 = EDGE_LOOP ( 'NONE', ( #1167 ) ) ;
#1526 = DIRECTION ( 'NONE',  ( 0.000000000000000000, 0.000000000000000000, 1.000000000000000000 ) ) ;
#1527 = VERTEX_POINT ( 'NONE', #2410 ) ;
#1528 = EDGE_CURVE ( 'NONE', #1470, #1470, #2440, .T. ) ;
#1529 = CARTESIAN_POINT ( 'NONE',  ( 1122.566962778174457, -77.40147198066100032, 15.00000000000000000 ) ) ;
#1530 = EDGE_LOOP ( 'NONE', ( #1910 ) ) ;
#1531 = AXIS2_PLACEMENT_3D ( 'NONE', #3428, #578, #2886 ) ;
#1532 = CARTESIAN_POINT ( 'NONE',  ( 1041.566962778174457, -34.90147198066097189, 15.00000000000000000 ) ) ;
#1533 = ADVANCED_FACE ( 'NONE', ( #1431, #1953 ), #1394, .F. ) ;
#1534 = CYLINDRICAL_SURFACE ( 'NONE', #1293, 2.500000000000168754 ) ;
#1535 = PLANE ( 'NONE',  #1025 ) ;
#1536 = FACE_OUTER_BOUND ( 'NONE', #1414, .T. ) ;
#1537 = CIRCLE ( 'NONE', #2790, 2.499999999999946709 ) ;
#1538 = CARTESIAN_POINT ( 'NONE',  ( 1089.316962778183097, 118.5985280193389997, 13.00000000000000000 ) ) ;
#1539 = ORIENTED_EDGE ( 'NONE', *, *, #3509, .F. ) ;
#1540 = VERTEX_POINT ( 'NONE', #3236 ) ;
#1541 = AXIS2_PLACEMENT_3D ( 'NONE', #1026, #777, #3343 ) ;
#1542 = CIRCLE ( 'NONE', #3415, 2.750000000000030198 ) ;
#1543 = DIRECTION ( 'NONE',  ( -0.000000000000000000, -0.000000000000000000, 1.000000000000000000 ) ) ;
#1544 = AXIS2_PLACEMENT_3D ( 'NONE', #1825, #2589, #1191 ) ;
#1545 = ORIENTED_EDGE ( 'NONE', *, *, #1906, .F. ) ;
#1546 = AXIS2_PLACEMENT_3D ( 'NONE', #849, #269, #1133 ) ;
#1547 = DIRECTION ( 'NONE',  ( 1.000000000000000000, 0.000000000000000000, 0.000000000000000000 ) ) ;
#1548 = EDGE_LOOP ( 'NONE', ( #1591 ) ) ;
#1549 = AXIS2_PLACEMENT_3D ( 'NONE', #3014, #441, #2694 ) ;
#1550 = CARTESIAN_POINT ( 'NONE',  ( 946.5669627784334352, -69.90147198092957126, 9.000000000000000000 ) ) ;
#1551 = CARTESIAN_POINT ( 'NONE',  ( 964.3169627784334352, -65.40147198092950021, 9.000000000000000000 ) ) ;
#1552 = AXIS2_PLACEMENT_3D ( 'NONE', #1303, #2176, #1578 ) ;
#1553 = CARTESIAN_POINT ( 'NONE',  ( 1115.316962778174457, 81.59852801933342903, 9.000000000000000000 ) ) ;
#1554 = CARTESIAN_POINT ( 'NONE',  ( 1044.316962778183097, 81.59852801933342903, 13.00000000000000000 ) ) ;
#1555 = CARTESIAN_POINT ( 'NONE',  ( 996.5669627781830968, 118.5985280193389997, 13.00000000000000000 ) ) ;
#1556 = DIRECTION ( 'NONE',  ( 1.000000000000000000, 0.000000000000000000, 0.000000000000000000 ) ) ;
#1557 = FACE_OUTER_BOUND ( 'NONE', #3507, .T. ) ;
#1558 = EDGE_CURVE ( 'NONE', #340, #340, #3372, .T. ) ;
#1559 = FACE_OUTER_BOUND ( 'NONE', #74, .T. ) ;
#1560 = CARTESIAN_POINT ( 'NONE',  ( 996.6085592633629631, -34.90147198066080847, 13.00000000000000000 ) ) ;
#1561 = DIRECTION ( 'NONE',  ( 1.000000000000000000, 0.000000000000000000, 0.000000000000000000 ) ) ;
#1562 = VERTEX_POINT ( 'NONE', #2674 ) ;
#1563 = CARTESIAN_POINT ( 'NONE',  ( 1089.566962778183324, 81.59852801933320166, 13.00000000000000000 ) ) ;
#1564 = ORIENTED_EDGE ( 'NONE', *, *, #866, .F. ) ;
#1565 = EDGE_CURVE ( 'NONE', #321, #321, #2269, .T. ) ;
#1566 = DIRECTION ( 'NONE',  ( 0.000000000000000000, -1.000000000000000000, 0.000000000000000000 ) ) ;
#1567 = ORIENTED_EDGE ( 'NONE', *, *, #2050, .T. ) ;
#1568 = EDGE_LOOP ( 'NONE', ( #1728 ) ) ;
#1569 = AXIS2_PLACEMENT_3D ( 'NONE', #614, #2597, #2365 ) ;
#1570 = CARTESIAN_POINT ( 'NONE',  ( 936.5669627781751387, -57.40147198066088663, 9.000000000000000000 ) ) ;
#1571 = DIRECTION ( 'NONE',  ( 1.000000000000000000, 0.000000000000000000, 0.000000000000000000 ) ) ;
#1572 = CARTESIAN_POINT ( 'NONE',  ( 1046.566962778183324, 118.5985280193389997, 15.00000000000000000 ) ) ;
#1573 = FACE_OUTER_BOUND ( 'NONE', #2085, .T. ) ;
#1574 = CARTESIAN_POINT ( 'NONE',  ( 999.3169627781832105, 81.59852801933320166, 13.00000000000000000 ) ) ;
#1575 = AXIS2_PLACEMENT_3D ( 'NONE', #2280, #3382, #3144 ) ;
#1576 = CARTESIAN_POINT ( 'NONE',  ( 1046.566962778174457, 2.598528019339019224, 13.00000000000000000 ) ) ;
#1577 = DIRECTION ( 'NONE',  ( -0.000000000000000000, -0.000000000000000000, 1.000000000000000000 ) ) ;
#1578 = DIRECTION ( 'NONE',  ( 1.000000000000000000, 0.000000000000000000, 0.000000000000000000 ) ) ;
#1579 = LOCAL_TIME ( 19, 54, 17.00000000000000000, #203 ) ;
#1580 = CARTESIAN_POINT ( 'NONE',  ( 1026.566962778175366, -57.40147198066088663, 9.000000000000000000 ) ) ;
#1581 = FACE_OUTER_BOUND ( 'NONE', #1747, .T. ) ;
#1582 = CARTESIAN_POINT ( 'NONE',  ( 1089.566962778183324, 2.598528019339019224, 13.00000000000000000 ) ) ;
#1583 = ADVANCED_FACE ( 'NONE', ( #1183, #648 ), #904, .F. ) ;
#1584 = VERTEX_POINT ( 'NONE', #2398 ) ;
#1585 = ORIENTED_EDGE ( 'NONE', *, *, #3266, .F. ) ;
#1586 = CARTESIAN_POINT ( 'NONE',  ( 1044.316962778174457, -34.90147198066097189, 13.00000000000000000 ) ) ;
#1587 = DIRECTION ( 'NONE',  ( 1.000000000000000000, 0.000000000000000000, 0.000000000000000000 ) ) ;
#1588 = ADVANCED_FACE ( 'NONE', ( #1756 ), #341, .F. ) ;
#1589 = DIRECTION ( 'NONE',  ( 1.000000000000000000, 0.000000000000000000, 0.000000000000000000 ) ) ;
#1590 = FACE_OUTER_BOUND ( 'NONE', #2167, .T. ) ;
#1591 = ORIENTED_EDGE ( 'NONE', *, *, #1664, .F. ) ;
#1592 = ORIENTED_EDGE ( 'NONE', *, *, #1558, .F. ) ;
#1593 = EDGE_CURVE ( 'NONE', #1771, #1771, #2033, .T. ) ;
#1594 = CARTESIAN_POINT ( 'NONE',  ( 955.5682651695154846, 81.59852801933305955, 13.00000000000000000 ) ) ;
#1595 = CARTESIAN_POINT ( 'NONE',  ( 1117.566962778174684, 18.59852801933903521, 9.000000000000000000 ) ) ;
#1596 = DIRECTION ( 'NONE',  ( 0.000000000000000000, 0.000000000000000000, -1.000000000000000000 ) ) ;
#1597 = CARTESIAN_POINT ( 'NONE',  ( 950.5682651695154846, 81.59852801933305955, 9.000000000000000000 ) ) ;
#1598 = FACE_OUTER_BOUND ( 'NONE', #310, .T. ) ;
#1599 = EDGE_LOOP ( 'NONE', ( #3083 ) ) ;
#1600 = DIRECTION ( 'NONE',  ( 1.000000000000000000, 0.000000000000000000, 0.000000000000000000 ) ) ;
#1601 = FACE_BOUND ( 'NONE', #691, .T. ) ;
#1602 = FACE_BOUND ( 'NONE', #3300, .T. ) ;
#1603 = DIRECTION ( 'NONE',  ( 1.000000000000000000, 0.000000000000000000, 0.000000000000000000 ) ) ;
#1604 = CARTESIAN_POINT ( 'NONE',  ( 950.5682651695154846, 42.59852801933307376, 15.00000000000000000 ) ) ;
#1605 = ORIENTED_EDGE ( 'NONE', *, *, #3363, .F. ) ;
#1606 = AXIS2_PLACEMENT_3D ( 'NONE', #1108, #220, #865 ) ;
#1607 = DIRECTION ( 'NONE',  ( -0.000000000000000000, -0.000000000000000000, 1.000000000000000000 ) ) ;
#1608 = CIRCLE ( 'NONE', #703, 5.000000000000115463 ) ;
#1609 = DIRECTION ( 'NONE',  ( 1.000000000000000000, 0.000000000000000000, 0.000000000000000000 ) ) ;
#1610 = CYLINDRICAL_SURFACE ( 'NONE', #364, 2.499999999999946709 ) ;
#1611 = EDGE_LOOP ( 'NONE', ( #826 ) ) ;
#1612 = ADVANCED_FACE ( 'NONE', ( #1536, #2659 ), #699, .F. ) ;
#1613 = AXIS2_PLACEMENT_3D ( 'NONE', #343, #2912, #1507 ) ;
#1614 = VECTOR ( 'NONE', #694, 1000.000000000000000 ) ;
#1615 = EDGE_LOOP ( 'NONE', ( #1567 ) ) ;
#1616 = DIRECTION ( 'NONE',  ( -0.000000000000000000, -0.000000000000000000, 1.000000000000000000 ) ) ;
#1617 = AXIS2_PLACEMENT_3D ( 'NONE', #486, #1627, #2695 ) ;
#1618 = PLANE ( 'NONE',  #1279 ) ;
#1619 = EDGE_CURVE ( 'NONE', #2578, #2578, #3514, .T. ) ;
#1620 = CARTESIAN_POINT ( 'NONE',  ( 1092.316962778183552, 81.59852801933320166, 13.00000000000000000 ) ) ;
#1621 = AXIS2_PLACEMENT_3D ( 'NONE', #3606, #1405, #3342 ) ;
#1622 = CARTESIAN_POINT ( 'NONE',  ( 1089.566962778183324, 45.59852801933320166, 15.00000000000000000 ) ) ;
#1623 = DIRECTION ( 'NONE',  ( 1.000000000000000000, 0.000000000000000000, 0.000000000000000000 ) ) ;
#1624 = ORIENTED_EDGE ( 'NONE', *, *, #2302, .T. ) ;
#1625 = AXIS2_PLACEMENT_3D ( 'NONE', #2359, #2877, #2051 ) ;
#1626 = VERTEX_POINT ( 'NONE', #2747 ) ;
#1627 = DIRECTION ( 'NONE',  ( -0.000000000000000000, -0.000000000000000000, 1.000000000000000000 ) ) ;
#1628 = AXIS2_PLACEMENT_3D ( 'NONE', #942, #2696, #3444 ) ;
#1629 = DIRECTION ( 'NONE',  ( 1.000000000000000000, 0.000000000000000000, 0.000000000000000000 ) ) ;
#1630 = CARTESIAN_POINT ( 'NONE',  ( 1086.566962778183097, 118.5985280193389997, 13.00000000000000000 ) ) ;
#1631 = FACE_BOUND ( 'NONE', #1484, .T. ) ;
#1632 = ORIENTED_EDGE ( 'NONE', *, *, #1906, .T. ) ;
#1633 = DIRECTION ( 'NONE',  ( -0.000000000000000000, -0.000000000000000000, 1.000000000000000000 ) ) ;
#1634 = EDGE_LOOP ( 'NONE', ( #1238 ) ) ;
#1635 = ORIENTED_EDGE ( 'NONE', *, *, #1059, .F. ) ;
#1636 = EDGE_CURVE ( 'NONE', #3460, #3460, #650, .T. ) ;
#1637 = ORIENTED_EDGE ( 'NONE', *, *, #2577, .F. ) ;
#1638 = CARTESIAN_POINT ( 'NONE',  ( 1041.566962778183097, 81.59852801933342903, 15.00000000000000000 ) ) ;
#1639 = CARTESIAN_POINT ( 'NONE',  ( 1006.566962778433322, -69.90147198092957126, 15.00000000000000000 ) ) ;
#1640 = ORIENTED_EDGE ( 'NONE', *, *, #3, .T. ) ;
#1641 = CARTESIAN_POINT ( 'NONE',  ( 1112.566962778174457, -66.90147198065939449, 9.000000000000000000 ) ) ;
#1642 = DIRECTION ( 'NONE',  ( -0.000000000000000000, -0.000000000000000000, 1.000000000000000000 ) ) ;
#1643 = ADVANCED_FACE ( 'NONE', ( #185, #2698 ), #157, .F. ) ;
#1644 = EDGE_LOOP ( 'NONE', ( #3592 ) ) ;
#1645 = AXIS2_PLACEMENT_3D ( 'NONE', #516, #3127, #58 ) ;
#1646 = LOCAL_TIME ( 19, 54, 17.00000000000000000, #2713 ) ;
#1647 = FACE_BOUND ( 'NONE', #3429, .T. ) ;
#1648 = CARTESIAN_POINT ( 'NONE',  ( 1121.566962778174457, 128.5985280193389997, 15.00000000000000000 ) ) ;
#1649 = FACE_BOUND ( 'NONE', #1029, .T. ) ;
#1650 = EDGE_LOOP ( 'NONE', ( #3383 ) ) ;
#1651 = COORDINATED_UNIVERSAL_TIME_OFFSET ( 8, 0, .AHEAD. ) ;
#1652 = CARTESIAN_POINT ( 'NONE',  ( 950.5682651695154846, 2.598528019338810946, 15.00000000000000000 ) ) ;
#1653 = EDGE_LOOP ( 'NONE', ( #374 ) ) ;
#1654 = CARTESIAN_POINT ( 'NONE',  ( 1044.316962778174457, -34.90147198066097189, 9.000000000000000000 ) ) ;
#1655 = EDGE_LOOP ( 'NONE', ( #943 ) ) ;
#1656 = ORIENTED_EDGE ( 'NONE', *, *, #3151, .F. ) ;
#1657 = CARTESIAN_POINT ( 'NONE',  ( 955.5669627781774125, 118.5985280193389997, 15.00000000000000000 ) ) ;
#1658 = CYLINDRICAL_SURFACE ( 'NONE', #8, 2.750000000000030198 ) ;
#1659 = DIRECTION ( 'NONE',  ( 1.000000000000000000, 0.000000000000000000, 0.000000000000000000 ) ) ;
#1660 = DIRECTION ( 'NONE',  ( -0.000000000000000000, -0.000000000000000000, 1.000000000000000000 ) ) ;
#1661 = DIRECTION ( 'NONE',  ( -0.000000000000000000, -0.000000000000000000, 1.000000000000000000 ) ) ;
#1662 = CARTESIAN_POINT ( 'NONE',  ( 916.5669627781744566, 128.5985280193389997, 15.00000000000000000 ) ) ;
#1663 = EDGE_LOOP ( 'NONE', ( #236 ) ) ;
#1664 = EDGE_CURVE ( 'NONE', #1979, #1979, #3242, .T. ) ;
#1665 = FACE_BOUND ( 'NONE', #1950, .T. ) ;
#1666 = FACE_BOUND ( 'NONE', #1634, .T. ) ;
#1667 = FACE_OUTER_BOUND ( 'NONE', #3269, .T. ) ;
#1668 = ORIENTED_EDGE ( 'NONE', *, *, #282, .T. ) ;
#1669 = ADVANCED_FACE ( 'NONE', ( #2397, #1868 ), #723, .F. ) ;
#1670 = CIRCLE ( 'NONE', #3181, 5.000000000000004441 ) ;
#1671 = EDGE_LOOP ( 'NONE', ( #1704 ) ) ;
#1672 = FACE_OUTER_BOUND ( 'NONE', #2225, .T. ) ;
#1673 = AXIS2_PLACEMENT_3D ( 'NONE', #1560, #1336, #3292 ) ;
#1674 = VECTOR ( 'NONE', #939, 1000.000000000000000 ) ;
#1675 = CIRCLE ( 'NONE', #1376, 2.750000000000030198 ) ;
#1676 = ORIENTED_EDGE ( 'NONE', *, *, #2792, .T. ) ;
#1677 = CARTESIAN_POINT ( 'NONE',  ( 939.0669627781751387, 32.59852801933908495, 9.000000000000000000 ) ) ;
#1678 = AXIS2_PLACEMENT_3D ( 'NONE', #3575, #166, #3301 ) ;
#1679 = ORIENTED_EDGE ( 'NONE', *, *, #53, .T. ) ;
#1680 = FACE_BOUND ( 'NONE', #3166, .T. ) ;
#1681 = ORIENTED_EDGE ( 'NONE', *, *, #2542, .F. ) ;
#1682 = CIRCLE ( 'NONE', #2787, 2.500000000000168754 ) ;
#1683 = CARTESIAN_POINT ( 'NONE',  ( 1079.066962778175593, 32.59852801933908495, 9.000000000000000000 ) ) ;
#1684 = CARTESIAN_POINT ( 'NONE',  ( 1117.566962778174684, 2.598528019339019224, 13.00000000000000000 ) ) ;
#1685 = DIRECTION ( 'NONE',  ( -0.000000000000000000, -0.000000000000000000, 1.000000000000000000 ) ) ;
#1686 = CARTESIAN_POINT ( 'NONE',  ( 950.5682651695154846, -34.90147198066080847, 15.00000000000000000 ) ) ;
#1687 = AXIS2_PLACEMENT_3D ( 'NONE', #696, #1330, #133 ) ;
#1688 = FACE_BOUND ( 'NONE', #213, .T. ) ;
#1689 = EDGE_CURVE ( 'NONE', #1980, #1980, #1387, .T. ) ;
#1690 = EDGE_LOOP ( 'NONE', ( #905 ) ) ;
#1691 = ADVANCED_FACE ( 'NONE', ( #1902, #2999 ), #1535, .F. ) ;
#1692 = EDGE_LOOP ( 'NONE', ( #912 ) ) ;
#1693 = ORIENTED_EDGE ( 'NONE', *, *, #2133, .T. ) ;
#1694 = DIRECTION ( 'NONE',  ( -0.000000000000000000, 0.000000000000000000, -1.000000000000000000 ) ) ;
#1695 = DIRECTION ( 'NONE',  ( 1.000000000000000000, 0.000000000000000000, 0.000000000000000000 ) ) ;
#1696 = ORIENTED_EDGE ( 'NONE', *, *, #3069, .F. ) ;
#1697 = PERSON_AND_ORGANIZATION_ROLE ( 'design_owner' ) ;
#1698 = DIRECTION ( 'NONE',  ( -1.000000000000000000, 0.000000000000000000, -0.000000000000000000 ) ) ;
#1699 = EDGE_LOOP ( 'NONE', ( #2026 ) ) ;
#1700 = CARTESIAN_POINT ( 'NONE',  ( 953.3169627781774125, 118.5985280193389997, 13.00000000000000000 ) ) ;
#1701 = CYLINDRICAL_SURFACE ( 'NONE', #771, 2.750000000000030198 ) ;
#1702 = FACE_BOUND ( 'NONE', #3448, .T. ) ;
#1703 = CARTESIAN_POINT ( 'NONE',  ( 1121.566962778174684, -77.40147198066100032, 15.00000000000000000 ) ) ;
#1704 = ORIENTED_EDGE ( 'NONE', *, *, #3228, .T. ) ;
#1705 = AXIS2_PLACEMENT_3D ( 'NONE', #247, #266, #3110 ) ;
#1706 = EDGE_CURVE ( 'NONE', #1160, #1160, #2610, .T. ) ;
#1707 = AXIS2_PLACEMENT_3D ( 'NONE', #1081, #1423, #2117 ) ;
#1708 = ORIENTED_EDGE ( 'NONE', *, *, #3151, .T. ) ;
#1709 = EDGE_CURVE ( 'NONE', #3138, #3138, #1311, .T. ) ;
#1710 = ORIENTED_EDGE ( 'NONE', *, *, #1028, .F. ) ;
#1711 = DIRECTION ( 'NONE',  ( 1.000000000000000000, 0.000000000000000000, 0.000000000000000000 ) ) ;
#1712 = CARTESIAN_POINT ( 'NONE',  ( 1044.316962778183097, 118.5985280193389997, 13.00000000000000000 ) ) ;
#1713 = CARTESIAN_POINT ( 'NONE',  ( 929.8169627781775262, 118.5985280193389997, 13.00000000000000000 ) ) ;
#1714 = EDGE_CURVE ( 'NONE', #916, #916, #2719, .T. ) ;
#1715 = ORIENTED_EDGE ( 'NONE', *, *, #1252, .F. ) ;
#1716 = VERTEX_POINT ( 'NONE', #2840 ) ;
#1717 = VERTEX_POINT ( 'NONE', #97 ) ;
#1718 = DIRECTION ( 'NONE',  ( -0.000000000000000000, -0.000000000000000000, 1.000000000000000000 ) ) ;
#1719 = DIRECTION ( 'NONE',  ( 1.000000000000000000, 0.000000000000000000, 0.000000000000000000 ) ) ;
#1720 = DIRECTION ( 'NONE',  ( -0.000000000000000000, -0.000000000000000000, 1.000000000000000000 ) ) ;
#1721 = DIRECTION ( 'NONE',  ( -0.000000000000000000, -0.000000000000000000, 1.000000000000000000 ) ) ;
#1722 = EDGE_LOOP ( 'NONE', ( #3143 ) ) ;
#1723 = DIRECTION ( 'NONE',  ( -0.000000000000000000, -0.000000000000000000, 1.000000000000000000 ) ) ;
#1724 = EDGE_CURVE ( 'NONE', #1426, #1426, #49, .T. ) ;
#1725 = ORIENTED_EDGE ( 'NONE', *, *, #2568, .T. ) ;
#1726 =( NAMED_UNIT ( * ) PLANE_ANGLE_UNIT ( ) SI_UNIT ( $, .RADIAN. ) );
#1727 = AXIS2_PLACEMENT_3D ( 'NONE', #3070, #2459, #2782 ) ;
#1728 = ORIENTED_EDGE ( 'NONE', *, *, #1724, .T. ) ;
#1729 = AXIS2_PLACEMENT_3D ( 'NONE', #2608, #666, #2412 ) ;
#1730 = DIRECTION ( 'NONE',  ( 1.000000000000000000, 0.000000000000000000, 0.000000000000000000 ) ) ;
#1731 = EDGE_CURVE ( 'NONE', #542, #542, #234, .T. ) ;
#1732 = VERTEX_POINT ( 'NONE', #1190 ) ;
#1733 = CIRCLE ( 'NONE', #3467, 5.000000000000004441 ) ;
#1734 = AXIS2_PLACEMENT_3D ( 'NONE', #2708, #3063, #2986 ) ;
#1735 = CARTESIAN_POINT ( 'NONE',  ( 1001.566962778433435, -69.90147198092957126, 15.00000000000000000 ) ) ;
#1736 = ORIENTED_EDGE ( 'NONE', *, *, #2620, .T. ) ;
#1737 = VECTOR ( 'NONE', #2314, 1000.000000000000000 ) ;
#1738 = DIRECTION ( 'NONE',  ( -0.000000000000000000, -0.000000000000000000, 1.000000000000000000 ) ) ;
#1739 = ORIENTED_EDGE ( 'NONE', *, *, #1509, .T. ) ;
#1740 = DIRECTION ( 'NONE',  ( 1.000000000000000000, 0.000000000000000000, 0.000000000000000000 ) ) ;
#1741 = CARTESIAN_POINT ( 'NONE',  ( 1092.316962778179004, -66.90147198065939449, 13.00000000000000000 ) ) ;
#1742 = EDGE_LOOP ( 'NONE', ( #2570 ) ) ;
#1743 = DIRECTION ( 'NONE',  ( 1.000000000000000000, 0.000000000000000000, 0.000000000000000000 ) ) ;
#1744 = APPROVAL_ROLE ( '' ) ;
#1745 = ORIENTED_EDGE ( 'NONE', *, *, #1125, .T. ) ;
#1746 = CARTESIAN_POINT ( 'NONE',  ( 1112.566962778174457, 45.59852801933342192, 13.00000000000000000 ) ) ;
#1747 = EDGE_LOOP ( 'NONE', ( #1433 ) ) ;
#1748 = CARTESIAN_POINT ( 'NONE',  ( 1092.316962778179004, -66.90147198065939449, 9.000000000000000000 ) ) ;
#1749 = ADVANCED_FACE ( 'NONE', ( #2433, #464 ), #3272, .F. ) ;
#1750 = DIRECTION ( 'NONE',  ( 1.000000000000000000, 0.000000000000000000, 0.000000000000000000 ) ) ;
#1751 = DIRECTION ( 'NONE',  ( 1.000000000000000000, 0.000000000000000000, 0.000000000000000000 ) ) ;
#1752 = CARTESIAN_POINT ( 'NONE',  ( 1112.566962778174457, -34.90147198066097189, 13.00000000000000000 ) ) ;
#1753 = CARTESIAN_POINT ( 'NONE',  ( 1112.566962778174457, -66.90147198065939449, 15.00000000000000000 ) ) ;
#1754 = EDGE_CURVE ( 'NONE', #2822, #2822, #896, .T. ) ;
#1755 = CIRCLE ( 'NONE', #1941, 2.750000000000030198 ) ;
#1756 = FACE_OUTER_BOUND ( 'NONE', #978, .T. ) ;
#1757 = CIRCLE ( 'NONE', #3618, 4.999999999999893419 ) ;
#1758 = ORIENTED_EDGE ( 'NONE', *, *, #768, .F. ) ;
#1759 = SECURITY_CLASSIFICATION ( '', '', #1331 ) ;
#1760 = VERTEX_POINT ( 'NONE', #2865 ) ;
#1761 = EDGE_LOOP ( 'NONE', ( #3335 ) ) ;
#1762 = EDGE_LOOP ( 'NONE', ( #3326 ) ) ;
#1763 = FACE_OUTER_BOUND ( 'NONE', #2405, .T. ) ;
#1764 = CARTESIAN_POINT ( 'NONE',  ( 961.5669627784334352, -65.40147198092950021, 13.00000000000000000 ) ) ;
#1765 = DIRECTION ( 'NONE',  ( -0.000000000000000000, -0.000000000000000000, 1.000000000000000000 ) ) ;
#1766 = CARTESIAN_POINT ( 'NONE',  ( 1046.566962778183324, 81.59852801933342903, 13.00000000000000000 ) ) ;
#1767 = CARTESIAN_POINT ( 'NONE',  ( 1089.566962778183324, 2.598528019339019224, 15.00000000000000000 ) ) ;
#1768 = CARTESIAN_POINT ( 'NONE',  ( 1041.566962778174457, -34.90147198066097189, 9.000000000000000000 ) ) ;
#1769 = ORIENTED_EDGE ( 'NONE', *, *, #1472, .T. ) ;
#1770 = EDGE_CURVE ( 'NONE', #284, #284, #2945, .T. ) ;
#1771 = VERTEX_POINT ( 'NONE', #3197 ) ;
#1772 = CARTESIAN_POINT ( 'NONE',  ( 1041.566962778179004, -66.90147198065939449, 9.000000000000000000 ) ) ;
#1773 = EDGE_LOOP ( 'NONE', ( #1126 ) ) ;
#1774 = EDGE_CURVE ( 'NONE', #2854, #2854, #1682, .T. ) ;
#1775 = EDGE_LOOP ( 'NONE', ( #1681 ) ) ;
#1776 = CARTESIAN_POINT ( 'NONE',  ( 1122.566962778174457, 127.5985280193389855, 9.000000000000000000 ) ) ;
#1777 = CYLINDRICAL_SURFACE ( 'NONE', #2729, 5.000000000000004441 ) ;
#1778 = DIRECTION ( 'NONE',  ( 1.000000000000000000, 0.000000000000000000, 0.000000000000000000 ) ) ;
#1779 = EDGE_LOOP ( 'NONE', ( #1229 ) ) ;
#1780 = FACE_OUTER_BOUND ( 'NONE', #2536, .T. ) ;
#1781 = EDGE_LOOP ( 'NONE', ( #707 ) ) ;
#1782 = ORIENTED_EDGE ( 'NONE', *, *, #1223, .T. ) ;
#1783 = CYLINDRICAL_SURFACE ( 'NONE', #10, 2.750000000000030198 ) ;
#1784 = VERTEX_POINT ( 'NONE', #2119 ) ;
#1785 = CARTESIAN_POINT ( 'NONE',  ( 1026.566962778175366, -12.40147198066086887, 15.00000000000000000 ) ) ;
#1786 = AXIS2_PLACEMENT_3D ( 'NONE', #842, #3329, #1989 ) ;
#1787 = LINE ( 'NONE', #2903, #595 ) ;
#1788 = ORIENTED_EDGE ( 'NONE', *, *, #1496, .T. ) ;
#1789 = AXIS2_PLACEMENT_3D ( 'NONE', #4, #3107, #579 ) ;
#1790 = AXIS2_PLACEMENT_3D ( 'NONE', #2685, #3512, #2733 ) ;
#1791 = DIRECTION ( 'NONE',  ( 1.000000000000000000, 0.000000000000000000, 0.000000000000000000 ) ) ;
#1792 = DIRECTION ( 'NONE',  ( 1.000000000000000000, 0.000000000000000000, 0.000000000000000000 ) ) ;
#1793 = EDGE_CURVE ( 'NONE', #862, #862, #3257, .T. ) ;
#1794 = CIRCLE ( 'NONE', #1085, 4.999999999999893419 ) ;
#1795 = DIRECTION ( 'NONE',  ( -0.000000000000000000, -0.000000000000000000, 1.000000000000000000 ) ) ;
#1796 = DIRECTION ( 'NONE',  ( 0.000000000000000000, 0.000000000000000000, -1.000000000000000000 ) ) ;
#1797 = ORIENTED_EDGE ( 'NONE', *, *, #677, .F. ) ;
#1798 = CIRCLE ( 'NONE', #3593, 2.750000000000030198 ) ;
#1799 = CYLINDRICAL_SURFACE ( 'NONE', #1569, 2.750000000000030198 ) ;
#1800 = CARTESIAN_POINT ( 'NONE',  ( 1089.566962778183324, 45.59852801933320166, 13.00000000000000000 ) ) ;
#1801 = EDGE_CURVE ( 'NONE', #2802, #2802, #1972, .T. ) ;
#1802 = DIRECTION ( 'NONE',  ( 1.000000000000000000, 0.000000000000000000, 0.000000000000000000 ) ) ;
#1803 = VERTEX_POINT ( 'NONE', #1149 ) ;
#1804 = DIRECTION ( 'NONE',  ( -0.7071067811865181518, -0.7071067811865769936, 0.000000000000000000 ) ) ;
#1805 = ORIENTED_EDGE ( 'NONE', *, *, #72, .T. ) ;
#1806 = PRODUCT_DEFINITION_SHAPE ( 'NONE', 'NONE',  #541 ) ;
#1807 = CARTESIAN_POINT ( 'NONE',  ( 1041.566962778174457, 2.598528019339019224, 15.00000000000000000 ) ) ;
#1808 = CARTESIAN_POINT ( 'NONE',  ( 1001.608559263362963, 45.49867323251964280, 15.00000000000000000 ) ) ;
#1809 = DIRECTION ( 'NONE',  ( 1.000000000000000000, 0.000000000000000000, 0.000000000000000000 ) ) ;
#1810 = DIRECTION ( 'NONE',  ( 0.000000000000000000, 0.000000000000000000, 1.000000000000000000 ) ) ;
#1811 = FACE_OUTER_BOUND ( 'NONE', #1489, .T. ) ;
#1812 = DIRECTION ( 'NONE',  ( 1.000000000000000000, 0.000000000000000000, 0.000000000000000000 ) ) ;
#1813 = AXIS2_PLACEMENT_3D ( 'NONE', #3024, #2752, #1355 ) ;
#1814 = PERSON_AND_ORGANIZATION ( #1364, #511 ) ;
#1815 = FACE_OUTER_BOUND ( 'NONE', #465, .T. ) ;
#1816 = FACE_OUTER_BOUND ( 'NONE', #2515, .T. ) ;
#1817 = AXIS2_PLACEMENT_3D ( 'NONE', #2030, #330, #1176 ) ;
#1818 = ORIENTED_EDGE ( 'NONE', *, *, #164, .T. ) ;
#1819 = LINE ( 'NONE', #2893, #1171 ) ;
#1820 = ADVANCED_FACE ( 'NONE', ( #1926, #286 ), #3588, .F. ) ;
#1821 = ORIENTED_EDGE ( 'NONE', *, *, #2184, .T. ) ;
#1822 = AXIS2_PLACEMENT_3D ( 'NONE', #15, #293, #1938 ) ;
#1823 = ADVANCED_FACE ( 'NONE', ( #2493, #3349 ), #2236, .F. ) ;
#1824 = CARTESIAN_POINT ( 'NONE',  ( 1029.066962778175366, 32.59852801933908495, 9.000000000000000000 ) ) ;
#1825 = CARTESIAN_POINT ( 'NONE',  ( 996.5669627781830968, 118.5985280193389997, 15.00000000000000000 ) ) ;
#1826 = DIRECTION ( 'NONE',  ( 0.000000000000000000, 0.000000000000000000, -1.000000000000000000 ) ) ;
#1827 = EDGE_LOOP ( 'NONE', ( #1797 ) ) ;
#1828 = DIRECTION ( 'NONE',  ( -0.000000000000000000, -0.000000000000000000, 1.000000000000000000 ) ) ;
#1829 = DIRECTION ( 'NONE',  ( -0.000000000000000000, -0.000000000000000000, 1.000000000000000000 ) ) ;
#1830 = CARTESIAN_POINT ( 'NONE',  ( 950.5682651695154846, 42.59852801933307376, 15.00000000000000000 ) ) ;
#1831 = EDGE_LOOP ( 'NONE', ( #1076 ) ) ;
#1832 = DIRECTION ( 'NONE',  ( 1.000000000000000000, 0.000000000000000000, 0.000000000000000000 ) ) ;
#1833 = CARTESIAN_POINT ( 'NONE',  ( 996.6085592633629631, -34.90147198066080847, 15.00000000000000000 ) ) ;
#1834 = EDGE_LOOP ( 'NONE', ( #1371 ) ) ;
#1835 = ORIENTED_EDGE ( 'NONE', *, *, #957, .T. ) ;
#1836 = ADVANCED_FACE ( 'NONE', ( #804 ), #1130, .F. ) ;
#1837 = DIRECTION ( 'NONE',  ( -0.000000000000000000, -0.000000000000000000, 1.000000000000000000 ) ) ;
#1838 = CARTESIAN_POINT ( 'NONE',  ( 929.8169627781776398, 42.59852801933327981, 13.00000000000000000 ) ) ;
#1839 = CARTESIAN_POINT ( 'NONE',  ( 1112.566962778174457, 2.598528019339019224, 13.00000000000000000 ) ) ;
#1840 = EDGE_CURVE ( 'NONE', #2588, #2588, #2319, .T. ) ;
#1841 = LINE ( 'NONE', #2953, #3596 ) ;
#1842 = AXIS2_PLACEMENT_3D ( 'NONE', #1267, #2479, #1603 ) ;
#1843 = CIRCLE ( 'NONE', #2320, 2.500000000000168754 ) ;
#1844 = DIRECTION ( 'NONE',  ( 1.000000000000000000, 0.000000000000000000, 0.000000000000000000 ) ) ;
#1845 = DIRECTION ( 'NONE',  ( 1.000000000000000000, 0.000000000000000000, 0.000000000000000000 ) ) ;
#1846 = CARTESIAN_POINT ( 'NONE',  ( 1089.566962778179004, -66.90147198065939449, 15.00000000000000000 ) ) ;
#1847 = DIRECTION ( 'NONE',  ( -0.000000000000000000, -0.000000000000000000, 1.000000000000000000 ) ) ;
#1848 = AXIS2_PLACEMENT_3D ( 'NONE', #3261, #3571, #2441 ) ;
#1849 = CIRCLE ( 'NONE', #2951, 2.750000000000030198 ) ;
#1850 = FACE_OUTER_BOUND ( 'NONE', #1503, .T. ) ;
#1851 = EDGE_LOOP ( 'NONE', ( #2616 ) ) ;
#1852 = AXIS2_PLACEMENT_3D ( 'NONE', #983, #2120, #2453 ) ;
#1853 = DIRECTION ( 'NONE',  ( 0.000000000000000000, 0.000000000000000000, 1.000000000000000000 ) ) ;
#1854 = AXIS2_PLACEMENT_3D ( 'NONE', #2244, #2845, #2569 ) ;
#1855 = ORIENTED_EDGE ( 'NONE', *, *, #191, .F. ) ;
#1856 = AXIS2_PLACEMENT_3D ( 'NONE', #739, #2195, #488 ) ;
#1857 = EDGE_LOOP ( 'NONE', ( #3535 ) ) ;
#1858 = VERTEX_POINT ( 'NONE', #1572 ) ;
#1859 = CARTESIAN_POINT ( 'NONE',  ( 1094.566962778183324, 2.598528019339019224, 13.00000000000000000 ) ) ;
#1860 = VERTEX_POINT ( 'NONE', #459 ) ;
#1861 = DIRECTION ( 'NONE',  ( -1.000000000000000000, 0.000000000000000000, -0.000000000000000000 ) ) ;
#1862 = APPROVAL ( #1138, '未指定' ) ;
#1863 = CARTESIAN_POINT ( 'NONE',  ( 1026.566962778175366, -12.40147198066086887, 9.000000000000000000 ) ) ;
#1864 = ORIENTED_EDGE ( 'NONE', *, *, #2645, .T. ) ;
#1865 = EDGE_CURVE ( 'NONE', #1144, #1144, #1011, .T. ) ;
#1866 = FACE_BOUND ( 'NONE', #2152, .T. ) ;
#1867 = DIRECTION ( 'NONE',  ( -0.000000000000000000, -0.000000000000000000, 1.000000000000000000 ) ) ;
#1868 = FACE_OUTER_BOUND ( 'NONE', #1385, .T. ) ;
#1869 = DIRECTION ( 'NONE',  ( -0.000000000000000000, -0.000000000000000000, 1.000000000000000000 ) ) ;
#1870 = ORIENTED_EDGE ( 'NONE', *, *, #2222, .T. ) ;
#1871 = SHAPE_DEFINITION_REPRESENTATION ( #1806, #2202 ) ;
#1872 = ADVANCED_FACE ( 'NONE', ( #3381, #1667 ), #1429, .F. ) ;
#1873 = FACE_OUTER_BOUND ( 'NONE', #2794, .T. ) ;
#1874 = FACE_OUTER_BOUND ( 'NONE', #1892, .T. ) ;
#1875 = EDGE_LOOP ( 'NONE', ( #1187 ) ) ;
#1876 = EDGE_LOOP ( 'NONE', ( #1094 ) ) ;
#1877 = AXIS2_PLACEMENT_3D ( 'NONE', #3203, #52, #636 ) ;
#1878 = VERTEX_POINT ( 'NONE', #1594 ) ;
#1879 = AXIS2_PLACEMENT_3D ( 'NONE', #2338, #1765, #2852 ) ;
#1880 = VERTEX_POINT ( 'NONE', #3036 ) ;
#1881 = DIRECTION ( 'NONE',  ( -1.000000000000000000, 0.000000000000000000, -0.000000000000000000 ) ) ;
#1882 = EDGE_LOOP ( 'NONE', ( #1271 ) ) ;
#1883 = DIRECTION ( 'NONE',  ( 1.000000000000000000, 0.000000000000000000, 0.000000000000000000 ) ) ;
#1884 = EDGE_LOOP ( 'NONE', ( #2753 ) ) ;
#1885 = CARTESIAN_POINT ( 'NONE',  ( 599.4842173794802420, -599.4842173794135078, 15.00000000000000000 ) ) ;
#1886 = FACE_BOUND ( 'NONE', #1548, .T. ) ;
#1887 = DIRECTION ( 'NONE',  ( -0.000000000000000000, -0.000000000000000000, 1.000000000000000000 ) ) ;
#1888 = EDGE_CURVE ( 'NONE', #2249, #2249, #3368, .T. ) ;
#1889 = VERTEX_POINT ( 'NONE', #2767 ) ;
#1890 = CARTESIAN_POINT ( 'NONE',  ( 981.5669627781751387, 82.59852801933902811, 9.000000000000000000 ) ) ;
#1891 = EDGE_CURVE ( 'NONE', #1732, #1732, #2894, .T. ) ;
#1892 = EDGE_LOOP ( 'NONE', ( #956 ) ) ;
#1893 = EDGE_LOOP ( 'NONE', ( #362 ) ) ;
#1894 = DIRECTION ( 'NONE',  ( 1.000000000000000000, 0.000000000000000000, 0.000000000000000000 ) ) ;
#1895 = CARTESIAN_POINT ( 'NONE',  ( 931.3169627784334352, -32.40147198092958547, 13.00000000000000000 ) ) ;
#1896 = FACE_BOUND ( 'NONE', #2941, .T. ) ;
#1897 = VERTEX_POINT ( 'NONE', #3246 ) ;
#1898 = DIRECTION ( 'NONE',  ( -0.000000000000000000, -0.000000000000000000, 1.000000000000000000 ) ) ;
#1899 = PLANE ( 'NONE',  #850 ) ;
#1900 = PERSON_AND_ORGANIZATION_ROLE ( 'creator' ) ;
#1901 = CARTESIAN_POINT ( 'NONE',  ( 950.5682651695154846, 2.598528019338810946, 13.00000000000000000 ) ) ;
#1902 = FACE_BOUND ( 'NONE', #2966, .T. ) ;
#1903 = FACE_BOUND ( 'NONE', #3023, .T. ) ;
#1904 = EDGE_LOOP ( 'NONE', ( #3406 ) ) ;
#1905 = AXIS2_PLACEMENT_3D ( 'NONE', #86, #2363, #101 ) ;
#1906 = EDGE_CURVE ( 'NONE', #2871, #2871, #2261, .T. ) ;
#1907 = AXIS2_PLACEMENT_3D ( 'NONE', #1930, #2703, #1369 ) ;
#1908 = DIRECTION ( 'NONE',  ( 0.000000000000000000, 0.000000000000000000, 1.000000000000000000 ) ) ;
#1909 = CIRCLE ( 'NONE', #107, 5.000000000000004441 ) ;
#1910 = ORIENTED_EDGE ( 'NONE', *, *, #1754, .F. ) ;
#1911 = VERTEX_POINT ( 'NONE', #3028 ) ;
#1912 = CIRCLE ( 'NONE', #902, 4.999999999999893419 ) ;
#1913 = ORIENTED_EDGE ( 'NONE', *, *, #359, .F. ) ;
#1914 = EDGE_CURVE ( 'NONE', #2573, #2573, #6, .T. ) ;
#1915 = CYLINDRICAL_SURFACE ( 'NONE', #1378, 5.000000000000115463 ) ;
#1916 = CYLINDRICAL_SURFACE ( 'NONE', #1514, 2.499999999999946709 ) ;
#1917 = CIRCLE ( 'NONE', #1617, 4.999999999999893419 ) ;
#1918 = EDGE_LOOP ( 'NONE', ( #2480 ) ) ;
#1919 = VERTEX_POINT ( 'NONE', #1358 ) ;
#1920 = ADVANCED_FACE ( 'NONE', ( #1702, #2 ), #1948, .F. ) ;
#1921 = AXIS2_PLACEMENT_3D ( 'NONE', #633, #103, #2862 ) ;
#1922 = FACE_OUTER_BOUND ( 'NONE', #800, .T. ) ;
#1923 = FACE_BOUND ( 'NONE', #163, .T. ) ;
#1924 = AXIS2_PLACEMENT_3D ( 'NONE', #2454, #502, #2212 ) ;
#1925 = FACE_BOUND ( 'NONE', #992, .T. ) ;
#1926 = FACE_OUTER_BOUND ( 'NONE', #19, .T. ) ;
#1927 = FACE_BOUND ( 'NONE', #1372, .T. ) ;
#1928 = ORIENTED_EDGE ( 'NONE', *, *, #2339, .T. ) ;
#1929 = FACE_OUTER_BOUND ( 'NONE', #255, .T. ) ;
#1930 = CARTESIAN_POINT ( 'NONE',  ( 1041.566962778174457, 2.598528019339019224, 13.00000000000000000 ) ) ;
#1931 = DIRECTION ( 'NONE',  ( -0.000000000000000000, -0.000000000000000000, 1.000000000000000000 ) ) ;
#1932 = EDGE_LOOP ( 'NONE', ( #398 ) ) ;
#1933 = ORIENTED_EDGE ( 'NONE', *, *, #1098, .F. ) ;
#1934 = FACE_OUTER_BOUND ( 'NONE', #1294, .T. ) ;
#1935 = CARTESIAN_POINT ( 'NONE',  ( 953.3182651695155982, 2.598528019338810946, 9.000000000000000000 ) ) ;
#1936 = ADVANCED_FACE ( 'NONE', ( #3011, #3304 ), #2488, .F. ) ;
#1937 = EDGE_LOOP ( 'NONE', ( #2971 ) ) ;
#1938 = DIRECTION ( 'NONE',  ( 1.000000000000000000, 0.000000000000000000, 0.000000000000000000 ) ) ;
#1939 = CARTESIAN_POINT ( 'NONE',  ( 1117.566962778174684, 45.59852801933342192, 13.00000000000000000 ) ) ;
#1940 = ORIENTED_EDGE ( 'NONE', *, *, #2402, .T. ) ;
#1941 = AXIS2_PLACEMENT_3D ( 'NONE', #1235, #2366, #1812 ) ;
#1942 = DIRECTION ( 'NONE',  ( -1.000000000000000000, 0.000000000000000000, -0.000000000000000000 ) ) ;
#1943 = DIRECTION ( 'NONE',  ( -0.000000000000000000, -0.000000000000000000, 1.000000000000000000 ) ) ;
#1944 = EDGE_CURVE ( 'NONE', #3118, #3118, #2550, .T. ) ;
#1945 = EDGE_LOOP ( 'NONE', ( #3486 ) ) ;
#1946 = CARTESIAN_POINT ( 'NONE',  ( 955.5669627781774125, 118.5985280193389997, 13.00000000000000000 ) ) ;
#1947 = FACE_BOUND ( 'NONE', #794, .T. ) ;
#1948 = PLANE ( 'NONE',  #474 ) ;
#1949 = FACE_BOUND ( 'NONE', #1359, .T. ) ;
#1950 = EDGE_LOOP ( 'NONE', ( #90 ) ) ;
#1951 = FACE_OUTER_BOUND ( 'NONE', #31, .T. ) ;
#1952 = CARTESIAN_POINT ( 'NONE',  ( 916.5669627781744566, -77.40147198066100032, 9.000000000000000000 ) ) ;
#1953 = FACE_OUTER_BOUND ( 'NONE', #1568, .T. ) ;
#1954 = FACE_OUTER_BOUND ( 'NONE', #1644, .T. ) ;
#1955 = ORIENTED_EDGE ( 'NONE', *, *, #1509, .F. ) ;
#1956 = DIRECTION ( 'NONE',  ( -0.000000000000000000, -0.000000000000000000, 1.000000000000000000 ) ) ;
#1957 = EDGE_LOOP ( 'NONE', ( #353 ) ) ;
#1958 = CYLINDRICAL_SURFACE ( 'NONE', #1822, 5.249999999999976907 ) ;
#1959 = FACE_OUTER_BOUND ( 'NONE', #557, .T. ) ;
#1960 = DIRECTION ( 'NONE',  ( 1.000000000000000000, 0.000000000000000000, 0.000000000000000000 ) ) ;
#1961 = EDGE_CURVE ( 'NONE', #1464, #1464, #3082, .T. ) ;
#1962 = ORIENTED_EDGE ( 'NONE', *, *, #2198, .F. ) ;
#1963 = EDGE_CURVE ( 'NONE', #2562, #2562, #1490, .T. ) ;
#1964 = FACE_BOUND ( 'NONE', #2882, .T. ) ;
#1965 = DIRECTION ( 'NONE',  ( 1.000000000000000000, 0.000000000000000000, 0.000000000000000000 ) ) ;
#1966 = FACE_BOUND ( 'NONE', #1525, .T. ) ;
#1967 = EDGE_LOOP ( 'NONE', ( #2808 ) ) ;
#1968 = CARTESIAN_POINT ( 'NONE',  ( 1112.566962778174457, 2.598528019339019224, 15.00000000000000000 ) ) ;
#1969 = EDGE_LOOP ( 'NONE', ( #2627 ) ) ;
#1970 = ORIENTED_EDGE ( 'NONE', *, *, #2636, .T. ) ;
#1971 = DIRECTION ( 'NONE',  ( 1.000000000000000000, 0.000000000000000000, -0.000000000000000000 ) ) ;
#1972 = CIRCLE ( 'NONE', #2151, 4.999999999999893419 ) ;
#1973 = AXIS2_PLACEMENT_3D ( 'NONE', #2328, #2312, #3399 ) ;
#1974 = FACE_OUTER_BOUND ( 'NONE', #2003, .T. ) ;
#1975 = AXIS2_PLACEMENT_3D ( 'NONE', #3533, #1721, #2566 ) ;
#1976 = ORIENTED_EDGE ( 'NONE', *, *, #2275, .F. ) ;
#1977 = CIRCLE ( 'NONE', #2378, 5.000000000000115463 ) ;
#1978 = APPLICATION_PROTOCOL_DEFINITION ( 'international standard', 'config_control_design', 1994, #3132 ) ;
#1979 = VERTEX_POINT ( 'NONE', #18 ) ;
#1980 = VERTEX_POINT ( 'NONE', #294 ) ;
#1981 = CIRCLE ( 'NONE', #360, 5.000000000000004441 ) ;
#1982 = CYLINDRICAL_SURFACE ( 'NONE', #570, 5.000000000000004441 ) ;
#1983 = VECTOR ( 'NONE', #3474, 1000.000000000000000 ) ;
#1984 = DIRECTION ( 'NONE',  ( -1.000000000000000000, 0.000000000000000000, -0.000000000000000000 ) ) ;
#1985 = ORIENTED_EDGE ( 'NONE', *, *, #1593, .T. ) ;
#1986 = AXIS2_PLACEMENT_3D ( 'NONE', #1340, #2466, #3557 ) ;
#1987 = CARTESIAN_POINT ( 'NONE',  ( 1044.316962778179004, -66.90147198065939449, 13.00000000000000000 ) ) ;
#1988 = DIRECTION ( 'NONE',  ( -0.000000000000000000, -0.000000000000000000, 1.000000000000000000 ) ) ;
#1989 = DIRECTION ( 'NONE',  ( 1.000000000000000000, 0.000000000000000000, 0.000000000000000000 ) ) ;
#1990 = CIRCLE ( 'NONE', #2386, 2.750000000000030198 ) ;
#1991 = ORIENTED_EDGE ( 'NONE', *, *, #2707, .F. ) ;
#1992 = ADVANCED_FACE ( 'NONE', ( #1084, #2411 ), #174, .F. ) ;
#1993 = CIRCLE ( 'NONE', #3035, 2.750000000000030198 ) ;
#1994 = EDGE_LOOP ( 'NONE', ( #2367 ) ) ;
#1995 = CARTESIAN_POINT ( 'NONE',  ( 950.5682651695154846, 42.59852801933307376, 9.000000000000000000 ) ) ;
#1996 = PLANE ( 'NONE',  #301 ) ;
#1997 = FACE_OUTER_BOUND ( 'NONE', #3149, .T. ) ;
#1998 = EDGE_LOOP ( 'NONE', ( #2351 ) ) ;
#1999 = CIRCLE ( 'NONE', #2170, 5.000000000000004441 ) ;
#2000 = CARTESIAN_POINT ( 'NONE',  ( 1117.566962778174684, -34.90147198066097189, 13.00000000000000000 ) ) ;
#2001 = CARTESIAN_POINT ( 'NONE',  ( 1015.066962778174570, -69.90147198066058820, 9.000000000000000000 ) ) ;
#2002 = DIRECTION ( 'NONE',  ( -0.000000000000000000, -0.000000000000000000, 1.000000000000000000 ) ) ;
#2003 = EDGE_LOOP ( 'NONE', ( #1940 ) ) ;
#2004 = CIRCLE ( 'NONE', #1113, 4.999999999999893419 ) ;
#2005 = DIRECTION ( 'NONE',  ( 1.000000000000000000, 0.000000000000000000, 0.000000000000000000 ) ) ;
#2006 = ADVANCED_FACE ( 'NONE', ( #435, #3543 ), #1658, .F. ) ;
#2007 = ORIENTED_EDGE ( 'NONE', *, *, #3297, .F. ) ;
#2008 = ADVANCED_FACE ( 'NONE', ( #2779, #1175 ), #1404, .F. ) ;
#2009 = EDGE_LOOP ( 'NONE', ( #1310 ) ) ;
#2010 = CARTESIAN_POINT ( 'NONE',  ( 1046.566962778183324, 81.59852801933342903, 15.00000000000000000 ) ) ;
#2011 = DIRECTION ( 'NONE',  ( -0.000000000000000000, -0.000000000000000000, 1.000000000000000000 ) ) ;
#2012 = EDGE_LOOP ( 'NONE', ( #3260 ) ) ;
#2013 = CARTESIAN_POINT ( 'NONE',  ( 1089.566962778183324, -34.90147198066097189, 15.00000000000000000 ) ) ;
#2014 = EDGE_LOOP ( 'NONE', ( #2556 ) ) ;
#2015 = VERTEX_POINT ( 'NONE', #2273 ) ;
#2016 = DIRECTION ( 'NONE',  ( 1.000000000000000000, 0.000000000000000000, 0.000000000000000000 ) ) ;
#2017 = EDGE_LOOP ( 'NONE', ( #583 ) ) ;
#2018 = FACE_OUTER_BOUND ( 'NONE', #2012, .T. ) ;
#2019 = DIRECTION ( 'NONE',  ( 1.000000000000000000, 0.000000000000000000, 0.000000000000000000 ) ) ;
#2020 = FACE_OUTER_BOUND ( 'NONE', #2307, .T. ) ;
#2021 = EDGE_LOOP ( 'NONE', ( #3420 ) ) ;
#2022 = ADVANCED_FACE ( 'NONE', ( #3394 ), #1996, .T. ) ;
#2023 = AXIS2_PLACEMENT_3D ( 'NONE', #2163, #1887, #1069 ) ;
#2024 = VERTEX_POINT ( 'NONE', #2835 ) ;
#2025 = AXIS2_PLACEMENT_3D ( 'NONE', #1529, #66, #2649 ) ;
#2026 = ORIENTED_EDGE ( 'NONE', *, *, #2632, .F. ) ;
#2027 = DIRECTION ( 'NONE',  ( -0.000000000000000000, -0.000000000000000000, 1.000000000000000000 ) ) ;
#2028 = CIRCLE ( 'NONE', #2499, 5.000000000000004441 ) ;
#2029 = AXIS2_PLACEMENT_3D ( 'NONE', #1005, #3194, #2084 ) ;
#2030 = CARTESIAN_POINT ( 'NONE',  ( 1026.566962778175366, 82.59852801933902811, 15.00000000000000000 ) ) ;
#2031 = FACE_OUTER_BOUND ( 'NONE', #820, .T. ) ;
#2032 = CARTESIAN_POINT ( 'NONE',  ( 1044.316962778183097, 81.59852801933342903, 9.000000000000000000 ) ) ;
#2033 = CIRCLE ( 'NONE', #714, 2.750000000000030198 ) ;
#2034 = CARTESIAN_POINT ( 'NONE',  ( 946.5669627784334352, -69.90147198092957126, 13.00000000000000000 ) ) ;
#2035 = AXIS2_PLACEMENT_3D ( 'NONE', #2039, #3177, #611 ) ;
#2036 = FACE_OUTER_BOUND ( 'NONE', #308, .T. ) ;
#2037 = FACE_BOUND ( 'NONE', #116, .T. ) ;
#2038 = CIRCLE ( 'NONE', #3425, 2.750000000000030198 ) ;
#2039 = CARTESIAN_POINT ( 'NONE',  ( 1115.316962778174457, -66.90147198065939449, 13.00000000000000000 ) ) ;
#2040 = DIRECTION ( 'NONE',  ( 1.000000000000000000, 0.000000000000000000, 0.000000000000000000 ) ) ;
#2041 = DIRECTION ( 'NONE',  ( 0.000000000000000000, 0.000000000000000000, -1.000000000000000000 ) ) ;
#2042 = EDGE_LOOP ( 'NONE', ( #2919 ) ) ;
#2043 = EDGE_LOOP ( 'NONE', ( #2329 ) ) ;
#2044 = ADVANCED_FACE ( 'NONE', ( #2818, #2308 ), #558, .F. ) ;
#2045 = ORIENTED_EDGE ( 'NONE', *, *, #1891, .T. ) ;
#2046 = CYLINDRICAL_SURFACE ( 'NONE', #3015, 4.999999999999893419 ) ;
#2047 = PLANE ( 'NONE',  #3314 ) ;
#2048 = FACE_OUTER_BOUND ( 'NONE', #38, .T. ) ;
#2049 = FACE_OUTER_BOUND ( 'NONE', #986, .T. ) ;
#2050 = EDGE_CURVE ( 'NONE', #333, #333, #2373, .T. ) ;
#2051 = DIRECTION ( 'NONE',  ( 1.000000000000000000, 0.000000000000000000, 0.000000000000000000 ) ) ;
#2052 = FACE_OUTER_BOUND ( 'NONE', #1425, .T. ) ;
#2053 = DIRECTION ( 'NONE',  ( 1.000000000000000000, 0.000000000000000000, 0.000000000000000000 ) ) ;
#2054 = AXIS2_PLACEMENT_3D ( 'NONE', #109, #2171, #2189 ) ;
#2055 = EDGE_LOOP ( 'NONE', ( #2337 ) ) ;
#2056 = CIRCLE ( 'NONE', #1645, 5.000000000000004441 ) ;
#2057 = DIRECTION ( 'NONE',  ( 1.000000000000000000, 0.000000000000000000, 0.000000000000000000 ) ) ;
#2058 = AXIS2_PLACEMENT_3D ( 'NONE', #3084, #2246, #2208 ) ;
#2059 = ORIENTED_EDGE ( 'NONE', *, *, #3178, .F. ) ;
#2060 = EDGE_LOOP ( 'NONE', ( #3235 ) ) ;
#2061 = DIRECTION ( 'NONE',  ( 0.000000000000000000, 0.000000000000000000, -1.000000000000000000 ) ) ;
#2062 = DIRECTION ( 'NONE',  ( -0.000000000000000000, -0.000000000000000000, 1.000000000000000000 ) ) ;
#2063 = CIRCLE ( 'NONE', #452, 5.000000000000004441 ) ;
#2064 = VERTEX_POINT ( 'NONE', #209 ) ;
#2065 = VERTEX_POINT ( 'NONE', #655 ) ;
#2066 = VERTEX_POINT ( 'NONE', #2901 ) ;
#2067 = CYLINDRICAL_SURFACE ( 'NONE', #2579, 5.000000000000004441 ) ;
#2068 = EDGE_CURVE ( 'NONE', #2015, #2015, #1250, .T. ) ;
#2069 = CARTESIAN_POINT ( 'NONE',  ( 961.5669627784334352, -65.40147198092950021, 15.00000000000000000 ) ) ;
#2070 = CARTESIAN_POINT ( 'NONE',  ( 927.0669627781774125, 118.5985280193389997, 9.000000000000000000 ) ) ;
#2071 = LINE ( 'NONE', #371, #3375 ) ;
#2072 = EDGE_CURVE ( 'NONE', #3379, #3379, #2435, .T. ) ;
#2073 = FACE_OUTER_BOUND ( 'NONE', #3185, .T. ) ;
#2074 = FACE_OUTER_BOUND ( 'NONE', #1827, .T. ) ;
#2075 = CARTESIAN_POINT ( 'NONE',  ( 1089.566962778183324, 81.59852801933320166, 9.000000000000000000 ) ) ;
#2076 = ORIENTED_EDGE ( 'NONE', *, *, #2099, .F. ) ;
#2077 = ORIENTED_EDGE ( 'NONE', *, *, #2252, .F. ) ;
#2078 = PERSON_AND_ORGANIZATION_ROLE ( 'classification_officer' ) ;
#2079 = DIRECTION ( 'NONE',  ( 1.000000000000000000, 0.000000000000000000, 0.000000000000000000 ) ) ;
#2080 = DIRECTION ( 'NONE',  ( 1.000000000000000000, 0.000000000000000000, 0.000000000000000000 ) ) ;
#2081 = VERTEX_POINT ( 'NONE', #1224 ) ;
#2082 = AXIS2_PLACEMENT_3D ( 'NONE', #2783, #3093, #563 ) ;
#2083 = CIRCLE ( 'NONE', #1436, 5.000000000000004441 ) ;
#2084 = DIRECTION ( 'NONE',  ( 1.000000000000000000, 0.000000000000000000, 0.000000000000000000 ) ) ;
#2085 = EDGE_LOOP ( 'NONE', ( #3547 ) ) ;
#2086 = EDGE_LOOP ( 'NONE', ( #331 ) ) ;
#2087 = AXIS2_PLACEMENT_3D ( 'NONE', #1360, #1301, #477 ) ;
#2088 = CIRCLE ( 'NONE', #1678, 5.249999999999976907 ) ;
#2089 = CARTESIAN_POINT ( 'NONE',  ( 1092.316962778183552, 81.59852801933320166, 9.000000000000000000 ) ) ;
#2090 = DIRECTION ( 'NONE',  ( 1.000000000000000000, 0.000000000000000000, 0.000000000000000000 ) ) ;
#2091 = CARTESIAN_POINT ( 'NONE',  ( 1076.566962778175366, -12.40147198066086887, 9.000000000000000000 ) ) ;
#2092 = AXIS2_PLACEMENT_3D ( 'NONE', #1515, #1526, #3153 ) ;
#2093 = AXIS2_PLACEMENT_3D ( 'NONE', #1523, #3386, #3317 ) ;
#2094 = EDGE_CURVE ( 'NONE', #3426, #3426, #3463, .T. ) ;
#2095 = EDGE_LOOP ( 'NONE', ( #3298 ) ) ;
#2096 = CIRCLE ( 'NONE', #63, 5.000000000000004441 ) ;
#2097 = DIRECTION ( 'NONE',  ( 1.000000000000000000, 0.000000000000000000, 0.000000000000000000 ) ) ;
#2098 = FACE_BOUND ( 'NONE', #3059, .T. ) ;
#2099 = EDGE_CURVE ( 'NONE', #1716, #1716, #1435, .T. ) ;
#2100 = AXIS2_PLACEMENT_3D ( 'NONE', #684, #1265, #3548 ) ;
#2101 = ORIENTED_EDGE ( 'NONE', *, *, #1689, .T. ) ;
#2102 = EDGE_LOOP ( 'NONE', ( #2101 ) ) ;
#2103 = VECTOR ( 'NONE', #135, 1000.000000000000000 ) ;
#2104 = VERTEX_POINT ( 'NONE', #382 ) ;
#2105 = DIRECTION ( 'NONE',  ( 0.000000000000000000, 0.000000000000000000, 1.000000000000000000 ) ) ;
#2106 = DIRECTION ( 'NONE',  ( -0.000000000000000000, -0.000000000000000000, 1.000000000000000000 ) ) ;
#2107 = FACE_OUTER_BOUND ( 'NONE', #143, .T. ) ;
#2108 = ORIENTED_EDGE ( 'NONE', *, *, #1528, .F. ) ;
#2109 = CARTESIAN_POINT ( 'NONE',  ( 996.6085592633629631, 45.49867323251964280, 13.00000000000000000 ) ) ;
#2110 = FACE_BOUND ( 'NONE', #1174, .T. ) ;
#2111 = CYLINDRICAL_SURFACE ( 'NONE', #1575, 2.750000000000030198 ) ;
#2112 = ADVANCED_FACE ( 'NONE', ( #674, #3164 ), #635, .F. ) ;
#2113 = CARTESIAN_POINT ( 'NONE',  ( 936.5669627781751387, 82.59852801933902811, 15.00000000000000000 ) ) ;
#2114 = ORIENTED_EDGE ( 'NONE', *, *, #1528, .T. ) ;
#2115 = ORIENTED_EDGE ( 'NONE', *, *, #1125, .F. ) ;
#2116 = ADVANCED_FACE ( 'NONE', ( #2098, #1816 ), #389, .F. ) ;
#2117 = DIRECTION ( 'NONE',  ( 1.000000000000000000, 0.000000000000000000, 0.000000000000000000 ) ) ;
#2118 = DIRECTION ( 'NONE',  ( 1.000000000000000000, 0.000000000000000000, 0.000000000000000000 ) ) ;
#2119 = CARTESIAN_POINT ( 'NONE',  ( 1001.566962778183097, 81.59852801933320166, 13.00000000000000000 ) ) ;
#2120 = DIRECTION ( 'NONE',  ( 0.000000000000000000, 0.000000000000000000, -1.000000000000000000 ) ) ;
#2121 = DIRECTION ( 'NONE',  ( 1.000000000000000000, 0.000000000000000000, 0.000000000000000000 ) ) ;
#2122 = EDGE_LOOP ( 'NONE', ( #704 ) ) ;
#2123 = FACE_BOUND ( 'NONE', #1017, .T. ) ;
#2124 = FACE_OUTER_BOUND ( 'NONE', #3434, .T. ) ;
#2125 = DIRECTION ( 'NONE',  ( 1.000000000000000000, 0.000000000000000000, 0.000000000000000000 ) ) ;
#2126 = ORIENTED_EDGE ( 'NONE', *, *, #37, .F. ) ;
#2127 = CARTESIAN_POINT ( 'NONE',  ( 928.5669627784334352, -32.40147198092958547, 9.000000000000000000 ) ) ;
#2128 = APPROVAL ( #1499, '未指定' ) ;
#2129 = EDGE_LOOP ( 'NONE', ( #892 ) ) ;
#2130 = EDGE_LOOP ( 'NONE', ( #1137 ) ) ;
#2131 = CARTESIAN_POINT ( 'NONE',  ( 0.000000000000000000, 0.000000000000000000, 9.000000000000000000 ) ) ;
#2132 = CARTESIAN_POINT ( 'NONE',  ( 926.5669627781744566, 18.59852801933904587, 9.000000000000000000 ) ) ;
#2133 = EDGE_CURVE ( 'NONE', #3397, #3397, #1675, .T. ) ;
#2134 = CARTESIAN_POINT ( 'NONE',  ( 950.5682651695154846, 42.59852801933307376, 15.00000000000000000 ) ) ;
#2135 = VERTEX_POINT ( 'NONE', #3502 ) ;
#2136 = VERTEX_POINT ( 'NONE', #3010 ) ;
#2137 = CARTESIAN_POINT ( 'NONE',  ( 1041.566962778174457, -34.90147198066097189, 15.00000000000000000 ) ) ;
#2138 = FACE_BOUND ( 'NONE', #326, .T. ) ;
#2139 = EDGE_CURVE ( 'NONE', #313, #313, #3307, .T. ) ;
#2140 = CARTESIAN_POINT ( 'NONE',  ( 1041.566962778183097, 118.5985280193389997, 15.00000000000000000 ) ) ;
#2141 = DIRECTION ( 'NONE',  ( -0.000000000000000000, -0.000000000000000000, 1.000000000000000000 ) ) ;
#2142 = DIRECTION ( 'NONE',  ( 1.000000000000000000, 0.000000000000000000, 0.000000000000000000 ) ) ;
#2143 = VERTEX_POINT ( 'NONE', #3258 ) ;
#2144 = CIRCLE ( 'NONE', #1848, 2.750000000000030198 ) ;
#2145 = EDGE_LOOP ( 'NONE', ( #2496 ) ) ;
#2146 = CIRCLE ( 'NONE', #657, 5.000000000000004441 ) ;
#2147 = AXIS2_PLACEMENT_3D ( 'NONE', #2131, #2710, #1321 ) ;
#2148 = FACE_OUTER_BOUND ( 'NONE', #1255, .T. ) ;
#2149 = VECTOR ( 'NONE', #2206, 1000.000000000000000 ) ;
#2150 = ORIENTED_EDGE ( 'NONE', *, *, #2891, .F. ) ;
#2151 = AXIS2_PLACEMENT_3D ( 'NONE', #1846, #526, #783 ) ;
#2152 = EDGE_LOOP ( 'NONE', ( #604 ) ) ;
#2153 = FACE_OUTER_BOUND ( 'NONE', #2876, .T. ) ;
#2154 = VERTEX_POINT ( 'NONE', #1935 ) ;
#2155 = VERTEX_POINT ( 'NONE', #2449 ) ;
#2156 = VERTEX_POINT ( 'NONE', #1657 ) ;
#2157 = EDGE_CURVE ( 'NONE', #1177, #1177, #2199, .T. ) ;
#2158 = DIRECTION ( 'NONE',  ( 1.000000000000000000, 0.000000000000000000, 0.000000000000000000 ) ) ;
#2159 = DIRECTION ( 'NONE',  ( 1.000000000000000000, 0.000000000000000000, 0.000000000000000000 ) ) ;
#2160 = CARTESIAN_POINT ( 'NONE',  ( 950.5682651695154846, 42.59852801933307376, 13.00000000000000000 ) ) ;
#2161 = ADVANCED_FACE ( 'NONE', ( #1037, #2148 ), #161, .F. ) ;
#2162 = FACE_OUTER_BOUND ( 'NONE', #921, .T. ) ;
#2163 = CARTESIAN_POINT ( 'NONE',  ( 1089.566962778183324, 81.59852801933320166, 15.00000000000000000 ) ) ;
#2164 = EDGE_LOOP ( 'NONE', ( #3318 ) ) ;
#2165 = EDGE_LOOP ( 'NONE', ( #1736 ) ) ;
#2166 = DIRECTION ( 'NONE',  ( -0.000000000000000000, -0.000000000000000000, 1.000000000000000000 ) ) ;
#2167 = EDGE_LOOP ( 'NONE', ( #651 ) ) ;
#2168 = ORIENTED_EDGE ( 'NONE', *, *, #1450, .T. ) ;
#2169 = PLANE ( 'NONE',  #2264 ) ;
#2170 = AXIS2_PLACEMENT_3D ( 'NONE', #3067, #1660, #2557 ) ;
#2171 = DIRECTION ( 'NONE',  ( -0.000000000000000000, -0.000000000000000000, 1.000000000000000000 ) ) ;
#2172 = FACE_OUTER_BOUND ( 'NONE', #289, .T. ) ;
#2173 = CARTESIAN_POINT ( 'NONE',  ( 1117.566962778174684, 18.59852801933903521, 15.00000000000000000 ) ) ;
#2174 = AXIS2_PLACEMENT_3D ( 'NONE', #1538, #1796, #387 ) ;
#2175 = CARTESIAN_POINT ( 'NONE',  ( 959.3169627781936697, 12.59852801934287214, 13.00000000000000000 ) ) ;
#2176 = DIRECTION ( 'NONE',  ( -0.000000000000000000, -0.000000000000000000, 1.000000000000000000 ) ) ;
#2177 = EDGE_LOOP ( 'NONE', ( #2168 ) ) ;
#2178 = PLANE ( 'NONE',  #1549 ) ;
#2179 = ADVANCED_FACE ( 'NONE', ( #2200, #2464 ), #2419, .F. ) ;
#2180 = CARTESIAN_POINT ( 'NONE',  ( 917.5669627781745703, -77.40147198066100032, 15.00000000000000000 ) ) ;
#2181 = FACE_BOUND ( 'NONE', #1062, .T. ) ;
#2182 = FACE_BOUND ( 'NONE', #23, .T. ) ;
#2183 = EDGE_LOOP ( 'NONE', ( #3086 ) ) ;
#2184 = EDGE_CURVE ( 'NONE', #3407, #3407, #543, .T. ) ;
#2185 = CARTESIAN_POINT ( 'NONE',  ( 1112.566962778174457, 2.598528019339019224, 15.00000000000000000 ) ) ;
#2186 = LINE ( 'NONE', #1061, #2149 ) ;
#2187 = EDGE_LOOP ( 'NONE', ( #36 ) ) ;
#2188 = DIRECTION ( 'NONE',  ( -0.000000000000000000, -0.000000000000000000, 1.000000000000000000 ) ) ;
#2189 = DIRECTION ( 'NONE',  ( 1.000000000000000000, 0.000000000000000000, 0.000000000000000000 ) ) ;
#2190 = DIRECTION ( 'NONE',  ( 1.000000000000000000, 0.000000000000000000, 0.000000000000000000 ) ) ;
#2191 = VERTEX_POINT ( 'NONE', #434 ) ;
#2192 = CARTESIAN_POINT ( 'NONE',  ( 927.0669627781775262, 42.59852801933327981, 13.00000000000000000 ) ) ;
#2193 = VERTEX_POINT ( 'NONE', #1684 ) ;
#2194 = DIRECTION ( 'NONE',  ( 0.7071067811865181518, 0.7071067811865769936, 0.000000000000000000 ) ) ;
#2195 = DIRECTION ( 'NONE',  ( -0.000000000000000000, -0.000000000000000000, 1.000000000000000000 ) ) ;
#2196 = DIRECTION ( 'NONE',  ( 0.000000000000000000, -0.000000000000000000, 1.000000000000000000 ) ) ;
#2197 = ORIENTED_EDGE ( 'NONE', *, *, #2949, .F. ) ;
#2198 = EDGE_CURVE ( 'NONE', #2104, #2104, #2144, .T. ) ;
#2199 = CIRCLE ( 'NONE', #1907, 2.750000000000030198 ) ;
#2200 = FACE_OUTER_BOUND ( 'NONE', #2060, .T. ) ;
#2201 = CARTESIAN_POINT ( 'NONE',  ( 996.6085592633629631, 2.598528019339019224, 15.00000000000000000 ) ) ;
#2202 = ADVANCED_BREP_SHAPE_REPRESENTATION ( 'MZ1-工作台密度板-v2.1', ( #2995, #85 ), #2476 ) ;
#2203 = ORIENTED_EDGE ( 'NONE', *, *, #2834, .F. ) ;
#2204 = FACE_OUTER_BOUND ( 'NONE', #2525, .T. ) ;
#2205 = ADVANCED_FACE ( 'NONE', ( #1873, #2680 ), #492, .F. ) ;
#2206 = DIRECTION ( 'NONE',  ( -0.7071067811865867636, 0.7071067811865081598, -0.000000000000000000 ) ) ;
#2207 = AXIS2_PLACEMENT_3D ( 'NONE', #2221, #1314, #1038 ) ;
#2208 = DIRECTION ( 'NONE',  ( 1.000000000000000000, 0.000000000000000000, 0.000000000000000000 ) ) ;
#2209 = VERTEX_POINT ( 'NONE', #3322 ) ;
#2210 = ORIENTED_EDGE ( 'NONE', *, *, #1963, .F. ) ;
#2211 = AXIS2_PLACEMENT_3D ( 'NONE', #1519, #3455, #949 ) ;
#2212 = DIRECTION ( 'NONE',  ( 1.000000000000000000, 0.000000000000000000, 0.000000000000000000 ) ) ;
#2213 = EDGE_LOOP ( 'NONE', ( #3112 ) ) ;
#2214 = FACE_BOUND ( 'NONE', #1077, .T. ) ;
#2215 = DIRECTION ( 'NONE',  ( -0.000000000000000000, -0.000000000000000000, 1.000000000000000000 ) ) ;
#2216 = FACE_BOUND ( 'NONE', #2177, .T. ) ;
#2217 = EDGE_LOOP ( 'NONE', ( #3278 ) ) ;
#2218 = CARTESIAN_POINT ( 'NONE',  ( 953.3182651695155982, 81.59852801933305955, 9.000000000000000000 ) ) ;
#2219 = PERSON_AND_ORGANIZATION ( #1364, #511 ) ;
#2220 = DIRECTION ( 'NONE',  ( -0.000000000000000000, -0.000000000000000000, 1.000000000000000000 ) ) ;
#2221 = CARTESIAN_POINT ( 'NONE',  ( 1112.566962778174457, -34.90147198066097189, 9.000000000000000000 ) ) ;
#2222 = EDGE_CURVE ( 'NONE', #415, #415, #1015, .T. ) ;
#2223 = ORIENTED_EDGE ( 'NONE', *, *, #2376, .T. ) ;
#2224 = DIRECTION ( 'NONE',  ( -0.000000000000000000, -0.000000000000000000, 1.000000000000000000 ) ) ;
#2225 = EDGE_LOOP ( 'NONE', ( #3062 ) ) ;
#2226 = DIRECTION ( 'NONE',  ( 1.000000000000000000, 0.000000000000000000, 0.000000000000000000 ) ) ;
#2227 = EDGE_CURVE ( 'NONE', #2917, #2917, #237, .T. ) ;
#2228 = VERTEX_POINT ( 'NONE', #572 ) ;
#2229 = ORIENTED_EDGE ( 'NONE', *, *, #3241, .F. ) ;
#2230 = CIRCLE ( 'NONE', #506, 2.750000000000030198 ) ;
#2231 = CARTESIAN_POINT ( 'NONE',  ( 996.5669627781830968, 81.59852801933320166, 13.00000000000000000 ) ) ;
#2232 = EDGE_LOOP ( 'NONE', ( #729 ) ) ;
#2233 = CIRCLE ( 'NONE', #2923, 5.000000000000004441 ) ;
#2234 = CC_DESIGN_APPROVAL ( #1862, ( #541 ) ) ;
#2235 = FACE_BOUND ( 'NONE', #1047, .T. ) ;
#2236 = CYLINDRICAL_SURFACE ( 'NONE', #2330, 5.000000000000115463 ) ;
#2237 = FACE_BOUND ( 'NONE', #2164, .T. ) ;
#2238 = FACE_BOUND ( 'NONE', #1417, .T. ) ;
#2239 = EDGE_LOOP ( 'NONE', ( #1913 ) ) ;
#2240 = FACE_OUTER_BOUND ( 'NONE', #1671, .T. ) ;
#2241 = ORIENTED_EDGE ( 'NONE', *, *, #1295, .T. ) ;
#2242 = ORIENTED_EDGE ( 'NONE', *, *, #2761, .T. ) ;
#2243 = FACE_OUTER_BOUND ( 'NONE', #2017, .T. ) ;
#2244 = CARTESIAN_POINT ( 'NONE',  ( 961.5669627784334352, -65.40147198092950021, 15.00000000000000000 ) ) ;
#2245 = ORIENTED_EDGE ( 'NONE', *, *, #3324, .F. ) ;
#2246 = DIRECTION ( 'NONE',  ( -0.000000000000000000, -0.000000000000000000, 1.000000000000000000 ) ) ;
#2247 = EDGE_CURVE ( 'NONE', #2947, #2947, #958, .T. ) ;
#2248 = ORIENTED_EDGE ( 'NONE', *, *, #1865, .T. ) ;
#2249 = VERTEX_POINT ( 'NONE', #836 ) ;
#2250 = DIRECTION ( 'NONE',  ( -0.000000000000000000, -0.000000000000000000, 1.000000000000000000 ) ) ;
#2252 = EDGE_CURVE ( 'NONE', #967, #967, #594, .T. ) ;
#2251 = DIRECTION ( 'NONE',  ( -0.000000000000000000, -0.000000000000000000, 1.000000000000000000 ) ) ;
#2253 = DIRECTION ( 'NONE',  ( -0.000000000000000000, -0.000000000000000000, 1.000000000000000000 ) ) ;
#2254 = FACE_OUTER_BOUND ( 'NONE', #2602, .T. ) ;
#2255 = DIRECTION ( 'NONE',  ( 0.000000000000000000, 0.000000000000000000, -1.000000000000000000 ) ) ;
#2256 = ORIENTED_EDGE ( 'NONE', *, *, #715, .T. ) ;
#2257 = CARTESIAN_POINT ( 'NONE',  ( 1001.608559263362963, 45.49867323251964280, 13.00000000000000000 ) ) ;
#2258 = EDGE_LOOP ( 'NONE', ( #2059 ) ) ;
#2259 = ORIENTED_EDGE ( 'NONE', *, *, #2198, .T. ) ;
#2260 = CYLINDRICAL_SURFACE ( 'NONE', #238, 2.750000000000030198 ) ;
#2261 = CIRCLE ( 'NONE', #1606, 2.750000000000030198 ) ;
#2262 = AXIS2_PLACEMENT_3D ( 'NONE', #1713, #878, #1698 ) ;
#2263 = EDGE_LOOP ( 'NONE', ( #2502 ) ) ;
#2264 = AXIS2_PLACEMENT_3D ( 'NONE', #3279, #1971, #1694 ) ;
#2265 = FACE_OUTER_BOUND ( 'NONE', #3215, .T. ) ;
#2266 =( LENGTH_UNIT ( ) NAMED_UNIT ( * ) SI_UNIT ( .MILLI., .METRE. ) );
#2267 = CARTESIAN_POINT ( 'NONE',  ( 927.0669627781774125, 81.59852801933305955, 13.00000000000000000 ) ) ;
#2268 = CIRCLE ( 'NONE', #1541, 2.750000000000030198 ) ;
#2269 = CIRCLE ( 'NONE', #3594, 2.750000000000030198 ) ;
#2270 = ORIENTED_EDGE ( 'NONE', *, *, #200, .T. ) ;
#2271 = AXIS2_PLACEMENT_3D ( 'NONE', #809, #2789, #3385 ) ;
#2272 = CARTESIAN_POINT ( 'NONE',  ( 1121.566962778174457, 128.5985280193389997, 9.000000000000000000 ) ) ;
#2273 = CARTESIAN_POINT ( 'NONE',  ( 1001.608559263362963, -34.90147198066080847, 15.00000000000000000 ) ) ;
#2274 = PERSON_AND_ORGANIZATION_ROLE ( 'creator' ) ;
#2275 = EDGE_CURVE ( 'NONE', #2633, #2633, #3125, .T. ) ;
#2276 = DIRECTION ( 'NONE',  ( 1.000000000000000000, 0.000000000000000000, 0.000000000000000000 ) ) ;
#2277 = DIRECTION ( 'NONE',  ( 1.000000000000000000, 0.000000000000000000, 0.000000000000000000 ) ) ;
#2278 = DIRECTION ( 'NONE',  ( -0.000000000000000000, -0.000000000000000000, 1.000000000000000000 ) ) ;
#2279 = AXIS2_PLACEMENT_3D ( 'NONE', #2429, #3522, #2994 ) ;
#2280 = CARTESIAN_POINT ( 'NONE',  ( 1041.566962778174457, 2.598528019339019224, 15.00000000000000000 ) ) ;
#2281 = ORIENTED_EDGE ( 'NONE', *, *, #2707, .T. ) ;
#2282 = EDGE_CURVE ( 'NONE', #3211, #3211, #1537, .T. ) ;
#2283 = CIRCLE ( 'NONE', #1154, 2.500000000000168754 ) ;
#2284 = ORIENTED_EDGE ( 'NONE', *, *, #1315, .F. ) ;
#2285 = CYLINDRICAL_SURFACE ( 'NONE', #3079, 4.999999999999893419 ) ;
#2286 = ORIENTED_EDGE ( 'NONE', *, *, #941, .T. ) ;
#2287 = EDGE_LOOP ( 'NONE', ( #3639 ) ) ;
#2288 = CARTESIAN_POINT ( 'NONE',  ( 999.3169627781832105, 118.5985280193389997, 13.00000000000000000 ) ) ;
#2289 = DIRECTION ( 'NONE',  ( -0.000000000000000000, -0.000000000000000000, 1.000000000000000000 ) ) ;
#2290 = DIRECTION ( 'NONE',  ( -0.000000000000000000, -0.000000000000000000, 1.000000000000000000 ) ) ;
#2291 = EDGE_LOOP ( 'NONE', ( #1640 ) ) ;
#2292 = CIRCLE ( 'NONE', #1411, 2.750000000000030198 ) ;
#2293 = CARTESIAN_POINT ( 'NONE',  ( 984.0669627781750251, 82.59852801933902811, 15.00000000000000000 ) ) ;
#2294 = FACE_OUTER_BOUND ( 'NONE', #2561, .T. ) ;
#2295 = DIRECTION ( 'NONE',  ( 1.000000000000000000, 0.000000000000000000, 0.000000000000000000 ) ) ;
#2296 = CYLINDRICAL_SURFACE ( 'NONE', #1251, 2.750000000000030198 ) ;
#2297 = AXIS2_PLACEMENT_3D ( 'NONE', #1746, #2869, #2883 ) ;
#2298 = ADVANCED_FACE ( 'NONE', ( #2238, #2036 ), #564, .F. ) ;
#2299 = DIRECTION ( 'NONE',  ( -1.000000000000000000, 0.000000000000000000, -0.000000000000000000 ) ) ;
#2300 = EDGE_LOOP ( 'NONE', ( #1448 ) ) ;
#2301 = APPROVAL_PERSON_ORGANIZATION ( #2219, #2128, #76 ) ;
#2302 = EDGE_CURVE ( 'NONE', #982, #982, #838, .T. ) ;
#2303 = FACE_OUTER_BOUND ( 'NONE', #1275, .T. ) ;
#2304 = EDGE_CURVE ( 'NONE', #664, #664, #955, .T. ) ;
#2305 = ORIENTED_EDGE ( 'NONE', *, *, #3270, .T. ) ;
#2306 = PERSON_AND_ORGANIZATION ( #1364, #511 ) ;
#2307 = EDGE_LOOP ( 'NONE', ( #1585 ) ) ;
#2308 = FACE_OUTER_BOUND ( 'NONE', #1690, .T. ) ;
#2309 = FACE_OUTER_BOUND ( 'NONE', #829, .T. ) ;
#2310 = CARTESIAN_POINT ( 'NONE',  ( 1044.316962778174457, 2.598528019339019224, 13.00000000000000000 ) ) ;
#2311 = DIRECTION ( 'NONE',  ( 1.000000000000000000, 0.000000000000000000, 0.000000000000000000 ) ) ;
#2312 = DIRECTION ( 'NONE',  ( -0.000000000000000000, -0.000000000000000000, 1.000000000000000000 ) ) ;
#2313 = EDGE_LOOP ( 'NONE', ( #3462 ) ) ;
#2314 = DIRECTION ( 'NONE',  ( 1.000000000000000000, 0.000000000000000000, 0.000000000000000000 ) ) ;
#2315 = CYLINDRICAL_SURFACE ( 'NONE', #3047, 2.750000000000030198 ) ;
#2316 = EDGE_LOOP ( 'NONE', ( #1821 ) ) ;
#2317 = ADVANCED_FACE ( 'NONE', ( #662, #2031 ), #2046, .F. ) ;
#2318 = EDGE_LOOP ( 'NONE', ( #3609 ) ) ;
#2319 = CIRCLE ( 'NONE', #538, 2.750000000000030198 ) ;
#2320 = AXIS2_PLACEMENT_3D ( 'NONE', #1281, #984, #1809 ) ;
#2321 = EDGE_LOOP ( 'NONE', ( #786 ) ) ;
#2322 = EDGE_CURVE ( 'NONE', #3229, #3229, #2028, .T. ) ;
#2323 = DIRECTION ( 'NONE',  ( -0.000000000000000000, -0.000000000000000000, 1.000000000000000000 ) ) ;
#2324 = CIRCLE ( 'NONE', #2897, 2.499999999999946709 ) ;
#2325 = CARTESIAN_POINT ( 'NONE',  ( 1006.566962778433322, -69.90147198092957126, 13.00000000000000000 ) ) ;
#2326 = AXIS2_PLACEMENT_3D ( 'NONE', #365, #1161, #1407 ) ;
#2327 = DIRECTION ( 'NONE',  ( 1.000000000000000000, 0.000000000000000000, 0.000000000000000000 ) ) ;
#2328 = CARTESIAN_POINT ( 'NONE',  ( 996.6085592633629631, 45.49867323251964280, 15.00000000000000000 ) ) ;
#2329 = ORIENTED_EDGE ( 'NONE', *, *, #2654, .F. ) ;
#2330 = AXIS2_PLACEMENT_3D ( 'NONE', #505, #241, #261 ) ;
#2331 = CARTESIAN_POINT ( 'NONE',  ( 981.5669627781751387, 82.59852801933902811, 9.000000000000000000 ) ) ;
#2332 = LINE ( 'NONE', #827, #1016 ) ;
#2333 = CIRCLE ( 'NONE', #17, 2.750000000000030198 ) ;
#2334 = CARTESIAN_POINT ( 'NONE',  ( 1089.566962778183324, 81.59852801933320166, 15.00000000000000000 ) ) ;
#2335 = ADVANCED_FACE ( 'NONE', ( #2352, #3436 ), #1783, .F. ) ;
#2336 = ORIENTED_EDGE ( 'NONE', *, *, #2542, .T. ) ;
#2337 = ORIENTED_EDGE ( 'NONE', *, *, #1247, .F. ) ;
#2338 = CARTESIAN_POINT ( 'NONE',  ( 1041.566962778174457, 2.598528019339019224, 13.00000000000000000 ) ) ;
#2339 = EDGE_CURVE ( 'NONE', #1480, #1480, #2950, .T. ) ;
#2340 = CARTESIAN_POINT ( 'NONE',  ( 933.5669627784334352, -32.40147198092958547, 13.00000000000000000 ) ) ;
#2341 = DIRECTION ( 'NONE',  ( -0.000000000000000000, -0.000000000000000000, 1.000000000000000000 ) ) ;
#2342 = CARTESIAN_POINT ( 'NONE',  ( 1041.566962778183097, 81.59852801933342903, 13.00000000000000000 ) ) ;
#2343 = DIRECTION ( 'NONE',  ( 1.000000000000000000, 0.000000000000000000, 0.000000000000000000 ) ) ;
#2344 = DIRECTION ( 'NONE',  ( -0.000000000000000000, -0.000000000000000000, 1.000000000000000000 ) ) ;
#2345 = CIRCLE ( 'NONE', #980, 5.000000000000004441 ) ;
#2346 = DIRECTION ( 'NONE',  ( 0.000000000000000000, 0.000000000000000000, -1.000000000000000000 ) ) ;
#2347 = ORIENTED_EDGE ( 'NONE', *, *, #2275, .T. ) ;
#2348 = AXIS2_PLACEMENT_3D ( 'NONE', #1753, #3306, #2430 ) ;
#2349 = CARTESIAN_POINT ( 'NONE',  ( 924.0669627781744566, 18.59852801933904587, 15.00000000000000000 ) ) ;
#2350 = ORIENTED_EDGE ( 'NONE', *, *, #3274, .F. ) ;
#2351 = ORIENTED_EDGE ( 'NONE', *, *, #975, .T. ) ;
#2352 = FACE_OUTER_BOUND ( 'NONE', #1476, .T. ) ;
#2353 = CYLINDRICAL_SURFACE ( 'NONE', #1456, 2.499999999999946709 ) ;
#2354 = VERTEX_POINT ( 'NONE', #3450 ) ;
#2355 = DIRECTION ( 'NONE',  ( -0.000000000000000000, -0.000000000000000000, 1.000000000000000000 ) ) ;
#2356 = ADVANCED_FACE ( 'NONE', ( #2425, #3244 ), #457, .F. ) ;
#2357 = CARTESIAN_POINT ( 'NONE',  ( 924.0669627784334352, 7.598528019070460715, 15.00000000000000000 ) ) ;
#2358 = DIRECTION ( 'NONE',  ( -0.000000000000000000, -0.000000000000000000, 1.000000000000000000 ) ) ;
#2359 = CARTESIAN_POINT ( 'NONE',  ( 1089.566962778183324, -34.90147198066097189, 9.000000000000000000 ) ) ;
#2360 = VERTEX_POINT ( 'NONE', #3146 ) ;
#2361 = DIRECTION ( 'NONE',  ( 0.7071067811865867636, -0.7071067811865081598, 0.000000000000000000 ) ) ;
#2362 = EDGE_CURVE ( 'NONE', #621, #621, #1020, .T. ) ;
#2363 = DIRECTION ( 'NONE',  ( -0.000000000000000000, -0.000000000000000000, 1.000000000000000000 ) ) ;
#2364 = EDGE_LOOP ( 'NONE', ( #2259 ) ) ;
#2365 = DIRECTION ( 'NONE',  ( 1.000000000000000000, 0.000000000000000000, 0.000000000000000000 ) ) ;
#2366 = DIRECTION ( 'NONE',  ( -0.000000000000000000, -0.000000000000000000, 1.000000000000000000 ) ) ;
#2367 = ORIENTED_EDGE ( 'NONE', *, *, #3319, .T. ) ;
#2368 = ORIENTED_EDGE ( 'NONE', *, *, #2620, .F. ) ;
#2369 = CARTESIAN_POINT ( 'NONE',  ( 1115.316962778174457, -34.90147198066097189, 13.00000000000000000 ) ) ;
#2370 = AXIS2_PLACEMENT_3D ( 'NONE', #1091, #3017, #1629 ) ;
#2371 = DIRECTION ( 'NONE',  ( -0.000000000000000000, -0.000000000000000000, 1.000000000000000000 ) ) ;
#2372 = CARTESIAN_POINT ( 'NONE',  ( 932.0669627781774125, 81.59852801933305955, 13.00000000000000000 ) ) ;
#2373 = CIRCLE ( 'NONE', #2553, 2.499999999999946709 ) ;
#2374 = FACE_OUTER_BOUND ( 'NONE', #2428, .T. ) ;
#2375 = EDGE_LOOP ( 'NONE', ( #1708 ) ) ;
#2376 = EDGE_CURVE ( 'NONE', #946, #946, #1794, .T. ) ;
#2377 = AXIS2_PLACEMENT_3D ( 'NONE', #1555, #2666, #3519 ) ;
#2378 = AXIS2_PLACEMENT_3D ( 'NONE', #1839, #418, #1556 ) ;
#2379 = CARTESIAN_POINT ( 'NONE',  ( 1041.566962778174457, 2.598528019339019224, 9.000000000000000000 ) ) ;
#2380 = CARTESIAN_POINT ( 'NONE',  ( 996.6085592633629631, 45.49867323251964280, 9.000000000000000000 ) ) ;
#2381 = EDGE_LOOP ( 'NONE', ( #186 ) ) ;
#2382 = ADVANCED_FACE ( 'NONE', ( #2622, #2048 ), #316, .F. ) ;
#2383 = DIRECTION ( 'NONE',  ( 0.000000000000000000, 1.000000000000000000, 0.000000000000000000 ) ) ;
#2384 = PERSON_AND_ORGANIZATION_ROLE ( 'design_supplier' ) ;
#2385 = PLANE ( 'NONE',  #2326 ) ;
#2386 = AXIS2_PLACEMENT_3D ( 'NONE', #2489, #2742, #3325 ) ;
#2387 = ORIENTED_EDGE ( 'NONE', *, *, #1329, .T. ) ;
#2388 = ORIENTED_EDGE ( 'NONE', *, *, #72, .F. ) ;
#2389 = CIRCLE ( 'NONE', #2739, 5.000000000000004441 ) ;
#2390 = DESIGN_CONTEXT ( 'detailed design', #2634, 'design' ) ;
#2391 = CYLINDRICAL_SURFACE ( 'NONE', #2572, 5.000000000000004441 ) ;
#2392 = CARTESIAN_POINT ( 'NONE',  ( 1001.566962778183097, 118.5985280193389997, 15.00000000000000000 ) ) ;
#2393 = DIRECTION ( 'NONE',  ( -0.000000000000000000, -0.000000000000000000, 1.000000000000000000 ) ) ;
#2394 = ORIENTED_EDGE ( 'NONE', *, *, #322, .T. ) ;
#2395 = DIRECTION ( 'NONE',  ( 1.000000000000000000, 0.000000000000000000, 0.000000000000000000 ) ) ;
#2396 = DIRECTION ( 'NONE',  ( 1.000000000000000000, 0.000000000000000000, 0.000000000000000000 ) ) ;
#2397 = FACE_OUTER_BOUND ( 'NONE', #3367, .T. ) ;
#2398 = CARTESIAN_POINT ( 'NONE',  ( 953.3182651695155982, -34.90147198066080847, 9.000000000000000000 ) ) ;
#2399 = AXIS2_PLACEMENT_3D ( 'NONE', #1582, #989, #1249 ) ;
#2400 = VERTEX_POINT ( 'NONE', #2590 ) ;
#2401 = CIRCLE ( 'NONE', #379, 2.499999999999946709 ) ;
#2402 = EDGE_CURVE ( 'NONE', #680, #680, #2146, .T. ) ;
#2403 = CIRCLE ( 'NONE', #871, 2.499999999999946709 ) ;
#2404 = ORIENTED_EDGE ( 'NONE', *, *, #520, .F. ) ;
#2405 = EDGE_LOOP ( 'NONE', ( #766 ) ) ;
#2406 = AXIS2_PLACEMENT_3D ( 'NONE', #2736, #1042, #2470 ) ;
#2407 = EDGE_CURVE ( 'NONE', #3470, #3470, #1487, .T. ) ;
#2408 = DIRECTION ( 'NONE',  ( -0.000000000000000000, -0.000000000000000000, 1.000000000000000000 ) ) ;
#2409 = CARTESIAN_POINT ( 'NONE',  ( 1117.566962778174684, 45.59852801933342192, 15.00000000000000000 ) ) ;
#2410 = CARTESIAN_POINT ( 'NONE',  ( 1092.316962778183552, 45.59852801933320166, 9.000000000000000000 ) ) ;
#2411 = FACE_OUTER_BOUND ( 'NONE', #2420, .T. ) ;
#2412 = DIRECTION ( 'NONE',  ( 1.000000000000000000, 0.000000000000000000, 0.000000000000000000 ) ) ;
#2413 = EDGE_LOOP ( 'NONE', ( #592 ) ) ;
#2414 = FACE_OUTER_BOUND ( 'NONE', #3207, .T. ) ;
#2415 = CARTESIAN_POINT ( 'NONE',  ( 1112.566962778174457, 45.59852801933342192, 15.00000000000000000 ) ) ;
#2416 = FACE_OUTER_BOUND ( 'NONE', #453, .T. ) ;
#2417 = VERTEX_POINT ( 'NONE', #1009 ) ;
#2418 = ORIENTED_EDGE ( 'NONE', *, *, #191, .T. ) ;
#2419 = CYLINDRICAL_SURFACE ( 'NONE', #106, 5.000000000000115463 ) ;
#2420 = EDGE_LOOP ( 'NONE', ( #671 ) ) ;
#2421 = EDGE_CURVE ( 'NONE', #3170, #3170, #3590, .T. ) ;
#2422 = ORIENTED_EDGE ( 'NONE', *, *, #351, .F. ) ;
#2423 = FACE_OUTER_BOUND ( 'NONE', #2615, .T. ) ;
#2424 = CARTESIAN_POINT ( 'NONE',  ( 929.8169627781775262, 81.59852801933305955, 9.000000000000000000 ) ) ;
#2425 = FACE_OUTER_BOUND ( 'NONE', #1831, .T. ) ;
#2426 = ADVANCED_FACE ( 'NONE', ( #2885, #2607 ), #3408, .F. ) ;
#2427 = VERTEX_POINT ( 'NONE', #1344 ) ;
#2428 = EDGE_LOOP ( 'NONE', ( #1511, #2270, #2914, #281 ) ) ;
#2429 = CARTESIAN_POINT ( 'NONE',  ( 953.3182651695155982, -34.90147198066080847, 13.00000000000000000 ) ) ;
#2430 = DIRECTION ( 'NONE',  ( 1.000000000000000000, 0.000000000000000000, 0.000000000000000000 ) ) ;
#2431 = CIRCLE ( 'NONE', #1313, 2.750000000000030198 ) ;
#2432 = LINE ( 'NONE', #2478, #2491 ) ;
#2433 = FACE_OUTER_BOUND ( 'NONE', #300, .T. ) ;
#2434 = CARTESIAN_POINT ( 'NONE',  ( 956.5669627781936697, 12.59852801934287214, 15.00000000000000000 ) ) ;
#2435 = CIRCLE ( 'NONE', #769, 5.000000000000115463 ) ;
#2436 = AXIS2_PLACEMENT_3D ( 'NONE', #2109, #1828, #2458 ) ;
#2437 = EDGE_LOOP ( 'NONE', ( #3096 ) ) ;
#2438 = CARTESIAN_POINT ( 'NONE',  ( 950.5669627781774125, 118.5985280193389997, 15.00000000000000000 ) ) ;
#2439 = AXIS2_PLACEMENT_3D ( 'NONE', #1482, #3157, #624 ) ;
#2440 = CIRCLE ( 'NONE', #844, 2.750000000000030198 ) ;
#2441 = DIRECTION ( 'NONE',  ( 1.000000000000000000, 0.000000000000000000, 0.000000000000000000 ) ) ;
#2442 = AXIS2_PLACEMENT_3D ( 'NONE', #3403, #889, #1398 ) ;
#2443 = ORIENTED_EDGE ( 'NONE', *, *, #3136, .T. ) ;
#2444 = ORIENTED_EDGE ( 'NONE', *, *, #359, .T. ) ;
#2445 = FACE_OUTER_BOUND ( 'NONE', #2519, .T. ) ;
#2446 = AXIS2_PLACEMENT_3D ( 'NONE', #3159, #1215, #2343 ) ;
#2447 = EDGE_CURVE ( 'NONE', #2884, #2884, #2652, .T. ) ;
#2448 = DIRECTION ( 'NONE',  ( 1.000000000000000000, 0.000000000000000000, 0.000000000000000000 ) ) ;
#2449 = CARTESIAN_POINT ( 'NONE',  ( 1029.066962778175366, 82.59852801933902811, 9.000000000000000000 ) ) ;
#2450 = CIRCLE ( 'NONE', #1258, 2.499999999999946709 ) ;
#2451 = CARTESIAN_POINT ( 'NONE',  ( 932.0669627781774125, 118.5985280193389997, 15.00000000000000000 ) ) ;
#2452 = DIRECTION ( 'NONE',  ( -0.000000000000000000, -0.000000000000000000, 1.000000000000000000 ) ) ;
#2453 = DIRECTION ( 'NONE',  ( -1.000000000000000000, 0.000000000000000000, -0.000000000000000000 ) ) ;
#2454 = CARTESIAN_POINT ( 'NONE',  ( 1089.566962778183324, 45.59852801933320166, 15.00000000000000000 ) ) ;
#2455 = EDGE_CURVE ( 'NONE', #3065, #3129, #298, .T. ) ;
#2456 = EDGE_LOOP ( 'NONE', ( #61 ) ) ;
#2457 = DIRECTION ( 'NONE',  ( 1.000000000000000000, 0.000000000000000000, 0.000000000000000000 ) ) ;
#2458 = DIRECTION ( 'NONE',  ( 1.000000000000000000, 0.000000000000000000, 0.000000000000000000 ) ) ;
#2459 = DIRECTION ( 'NONE',  ( -0.000000000000000000, 0.000000000000000000, 1.000000000000000000 ) ) ;
#2460 = CARTESIAN_POINT ( 'NONE',  ( 950.5669627781774125, 118.5985280193389997, 13.00000000000000000 ) ) ;
#2461 = FACE_BOUND ( 'NONE', #1875, .T. ) ;
#2462 = ORIENTED_EDGE ( 'NONE', *, *, #2949, .T. ) ;
#2463 = CYLINDRICAL_SURFACE ( 'NONE', #1813, 4.999999999999893419 ) ;
#2464 = FACE_OUTER_BOUND ( 'NONE', #744, .T. ) ;
#2465 = CARTESIAN_POINT ( 'NONE',  ( 916.5669627781744566, 136.5985280193388292, 15.00000000000000000 ) ) ;
#2466 = DIRECTION ( 'NONE',  ( 0.000000000000000000, 0.000000000000000000, -1.000000000000000000 ) ) ;
#2467 = AXIS2_PLACEMENT_3D ( 'NONE', #3280, #3226, #3264 ) ;
#2468 = EDGE_LOOP ( 'NONE', ( #2422 ) ) ;
#2469 = CIRCLE ( 'NONE', #931, 2.499999999999946709 ) ;
#2470 = DIRECTION ( 'NONE',  ( 1.000000000000000000, 0.000000000000000000, 0.000000000000000000 ) ) ;
#2471 = CIRCLE ( 'NONE', #1222, 2.750000000000030198 ) ;
#2472 = VERTEX_POINT ( 'NONE', #730 ) ;
#2473 = DIRECTION ( 'NONE',  ( 0.000000000000000000, 0.000000000000000000, -1.000000000000000000 ) ) ;
#2474 = CC_DESIGN_DATE_AND_TIME_ASSIGNMENT ( #3189, #2482, ( #541 ) ) ;
#2475 = FACE_OUTER_BOUND ( 'NONE', #2508, .T. ) ;
#2476 =( GEOMETRIC_REPRESENTATION_CONTEXT ( 3 ) GLOBAL_UNCERTAINTY_ASSIGNED_CONTEXT ( ( #75 ) ) GLOBAL_UNIT_ASSIGNED_CONTEXT ( ( #2266, #1726, #3340 ) ) REPRESENTATION_CONTEXT ( 'NONE', 'WORKASPACE' ) );
#2477 = EDGE_CURVE ( 'NONE', #2605, #2605, #1981, .T. ) ;
#2478 = CARTESIAN_POINT ( 'NONE',  ( 394.4842173794559130, -394.4842173794230575, 9.000000000000000000 ) ) ;
#2479 = DIRECTION ( 'NONE',  ( -0.000000000000000000, -0.000000000000000000, 1.000000000000000000 ) ) ;
#2480 = ORIENTED_EDGE ( 'NONE', *, *, #1565, .T. ) ;
#2481 = EDGE_CURVE ( 'NONE', #1516, #1516, #709, .T. ) ;
#2482 = DATE_TIME_ROLE ( 'creation_date' ) ;
#2483 = ORIENTED_EDGE ( 'NONE', *, *, #315, .F. ) ;
#2484 = ORIENTED_EDGE ( 'NONE', *, *, #957, .F. ) ;
#2485 = DIRECTION ( 'NONE',  ( 1.000000000000000000, 0.000000000000000000, 0.000000000000000000 ) ) ;
#2486 = FACE_OUTER_BOUND ( 'NONE', #2567, .T. ) ;
#2487 = CARTESIAN_POINT ( 'NONE',  ( 1004.316962778433435, -69.90147198092957126, 9.000000000000000000 ) ) ;
#2488 = PLANE ( 'NONE',  #405 ) ;
#2489 = CARTESIAN_POINT ( 'NONE',  ( 950.5669627781774125, 118.5985280193389997, 9.000000000000000000 ) ) ;
#2490 = EDGE_LOOP ( 'NONE', ( #1491 ) ) ;
#2491 = VECTOR ( 'NONE', #2194, 1000.000000000000000 ) ;
#2492 = FACE_BOUND ( 'NONE', #2743, .T. ) ;
#2493 = FACE_OUTER_BOUND ( 'NONE', #2683, .T. ) ;
#2494 = FACE_BOUND ( 'NONE', #890, .T. ) ;
#2495 = EDGE_CURVE ( 'NONE', #693, #693, #2902, .T. ) ;
#2496 = ORIENTED_EDGE ( 'NONE', *, *, #2252, .T. ) ;
#2497 = AXIS2_PLACEMENT_3D ( 'NONE', #3459, #954, #122 ) ;
#2498 = AXIS2_PLACEMENT_3D ( 'NONE', #2623, #2358, #948 ) ;
#2499 = AXIS2_PLACEMENT_3D ( 'NONE', #41, #2916, #1189 ) ;
#2500 = AXIS2_PLACEMENT_3D ( 'NONE', #2379, #2906, #372 ) ;
#2501 = ADVANCED_FACE ( 'NONE', ( #437, #3248 ), #1242, .F. ) ;
#2502 = ORIENTED_EDGE ( 'NONE', *, *, #53, .F. ) ;
#2503 = AXIS2_PLACEMENT_3D ( 'NONE', #898, #606, #1750 ) ;
#2504 = ORIENTED_EDGE ( 'NONE', *, *, #2928, .F. ) ;
#2505 = CIRCLE ( 'NONE', #2904, 2.750000000000030198 ) ;
#2506 = AXIS2_PLACEMENT_3D ( 'NONE', #2697, #759, #156 ) ;
#2507 = CARTESIAN_POINT ( 'NONE',  ( 953.3169627781774125, 118.5985280193389997, 9.000000000000000000 ) ) ;
#2508 = EDGE_LOOP ( 'NONE', ( #1014 ) ) ;
#2509 = CARTESIAN_POINT ( 'NONE',  ( 1026.566962778175366, -57.40147198066088663, 9.000000000000000000 ) ) ;
#2510 = CARTESIAN_POINT ( 'NONE',  ( 1115.316962778174457, 2.598528019339019224, 13.00000000000000000 ) ) ;
#2511 = EDGE_LOOP ( 'NONE', ( #2387 ) ) ;
#2512 = CIRCLE ( 'NONE', #2211, 2.750000000000030198 ) ;
#2513 = DIRECTION ( 'NONE',  ( 1.000000000000000000, 0.000000000000000000, 0.000000000000000000 ) ) ;
#2514 = DIRECTION ( 'NONE',  ( -0.000000000000000000, -0.000000000000000000, 1.000000000000000000 ) ) ;
#2515 = EDGE_LOOP ( 'NONE', ( #447 ) ) ;
#2516 = FACE_BOUND ( 'NONE', #429, .T. ) ;
#2517 = CARTESIAN_POINT ( 'NONE',  ( 1115.066962778174684, 18.59852801933903521, 9.000000000000000000 ) ) ;
#2518 = DIRECTION ( 'NONE',  ( 1.000000000000000000, 0.000000000000000000, 0.000000000000000000 ) ) ;
#2519 = EDGE_LOOP ( 'NONE', ( #1341 ) ) ;
#2520 = CC_DESIGN_PERSON_AND_ORGANIZATION_ASSIGNMENT ( #153, #1900, ( #541 ) ) ;
#2521 = EDGE_LOOP ( 'NONE', ( #108 ) ) ;
#2522 = EDGE_LOOP ( 'NONE', ( #14 ) ) ;
#2523 = EDGE_CURVE ( 'NONE', #64, #64, #1733, .T. ) ;
#2524 = CARTESIAN_POINT ( 'NONE',  ( 1092.316962778183552, 45.59852801933320166, 13.00000000000000000 ) ) ;
#2525 = EDGE_LOOP ( 'NONE', ( #1970 ) ) ;
#2526 = CARTESIAN_POINT ( 'NONE',  ( 926.8169627784335489, 7.598528019070460715, 13.00000000000000000 ) ) ;
#2527 = CARTESIAN_POINT ( 'NONE',  ( 916.5669627781744566, 127.5985280193390139, 15.00000000000000000 ) ) ;
#2528 = EDGE_CURVE ( 'NONE', #1211, #1211, #3128, .T. ) ;
#2529 = CARTESIAN_POINT ( 'NONE',  ( 1044.316962778174457, 2.598528019339019224, 13.00000000000000000 ) ) ;
#2530 = EDGE_LOOP ( 'NONE', ( #522 ) ) ;
#2531 = CARTESIAN_POINT ( 'NONE',  ( 996.6085592633629631, 2.598528019339019224, 9.000000000000000000 ) ) ;
#2532 = CARTESIAN_POINT ( 'NONE',  ( 981.5669627781751387, -57.40147198066088663, 9.000000000000000000 ) ) ;
#2533 = DIRECTION ( 'NONE',  ( 1.000000000000000000, 0.000000000000000000, 0.000000000000000000 ) ) ;
#2534 = CARTESIAN_POINT ( 'NONE',  ( 928.5669627784334352, -32.40147198092958547, 15.00000000000000000 ) ) ;
#2535 = CARTESIAN_POINT ( 'NONE',  ( 916.5669627781744566, -76.40147198066100032, 15.00000000000000000 ) ) ;
#2536 = EDGE_LOOP ( 'NONE', ( #1143 ) ) ;
#2537 = ORIENTED_EDGE ( 'NONE', *, *, #911, .F. ) ;
#2538 = ORIENTED_EDGE ( 'NONE', *, *, #822, .F. ) ;
#2539 = DIRECTION ( 'NONE',  ( -0.000000000000000000, -0.000000000000000000, 1.000000000000000000 ) ) ;
#2540 = ADVANCED_FACE ( 'NONE', ( #3213, #3484 ), #1302, .F. ) ;
#2541 = DIRECTION ( 'NONE',  ( 0.000000000000000000, 0.000000000000000000, 1.000000000000000000 ) ) ;
#2542 = EDGE_CURVE ( 'NONE', #2081, #2081, #244, .T. ) ;
#2543 = ORIENTED_EDGE ( 'NONE', *, *, #2068, .F. ) ;
#2544 = CARTESIAN_POINT ( 'NONE',  ( 929.8169627781775262, 118.5985280193389997, 13.00000000000000000 ) ) ;
#2545 = CARTESIAN_POINT ( 'NONE',  ( 1029.066962778175366, 32.59852801933908495, 15.00000000000000000 ) ) ;
#2546 = DIRECTION ( 'NONE',  ( 1.000000000000000000, 0.000000000000000000, 0.000000000000000000 ) ) ;
#2547 = DIRECTION ( 'NONE',  ( 1.000000000000000000, 0.000000000000000000, 0.000000000000000000 ) ) ;
#2548 = ORIENTED_EDGE ( 'NONE', *, *, #2157, .F. ) ;
#2549 = PLANE ( 'NONE',  #2271 ) ;
#2550 = CIRCLE ( 'NONE', #417, 4.999999999999893419 ) ;
#2551 = AXIS2_PLACEMENT_3D ( 'NONE', #841, #607, #2574 ) ;
#2552 = CARTESIAN_POINT ( 'NONE',  ( 996.5669627781830968, 81.59852801933320166, 15.00000000000000000 ) ) ;
#2553 = AXIS2_PLACEMENT_3D ( 'NONE', #926, #3221, #3180 ) ;
#2554 = ORIENTED_EDGE ( 'NONE', *, *, #2477, .T. ) ;
#2555 = CYLINDRICAL_SURFACE ( 'NONE', #205, 5.000000000000115463 ) ;
#2556 = ORIENTED_EDGE ( 'NONE', *, *, #2407, .T. ) ;
#2557 = DIRECTION ( 'NONE',  ( 1.000000000000000000, 0.000000000000000000, 0.000000000000000000 ) ) ;
#2558 = EDGE_CURVE ( 'NONE', #1527, #1527, #2268, .T. ) ;
#2559 = AXIS2_PLACEMENT_3D ( 'NONE', #2596, #48, #631 ) ;
#2560 = PLANE ( 'NONE',  #3556 ) ;
#2561 = EDGE_LOOP ( 'NONE', ( #2203 ) ) ;
#2562 = VERTEX_POINT ( 'NONE', #2544 ) ;
#2563 = ADVANCED_FACE ( 'NONE', ( #3283, #1922 ), #2385, .F. ) ;
#2564 = DIRECTION ( 'NONE',  ( 1.000000000000000000, 0.000000000000000000, 0.000000000000000000 ) ) ;
#2565 = AXIS2_PLACEMENT_3D ( 'NONE', #2140, #2651, #2395 ) ;
#2566 = DIRECTION ( 'NONE',  ( 1.000000000000000000, 0.000000000000000000, 0.000000000000000000 ) ) ;
#2567 = EDGE_LOOP ( 'NONE', ( #1564 ) ) ;
#2568 = EDGE_CURVE ( 'NONE', #2644, #2644, #2727, .T. ) ;
#2569 = DIRECTION ( 'NONE',  ( 1.000000000000000000, 0.000000000000000000, 0.000000000000000000 ) ) ;
#2570 = ORIENTED_EDGE ( 'NONE', *, *, #677, .T. ) ;
#2571 = EDGE_LOOP ( 'NONE', ( #2114 ) ) ;
#2572 = AXIS2_PLACEMENT_3D ( 'NONE', #2134, #1837, #2080 ) ;
#2573 = VERTEX_POINT ( 'NONE', #1987 ) ;
#2574 = DIRECTION ( 'NONE',  ( 1.000000000000000000, 0.000000000000000000, 0.000000000000000000 ) ) ;
#2575 = CIRCLE ( 'NONE', #1879, 4.999999999999893419 ) ;
#2576 = EDGE_LOOP ( 'NONE', ( #2769 ) ) ;
#2577 = EDGE_CURVE ( 'NONE', #1784, #1784, #903, .T. ) ;
#2578 = VERTEX_POINT ( 'NONE', #32 ) ;
#2579 = AXIS2_PLACEMENT_3D ( 'NONE', #148, #751, #1300 ) ;
#2580 = DIRECTION ( 'NONE',  ( 1.000000000000000000, 0.000000000000000000, 0.000000000000000000 ) ) ;
#2581 = ADVANCED_FACE ( 'NONE', ( #1272, #2679 ), #141, .F. ) ;
#2582 = EDGE_LOOP ( 'NONE', ( #2866 ) ) ;
#2583 = CARTESIAN_POINT ( 'NONE',  ( 1112.566962778174457, -66.90147198065939449, 15.00000000000000000 ) ) ;
#2584 = ORIENTED_EDGE ( 'NONE', *, *, #2282, .T. ) ;
#2585 = CALENDAR_DATE ( 2026, 12, 5 ) ;
#2586 = CARTESIAN_POINT ( 'NONE',  ( 932.0669627781774125, 81.59852801933305955, 15.00000000000000000 ) ) ;
#2587 = ORIENTED_EDGE ( 'NONE', *, *, #339, .F. ) ;
#2588 = VERTEX_POINT ( 'NONE', #3625 ) ;
#2589 = DIRECTION ( 'NONE',  ( -0.000000000000000000, -0.000000000000000000, 1.000000000000000000 ) ) ;
#2590 = CARTESIAN_POINT ( 'NONE',  ( 916.5669627781744566, 127.5985280193390139, 15.00000000000000000 ) ) ;
#2591 = CARTESIAN_POINT ( 'NONE',  ( 1041.566962778179004, -66.90147198065939449, 15.00000000000000000 ) ) ;
#2592 = ORIENTED_EDGE ( 'NONE', *, *, #1706, .F. ) ;
#2593 = ORIENTED_EDGE ( 'NONE', *, *, #1274, .F. ) ;
#2594 = FACE_OUTER_BOUND ( 'NONE', #3604, .T. ) ;
#2595 = ADVANCED_FACE ( 'NONE', ( #1929, #2828 ), #3614, .F. ) ;
#2596 = CARTESIAN_POINT ( 'NONE',  ( 917.5669627781745703, -77.40147198066100032, 15.00000000000000000 ) ) ;
#2597 = DIRECTION ( 'NONE',  ( -0.000000000000000000, -0.000000000000000000, 1.000000000000000000 ) ) ;
#2598 = CARTESIAN_POINT ( 'NONE',  ( 1089.566962778179004, -66.90147198065939449, 15.00000000000000000 ) ) ;
#2599 = ADVANCED_FACE ( 'NONE', ( #2770, #3332 ), #2549, .F. ) ;
#2600 = EDGE_LOOP ( 'NONE', ( #764 ) ) ;
#2601 = AXIS2_PLACEMENT_3D ( 'NONE', #2722, #2672, #2125 ) ;
#2602 = EDGE_LOOP ( 'NONE', ( #548 ) ) ;
#2603 = AXIS2_PLACEMENT_3D ( 'NONE', #1652, #1633, #1312 ) ;
#2604 = AXIS2_PLACEMENT_3D ( 'NONE', #793, #2188, #3599 ) ;
#2605 = VERTEX_POINT ( 'NONE', #2933 ) ;
#2606 = AXIS2_PLACEMENT_3D ( 'NONE', #2552, #1956, #1695 ) ;
#2607 = FACE_OUTER_BOUND ( 'NONE', #884, .T. ) ;
#2608 = CARTESIAN_POINT ( 'NONE',  ( 1112.566962778174457, 118.5985280193389713, 9.000000000000000000 ) ) ;
#2609 = AXIS2_PLACEMENT_3D ( 'NONE', #2765, #2741, #1241 ) ;
#2610 = CIRCLE ( 'NONE', #1673, 5.000000000000004441 ) ;
#2611 = CARTESIAN_POINT ( 'NONE',  ( 927.0669627781774125, 81.59852801933305955, 9.000000000000000000 ) ) ;
#2612 = DIRECTION ( 'NONE',  ( 1.000000000000000000, 0.000000000000000000, 0.000000000000000000 ) ) ;
#2613 = AXIS2_PLACEMENT_3D ( 'NONE', #194, #2780, #732 ) ;
#2614 = APPROVAL ( #1058, '未指定' ) ;
#2615 = EDGE_LOOP ( 'NONE', ( #2584 ) ) ;
#2616 = ORIENTED_EDGE ( 'NONE', *, *, #217, .T. ) ;
#2617 = ADVANCED_FACE ( 'NONE', ( #1114, #2240 ), #268, .F. ) ;
#2618 = EDGE_LOOP ( 'NONE', ( #1693 ) ) ;
#2619 = VERTEX_POINT ( 'NONE', #1278 ) ;
#2620 = EDGE_CURVE ( 'NONE', #3437, #3437, #2505, .T. ) ;
#2621 = CARTESIAN_POINT ( 'NONE',  ( 1046.566962778183324, 45.59852801933342192, 13.00000000000000000 ) ) ;
#2622 = FACE_OUTER_BOUND ( 'NONE', #2239, .T. ) ;
#2623 = CARTESIAN_POINT ( 'NONE',  ( 961.5669627784334352, -65.40147198092950021, 15.00000000000000000 ) ) ;
#2624 = DIRECTION ( 'NONE',  ( 1.000000000000000000, 0.000000000000000000, 0.000000000000000000 ) ) ;
#2625 = CIRCLE ( 'NONE', #1415, 2.750000000000030198 ) ;
#2626 = FACE_OUTER_BOUND ( 'NONE', #3558, .T. ) ;
#2627 = ORIENTED_EDGE ( 'NONE', *, *, #1513, .F. ) ;
#2628 = CIRCLE ( 'NONE', #1705, 2.750000000000030198 ) ;
#2629 = CARTESIAN_POINT ( 'NONE',  ( 996.5669627781830968, 81.59852801933320166, 13.00000000000000000 ) ) ;
#2630 = ORIENTED_EDGE ( 'NONE', *, *, #1075, .T. ) ;
#2631 = EDGE_LOOP ( 'NONE', ( #2892 ) ) ;
#2632 = EDGE_CURVE ( 'NONE', #936, #936, #779, .T. ) ;
#2633 = VERTEX_POINT ( 'NONE', #641 ) ;
#2634 = APPLICATION_CONTEXT ( 'configuration controlled 3d designs of mechanical parts and assemblies' ) ;
#2635 = CARTESIAN_POINT ( 'NONE',  ( 1041.566962778183324, 45.59852801933342192, 9.000000000000000000 ) ) ;
#2636 = EDGE_CURVE ( 'NONE', #2066, #2066, #1202, .T. ) ;
#2637 = VERTEX_POINT ( 'NONE', #2668 ) ;
#2638 = PLANE ( 'NONE',  #2662 ) ;
#2639 = FACE_BOUND ( 'NONE', #552, .T. ) ;
#2640 = FACE_OUTER_BOUND ( 'NONE', #292, .T. ) ;
#2641 = EDGE_LOOP ( 'NONE', ( #2650, #700, #2350, #2418 ) ) ;
#2642 = ORIENTED_EDGE ( 'NONE', *, *, #291, .F. ) ;
#2643 = CARTESIAN_POINT ( 'NONE',  ( 1112.566962778174457, 45.59852801933342192, 9.000000000000000000 ) ) ;
#2644 = VERTEX_POINT ( 'NONE', #3483 ) ;
#2645 = EDGE_CURVE ( 'NONE', #2665, #2665, #113, .T. ) ;
#2646 = DIRECTION ( 'NONE',  ( -0.000000000000000000, -0.000000000000000000, 1.000000000000000000 ) ) ;
#2647 = AXIS2_PLACEMENT_3D ( 'NONE', #3122, #30, #1180 ) ;
#2648 = AXIS2_PLACEMENT_3D ( 'NONE', #383, #1826, #683 ) ;
#2649 = DIRECTION ( 'NONE',  ( 0.000000000000000000, 0.000000000000000000, -1.000000000000000000 ) ) ;
#2650 = ORIENTED_EDGE ( 'NONE', *, *, #1496, .F. ) ;
#2651 = DIRECTION ( 'NONE',  ( -0.000000000000000000, -0.000000000000000000, 1.000000000000000000 ) ) ;
#2652 = CIRCLE ( 'NONE', #2503, 5.000000000000004441 ) ;
#2653 = AXIS2_PLACEMENT_3D ( 'NONE', #2160, #422, #3488 ) ;
#2654 = EDGE_CURVE ( 'NONE', #1002, #1002, #2096, .T. ) ;
#2655 = FACE_OUTER_BOUND ( 'NONE', #2129, .T. ) ;
#2656 = CARTESIAN_POINT ( 'NONE',  ( 1092.316962778183552, 81.59852801933320166, 13.00000000000000000 ) ) ;
#2657 = DIRECTION ( 'NONE',  ( 1.000000000000000000, 0.000000000000000000, 0.000000000000000000 ) ) ;
#2658 = CIRCLE ( 'NONE', #1488, 2.750000000000030198 ) ;
#2659 = FACE_OUTER_BOUND ( 'NONE', #1655, .T. ) ;
#2660 = EDGE_LOOP ( 'NONE', ( #855 ) ) ;
#2661 = EDGE_CURVE ( 'NONE', #2354, #2354, #1254, .T. ) ;
#2662 = AXIS2_PLACEMENT_3D ( 'NONE', #338, #1469, #2299 ) ;
#2663 = VERTEX_POINT ( 'NONE', #3191 ) ;
#2664 = EDGE_LOOP ( 'NONE', ( #2926 ) ) ;
#2665 = VERTEX_POINT ( 'NONE', #130 ) ;
#2666 = DIRECTION ( 'NONE',  ( -0.000000000000000000, -0.000000000000000000, 1.000000000000000000 ) ) ;
#2667 = CARTESIAN_POINT ( 'NONE',  ( 1089.566962778179004, -66.90147198065939449, 13.00000000000000000 ) ) ;
#2668 = CARTESIAN_POINT ( 'NONE',  ( 1044.316962778183324, 45.59852801933342192, 9.000000000000000000 ) ) ;
#2669 = FACE_OUTER_BOUND ( 'NONE', #318, .T. ) ;
#2670 = CARTESIAN_POINT ( 'NONE',  ( 953.3182651695155982, 81.59852801933305955, 13.00000000000000000 ) ) ;
#2671 = LINE ( 'NONE', #400, #2103 ) ;
#2672 = DIRECTION ( 'NONE',  ( -0.000000000000000000, -0.000000000000000000, 1.000000000000000000 ) ) ;
#2673 = CARTESIAN_POINT ( 'NONE',  ( 950.5682651695154846, 2.598528019338810946, 15.00000000000000000 ) ) ;
#2674 = CARTESIAN_POINT ( 'NONE',  ( 1117.566962778174684, 81.59852801933342903, 13.00000000000000000 ) ) ;
#2675 = EDGE_CURVE ( 'NONE', #173, #173, #2959, .T. ) ;
#2676 = FACE_OUTER_BOUND ( 'NONE', #831, .T. ) ;
#2677 = EDGE_LOOP ( 'NONE', ( #3074 ) ) ;
#2678 = AXIS2_PLACEMENT_3D ( 'NONE', #2531, #3624, #2040 ) ;
#2679 = FACE_OUTER_BOUND ( 'NONE', #1615, .T. ) ;
#2680 = FACE_OUTER_BOUND ( 'NONE', #2364, .T. ) ;
#2681 = ADVANCED_FACE ( 'NONE', ( #623, #682 ), #3139, .F. ) ;
#2682 = AXIS2_PLACEMENT_3D ( 'NONE', #745, #494, #1547 ) ;
#2683 = EDGE_LOOP ( 'NONE', ( #2684 ) ) ;
#2684 = ORIENTED_EDGE ( 'NONE', *, *, #1269, .F. ) ;
#2685 = CARTESIAN_POINT ( 'NONE',  ( 1026.566962778175366, 32.59852801933908495, 15.00000000000000000 ) ) ;
#2686 = APPROVAL_PERSON_ORGANIZATION ( #1304, #2614, #160 ) ;
#2687 = FACE_OUTER_BOUND ( 'NONE', #3225, .T. ) ;
#2688 = PLANE ( 'NONE',  #678 ) ;
#2689 = VERTEX_POINT ( 'NONE', #146 ) ;
#2690 = VERTEX_POINT ( 'NONE', #3542 ) ;
#2691 = DIRECTION ( 'NONE',  ( 1.000000000000000000, 0.000000000000000000, 0.000000000000000000 ) ) ;
#2692 = DIRECTION ( 'NONE',  ( 1.000000000000000000, 0.000000000000000000, 0.000000000000000000 ) ) ;
#2693 = EDGE_LOOP ( 'NONE', ( #1758, #1676, #3030, #851, #1788, #2905, #1782, #2241 ) ) ;
#2694 = DIRECTION ( 'NONE',  ( -1.000000000000000000, 0.000000000000000000, -0.000000000000000000 ) ) ;
#2695 = DIRECTION ( 'NONE',  ( 1.000000000000000000, 0.000000000000000000, 0.000000000000000000 ) ) ;
#2696 = DIRECTION ( 'NONE',  ( 0.000000000000000000, 0.000000000000000000, 1.000000000000000000 ) ) ;
#2697 = CARTESIAN_POINT ( 'NONE',  ( 1041.566962778183324, 45.59852801933342192, 15.00000000000000000 ) ) ;
#2698 = FACE_OUTER_BOUND ( 'NONE', #2183, .T. ) ;
#2699 = EDGE_LOOP ( 'NONE', ( #1715 ) ) ;
#2700 = DIRECTION ( 'NONE',  ( -1.000000000000000000, 0.000000000000000000, -0.000000000000000000 ) ) ;
#2701 = APPROVAL_DATE_TIME ( #727, #2614 ) ;
#2702 = ADVANCED_FACE ( 'NONE', ( #3427, #918 ), #2047, .F. ) ;
#2703 = DIRECTION ( 'NONE',  ( -0.000000000000000000, -0.000000000000000000, 1.000000000000000000 ) ) ;
#2704 = CARTESIAN_POINT ( 'NONE',  ( 1041.566962778179004, -66.90147198065939449, 13.00000000000000000 ) ) ;
#2705 = EDGE_LOOP ( 'NONE', ( #361 ) ) ;
#2706 = EDGE_LOOP ( 'NONE', ( #733 ) ) ;
#2707 = EDGE_CURVE ( 'NONE', #212, #212, #1798, .T. ) ;
#2708 = CARTESIAN_POINT ( 'NONE',  ( 999.3585592633630768, 2.598528019339019224, 13.00000000000000000 ) ) ;
#2709 = FACE_OUTER_BOUND ( 'NONE', #2130, .T. ) ;
#2710 = DIRECTION ( 'NONE',  ( -0.000000000000000000, 0.000000000000000000, -1.000000000000000000 ) ) ;
#2711 = FACE_OUTER_BOUND ( 'NONE', #3480, .T. ) ;
#2712 = CARTESIAN_POINT ( 'NONE',  ( 1001.608559263362963, 2.598528019339019224, 13.00000000000000000 ) ) ;
#2713 = COORDINATED_UNIVERSAL_TIME_OFFSET ( 8, 0, .AHEAD. ) ;
#2714 = VERTEX_POINT ( 'NONE', #2451 ) ;
#2715 = FACE_OUTER_BOUND ( 'NONE', #835, .T. ) ;
#2716 = DIRECTION ( 'NONE',  ( 1.000000000000000000, 0.000000000000000000, 0.000000000000000000 ) ) ;
#2717 = EDGE_LOOP ( 'NONE', ( #89 ) ) ;
#2718 = CARTESIAN_POINT ( 'NONE',  ( 950.5682651695154846, 2.598528019338810946, 9.000000000000000000 ) ) ;
#2719 = CIRCLE ( 'NONE', #3421, 2.750000000000030198 ) ;
#2720 = CIRCLE ( 'NONE', #1193, 2.750000000000030198 ) ;
#2721 = FACE_BOUND ( 'NONE', #1611, .T. ) ;
#2722 = CARTESIAN_POINT ( 'NONE',  ( 1112.566962778174457, 81.59852801933342903, 15.00000000000000000 ) ) ;
#2723 = DIRECTION ( 'NONE',  ( 1.000000000000000000, 0.000000000000000000, 0.000000000000000000 ) ) ;
#2724 = EDGE_LOOP ( 'NONE', ( #3553 ) ) ;
#2725 = DIRECTION ( 'NONE',  ( -0.000000000000000000, -0.000000000000000000, 1.000000000000000000 ) ) ;
#2726 = CALENDAR_DATE ( 2026, 12, 5 ) ;
#2727 = CIRCLE ( 'NONE', #412, 5.000000000000115463 ) ;
#2728 = DIRECTION ( 'NONE',  ( 1.000000000000000000, 0.000000000000000000, 0.000000000000000000 ) ) ;
#2729 = AXIS2_PLACEMENT_3D ( 'NONE', #2879, #3163, #2097 ) ;
#2730 = EDGE_LOOP ( 'NONE', ( #2785, #2388, #2115, #3042 ) ) ;
#2731 = CARTESIAN_POINT ( 'NONE',  ( 951.5669627784334352, -69.90147198092957126, 13.00000000000000000 ) ) ;
#2732 = EDGE_LOOP ( 'NONE', ( #1510 ) ) ;
#2733 = DIRECTION ( 'NONE',  ( 1.000000000000000000, 0.000000000000000000, 0.000000000000000000 ) ) ;
#2734 = CLOSED_SHELL ( 'NONE', ( #1588, #1146, #915, #3199, #589, #1455, #586, #2044, #1206, #3109, #145, #1820, #1370, #397, #2382, #3174, #996, #2317, #2745, #1095, #1019, #2356, #243, #2501, #2915, #569, #1492, #1474, #888, #735, #979, #2563, #3570, #3111, #1071, #250, #2936, #1936, #2161, #1182, #3500, #644, #3636, #1691, #3521, #2006, #377, #2872, #3619, #3054, #1393, #1669, #1920, #3029, #2205, #3495, #118, #1643, #3388, #223, #1120, #142, #3115, #2335, #1324, #2595, #2426, #2702, #3451, #3419, #1583, #3210, #1170, #2786, #549, #2617, #2889, #2179, #1992, #195, #1349, #1210, #3477, #1533, #2814, #3161, #1823, #467, #3402, #1103, #2681, #2008, #2857, #3156, #2116, #2112, #1141, #2599, #427, #937, #656, #2829, #791, #99, #1422, #813, #2298, #3076, #2878, #2931, #628, #1185, #2540, #3615, #3600, #1434, #3435, #1836, #2022, #1443, #3595, #1872, #2764, #566, #2972, #3007, #3513, #3550, #1612, #2810, #551, #136, #1397, #869, #1749, #2581 ) ) ;
#2735 = CYLINDRICAL_SURFACE ( 'NONE', #2054, 2.750000000000030198 ) ;
#2736 = CARTESIAN_POINT ( 'NONE',  ( 981.5669627781751387, 32.59852801933908495, 15.00000000000000000 ) ) ;
#2737 = CARTESIAN_POINT ( 'NONE',  ( 999.3585592633630768, 45.49867323251964280, 13.00000000000000000 ) ) ;
#2738 = EDGE_CURVE ( 'NONE', #1919, #1919, #489, .T. ) ;
#2739 = AXIS2_PLACEMENT_3D ( 'NONE', #2762, #1105, #1623 ) ;
#2740 = CARTESIAN_POINT ( 'NONE',  ( 939.0669627781751387, -57.40147198066088663, 9.000000000000000000 ) ) ;
#2741 = DIRECTION ( 'NONE',  ( -0.000000000000000000, -0.000000000000000000, 1.000000000000000000 ) ) ;
#2742 = DIRECTION ( 'NONE',  ( -0.000000000000000000, -0.000000000000000000, 1.000000000000000000 ) ) ;
#2743 = EDGE_LOOP ( 'NONE', ( #39 ) ) ;
#2744 = FACE_OUTER_BOUND ( 'NONE', #2490, .T. ) ;
#2745 = ADVANCED_FACE ( 'NONE', ( #1590, #1874 ), #1356, .F. ) ;
#2746 = CARTESIAN_POINT ( 'NONE',  ( 1115.316962778174457, 45.59852801933342192, 13.00000000000000000 ) ) ;
#2747 = CARTESIAN_POINT ( 'NONE',  ( 999.3169627781832105, 81.59852801933320166, 9.000000000000000000 ) ) ;
#2748 = FACE_OUTER_BOUND ( 'NONE', #1461, .T. ) ;
#2749 = PLANE ( 'NONE',  #1727 ) ;
#2750 = DIRECTION ( 'NONE',  ( 0.000000000000000000, 0.000000000000000000, -1.000000000000000000 ) ) ;
#2751 = EDGE_LOOP ( 'NONE', ( #1506 ) ) ;
#2752 = DIRECTION ( 'NONE',  ( -0.000000000000000000, -0.000000000000000000, 1.000000000000000000 ) ) ;
#2753 = ORIENTED_EDGE ( 'NONE', *, *, #2834, .T. ) ;
#2754 = DIRECTION ( 'NONE',  ( 1.000000000000000000, 0.000000000000000000, 0.000000000000000000 ) ) ;
#2755 = ORIENTED_EDGE ( 'NONE', *, *, #3565, .F. ) ;
#2756 = ORIENTED_EDGE ( 'NONE', *, *, #1770, .T. ) ;
#2757 = CARTESIAN_POINT ( 'NONE',  ( 1041.566962778183097, 118.5985280193389997, 15.00000000000000000 ) ) ;
#2758 = AXIS2_PLACEMENT_3D ( 'NONE', #2113, #3220, #3508 ) ;
#2759 = FACE_OUTER_BOUND ( 'NONE', #1121, .T. ) ;
#2760 = CARTESIAN_POINT ( 'NONE',  ( 955.5682651695154846, -34.90147198066080847, 15.00000000000000000 ) ) ;
#2761 = EDGE_CURVE ( 'NONE', #2191, #2191, #3195, .T. ) ;
#2762 = CARTESIAN_POINT ( 'NONE',  ( 996.6085592633629631, 2.598528019339019224, 15.00000000000000000 ) ) ;
#2763 = ORIENTED_EDGE ( 'NONE', *, *, #1774, .F. ) ;
#2764 = ADVANCED_FACE ( 'NONE', ( #743, #469 ), #1610, .F. ) ;
#2765 = CARTESIAN_POINT ( 'NONE',  ( 1112.566962778174457, 81.59852801933342903, 9.000000000000000000 ) ) ;
#2766 = FACE_BOUND ( 'NONE', #3000, .T. ) ;
#2767 = CARTESIAN_POINT ( 'NONE',  ( 917.5669627781744566, 128.5985280193389997, 9.000000000000000000 ) ) ;
#2768 = FACE_BOUND ( 'NONE', #2232, .T. ) ;
#2769 = ORIENTED_EDGE ( 'NONE', *, *, #3572, .F. ) ;
#2770 = FACE_BOUND ( 'NONE', #2930, .T. ) ;
#2771 = CARTESIAN_POINT ( 'NONE',  ( 996.5669627781830968, 118.5985280193389997, 9.000000000000000000 ) ) ;
#2772 = DIRECTION ( 'NONE',  ( -0.000000000000000000, -0.000000000000000000, 1.000000000000000000 ) ) ;
#2773 = ORIENTED_EDGE ( 'NONE', *, *, #2636, .F. ) ;
#2774 = ORIENTED_EDGE ( 'NONE', *, *, #893, .T. ) ;
#2775 = CYLINDRICAL_SURFACE ( 'NONE', #176, 2.750000000000030198 ) ;
#2776 = VERTEX_POINT ( 'NONE', #1895 ) ;
#2777 = VERTEX_POINT ( 'NONE', #2760 ) ;
#2778 = ORIENTED_EDGE ( 'NONE', *, *, #3266, .T. ) ;
#2779 = FACE_BOUND ( 'NONE', #553, .T. ) ;
#2780 = DIRECTION ( 'NONE',  ( -0.000000000000000000, -0.000000000000000000, 1.000000000000000000 ) ) ;
#2781 = ORIENTED_EDGE ( 'NONE', *, *, #672, .F. ) ;
#2782 = DIRECTION ( 'NONE',  ( 1.000000000000000000, 0.000000000000000000, 0.000000000000000000 ) ) ;
#2783 = CARTESIAN_POINT ( 'NONE',  ( 1041.566962778179004, -66.90147198065939449, 13.00000000000000000 ) ) ;
#2784 = DIRECTION ( 'NONE',  ( 1.000000000000000000, 0.000000000000000000, 0.000000000000000000 ) ) ;
#2785 = ORIENTED_EDGE ( 'NONE', *, *, #1295, .F. ) ;
#2786 = ADVANCED_FACE ( 'NONE', ( #3333, #1954 ), #188, .F. ) ;
#2787 = AXIS2_PLACEMENT_3D ( 'NONE', #2939, #401, #3255 ) ;
#2788 = CIRCLE ( 'NONE', #406, 2.750000000000030198 ) ;
#2789 = DIRECTION ( 'NONE',  ( 0.000000000000000000, 0.000000000000000000, -1.000000000000000000 ) ) ;
#2790 = AXIS2_PLACEMENT_3D ( 'NONE', #263, #1110, #1413 ) ;
#2791 = CIRCLE ( 'NONE', #2604, 2.499999999999946709 ) ;
#2792 = EDGE_CURVE ( 'NONE', #825, #3167, #2186, .T. ) ;
#2793 = CIRCLE ( 'NONE', #1201, 2.750000000000030198 ) ;
#2794 = EDGE_LOOP ( 'NONE', ( #1289 ) ) ;
#2795 = AXIS2_PLACEMENT_3D ( 'NONE', #1641, #214, #712 ) ;
#2796 = CARTESIAN_POINT ( 'NONE',  ( 929.8169627781776398, 42.59852801933327981, 13.00000000000000000 ) ) ;
#2797 = CARTESIAN_POINT ( 'NONE',  ( 924.0669627784334352, 7.598528019070460715, 15.00000000000000000 ) ) ;
#2798 = FACE_OUTER_BOUND ( 'NONE', #3602, .T. ) ;
#2799 = AXIS2_PLACEMENT_3D ( 'NONE', #3338, #749, #35 ) ;
#2800 = CARTESIAN_POINT ( 'NONE',  ( 955.5682651695154846, 2.598528019338810946, 15.00000000000000000 ) ) ;
#2801 = EDGE_LOOP ( 'NONE', ( #2150 ) ) ;
#2802 = VERTEX_POINT ( 'NONE', #257 ) ;
#2803 = VERTEX_POINT ( 'NONE', #3525 ) ;
#2804 = FACE_BOUND ( 'NONE', #728, .T. ) ;
#2805 = FACE_BOUND ( 'NONE', #3275, .T. ) ;
#2806 = DIRECTION ( 'NONE',  ( -0.000000000000000000, -0.000000000000000000, 1.000000000000000000 ) ) ;
#2807 = FACE_BOUND ( 'NONE', #3147, .T. ) ;
#2808 = ORIENTED_EDGE ( 'NONE', *, *, #1636, .F. ) ;
#2809 = DIRECTION ( 'NONE',  ( 1.000000000000000000, 0.000000000000000000, 0.000000000000000000 ) ) ;
#2810 = ADVANCED_FACE ( 'NONE', ( #1100, #2423 ), #708, .F. ) ;
#2811 = CARTESIAN_POINT ( 'NONE',  ( 950.5682651695154846, 81.59852801933305955, 13.00000000000000000 ) ) ;
#2812 = EDGE_LOOP ( 'NONE', ( #2197 ) ) ;
#2813 = FACE_OUTER_BOUND ( 'NONE', #934, .T. ) ;
#2814 = ADVANCED_FACE ( 'NONE', ( #325, #2303 ), #254, .F. ) ;
#2815 = EDGE_LOOP ( 'NONE', ( #575 ) ) ;
#2816 = FACE_OUTER_BOUND ( 'NONE', #1945, .T. ) ;
#2817 = VERTEX_POINT ( 'NONE', #2010 ) ;
#2818 = FACE_BOUND ( 'NONE', #1408, .T. ) ;
#2819 = CARTESIAN_POINT ( 'NONE',  ( 1001.566962778433435, -69.90147198092957126, 9.000000000000000000 ) ) ;
#2820 = ORIENTED_EDGE ( 'NONE', *, *, #741, .F. ) ;
#2821 = AXIS2_PLACEMENT_3D ( 'NONE', #945, #3152, #3135 ) ;
#2822 = VERTEX_POINT ( 'NONE', #2032 ) ;
#2823 = CARTESIAN_POINT ( 'NONE',  ( 1041.566962778183097, 118.5985280193389997, 9.000000000000000000 ) ) ;
#2824 = DIRECTION ( 'NONE',  ( -0.7071067811865082708, -0.7071067811865868746, -0.000000000000000000 ) ) ;
#2825 = CIRCLE ( 'NONE', #3106, 2.750000000000030198 ) ;
#2826 = DIRECTION ( 'NONE',  ( 0.7071067811865082708, 0.7071067811865868746, 0.000000000000000000 ) ) ;
#2827 = ORIENTED_EDGE ( 'NONE', *, *, #2227, .F. ) ;
#2828 = FACE_OUTER_BOUND ( 'NONE', #676, .T. ) ;
#2829 = ADVANCED_FACE ( 'NONE', ( #2020, #1974 ), #1155, .F. ) ;
#2830 = EDGE_LOOP ( 'NONE', ( #3357 ) ) ;
#2831 = FACE_OUTER_BOUND ( 'NONE', #2055, .T. ) ;
#2832 = EDGE_LOOP ( 'NONE', ( #2443 ) ) ;
#2833 = CARTESIAN_POINT ( 'NONE',  ( 1122.566962778174457, -76.40147198066100032, 15.00000000000000000 ) ) ;
#2834 = EDGE_CURVE ( 'NONE', #1860, #1860, #1327, .T. ) ;
#2835 = CARTESIAN_POINT ( 'NONE',  ( 1029.066962778175366, -57.40147198066088663, 9.000000000000000000 ) ) ;
#2836 = ORIENTED_EDGE ( 'NONE', *, *, #1028, .T. ) ;
#2837 = PLANE ( 'NONE',  #1621 ) ;
#2838 = FACE_OUTER_BOUND ( 'NONE', #2511, .T. ) ;
#2839 = ORIENTED_EDGE ( 'NONE', *, *, #3424, .F. ) ;
#2840 = CARTESIAN_POINT ( 'NONE',  ( 1044.316962778174457, -34.90147198066097189, 13.00000000000000000 ) ) ;
#2841 = DIRECTION ( 'NONE',  ( 1.000000000000000000, 0.000000000000000000, 0.000000000000000000 ) ) ;
#2842 = DIRECTION ( 'NONE',  ( 1.000000000000000000, 0.000000000000000000, 0.000000000000000000 ) ) ;
#2843 = ORIENTED_EDGE ( 'NONE', *, *, #33, .T. ) ;
#2844 = AXIS2_PLACEMENT_3D ( 'NONE', #1833, #1522, #1802 ) ;
#2845 = DIRECTION ( 'NONE',  ( -0.000000000000000000, -0.000000000000000000, 1.000000000000000000 ) ) ;
#2846 = DIRECTION ( 'NONE',  ( -0.000000000000000000, -0.000000000000000000, 1.000000000000000000 ) ) ;
#2847 = EDGE_LOOP ( 'NONE', ( #637 ) ) ;
#2848 = AXIS2_PLACEMENT_3D ( 'NONE', #2973, #2955, #1844 ) ;
#2849 = CARTESIAN_POINT ( 'NONE',  ( 1092.316962778183552, 45.59852801933320166, 13.00000000000000000 ) ) ;
#2850 = EDGE_LOOP ( 'NONE', ( #2245 ) ) ;
#2851 = EDGE_CURVE ( 'NONE', #3167, #3065, #1460, .T. ) ;
#2852 = DIRECTION ( 'NONE',  ( 1.000000000000000000, 0.000000000000000000, 0.000000000000000000 ) ) ;
#2853 = CIRCLE ( 'NONE', #3532, 2.750000000000030198 ) ;
#2854 = VERTEX_POINT ( 'NONE', #1683 ) ;
#2855 = DIRECTION ( 'NONE',  ( -0.000000000000000000, -0.000000000000000000, 1.000000000000000000 ) ) ;
#2856 = FACE_OUTER_BOUND ( 'NONE', #593, .T. ) ;
#2857 = ADVANCED_FACE ( 'NONE', ( #3431, #388 ), #1777, .F. ) ;
#2858 = EDGE_LOOP ( 'NONE', ( #1276 ) ) ;
#2859 = ORIENTED_EDGE ( 'NONE', *, *, #524, .F. ) ;
#2860 = FACE_OUTER_BOUND ( 'NONE', #3121, .T. ) ;
#2861 = VERTEX_POINT ( 'NONE', #3204 ) ;
#2862 = DIRECTION ( 'NONE',  ( 1.000000000000000000, 0.000000000000000000, 0.000000000000000000 ) ) ;
#2863 = DIRECTION ( 'NONE',  ( -0.000000000000000000, -0.000000000000000000, 1.000000000000000000 ) ) ;
#2864 = DIRECTION ( 'NONE',  ( 1.000000000000000000, 0.000000000000000000, 0.000000000000000000 ) ) ;
#2865 = CARTESIAN_POINT ( 'NONE',  ( 1115.316962778174457, 81.59852801933342903, 13.00000000000000000 ) ) ;
#2866 = ORIENTED_EDGE ( 'NONE', *, *, #267, .T. ) ;
#2867 = COORDINATED_UNIVERSAL_TIME_OFFSET ( 8, 0, .AHEAD. ) ;
#2868 = ORIENTED_EDGE ( 'NONE', *, *, #846, .T. ) ;
#2869 = DIRECTION ( 'NONE',  ( -0.000000000000000000, -0.000000000000000000, 1.000000000000000000 ) ) ;
#2870 = CIRCLE ( 'NONE', #1277, 2.750000000000030198 ) ;
#2871 = VERTEX_POINT ( 'NONE', #3645 ) ;
#2872 = ADVANCED_FACE ( 'NONE', ( #673, #1815 ), #2927, .F. ) ;
#2873 = CARTESIAN_POINT ( 'NONE',  ( 625.0827453986944420, 625.0827453987639046, 9.000000000000000000 ) ) ;
#2874 = CARTESIAN_POINT ( 'NONE',  ( 927.0669627781774125, 118.5985280193389997, 13.00000000000000000 ) ) ;
#2875 = AXIS2_PLACEMENT_3D ( 'NONE', #169, #1043, #3009 ) ;
#2876 = EDGE_LOOP ( 'NONE', ( #2962 ) ) ;
#2877 = DIRECTION ( 'NONE',  ( -0.000000000000000000, -0.000000000000000000, 1.000000000000000000 ) ) ;
#2878 = ADVANCED_FACE ( 'NONE', ( #71, #324 ), #925, .F. ) ;
#2879 = CARTESIAN_POINT ( 'NONE',  ( 996.5669627781830968, 118.5985280193389997, 15.00000000000000000 ) ) ;
#2880 = DIRECTION ( 'NONE',  ( 1.000000000000000000, 0.000000000000000000, 0.000000000000000000 ) ) ;
#2881 = EDGE_LOOP ( 'NONE', ( #1928 ) ) ;
#2882 = EDGE_LOOP ( 'NONE', ( #392 ) ) ;
#2883 = DIRECTION ( 'NONE',  ( 1.000000000000000000, 0.000000000000000000, 0.000000000000000000 ) ) ;
#2884 = VERTEX_POINT ( 'NONE', #3190 ) ;
#2885 = FACE_OUTER_BOUND ( 'NONE', #1102, .T. ) ;
#2886 = DIRECTION ( 'NONE',  ( -1.000000000000000000, 0.000000000000000000, -0.000000000000000000 ) ) ;
#2887 = ORIENTED_EDGE ( 'NONE', *, *, #1558, .T. ) ;
#2888 = CARTESIAN_POINT ( 'NONE',  ( 1112.566962778174457, 81.59852801933342903, 15.00000000000000000 ) ) ;
#2889 = ADVANCED_FACE ( 'NONE', ( #2890, #355 ), #2837, .F. ) ;
#2890 = FACE_BOUND ( 'NONE', #3423, .T. ) ;
#2891 = EDGE_CURVE ( 'NONE', #1897, #1897, #2401, .T. ) ;
#2892 = ORIENTED_EDGE ( 'NONE', *, *, #1593, .F. ) ;
#2893 = CARTESIAN_POINT ( 'NONE',  ( 916.5669627781744566, 127.5985280193390139, 9.000000000000000000 ) ) ;
#2894 = CIRCLE ( 'NONE', #1786, 5.000000000000115463 ) ;
#2895 = CIRCLE ( 'NONE', #3412, 5.000000000000004441 ) ;
#2896 = ORIENTED_EDGE ( 'NONE', *, *, #1888, .T. ) ;
#2897 = AXIS2_PLACEMENT_3D ( 'NONE', #1348, #3233, #1600 ) ;
#2898 = DIRECTION ( 'NONE',  ( 0.000000000000000000, 1.000000000000000000, 0.000000000000000000 ) ) ;
#2899 = ORIENTED_EDGE ( 'NONE', *, *, #2911, .F. ) ;
#2900 = DIRECTION ( 'NONE',  ( -0.000000000000000000, -0.000000000000000000, 1.000000000000000000 ) ) ;
#2901 = CARTESIAN_POINT ( 'NONE',  ( 949.3169627784334352, -69.90147198092957126, 13.00000000000000000 ) ) ;
#2902 = CIRCLE ( 'NONE', #1323, 2.750000000000030198 ) ;
#2903 = CARTESIAN_POINT ( 'NONE',  ( 917.5669627781744566, 128.5985280193389997, 15.00000000000000000 ) ) ;
#2904 = AXIS2_PLACEMENT_3D ( 'NONE', #303, #1147, #2277 ) ;
#2905 = ORIENTED_EDGE ( 'NONE', *, *, #1168, .T. ) ;
#2906 = DIRECTION ( 'NONE',  ( -0.000000000000000000, -0.000000000000000000, 1.000000000000000000 ) ) ;
#2907 = VECTOR ( 'NONE', #1401, 1000.000000000000000 ) ;
#2908 = DIRECTION ( 'NONE',  ( -1.000000000000000000, 0.000000000000000000, -0.000000000000000000 ) ) ;
#2909 = ORIENTED_EDGE ( 'NONE', *, *, #2851, .T. ) ;
#2910 = AXIS2_PLACEMENT_3D ( 'NONE', #3546, #1898, #3012 ) ;
#2911 = EDGE_CURVE ( 'NONE', #3516, #3516, #2292, .T. ) ;
#2912 = DIRECTION ( 'NONE',  ( -0.000000000000000000, -0.000000000000000000, 1.000000000000000000 ) ) ;
#2913 = EDGE_LOOP ( 'NONE', ( #1039 ) ) ;
#2914 = ORIENTED_EDGE ( 'NONE', *, *, #768, .T. ) ;
#2915 = ADVANCED_FACE ( 'NONE', ( #3640, #879 ), #1799, .F. ) ;
#2916 = DIRECTION ( 'NONE',  ( -0.000000000000000000, -0.000000000000000000, 1.000000000000000000 ) ) ;
#2917 = VERTEX_POINT ( 'NONE', #3503 ) ;
#2918 = CYLINDRICAL_SURFACE ( 'NONE', #1079, 2.500000000000168754 ) ;
#2919 = ORIENTED_EDGE ( 'NONE', *, *, #1774, .T. ) ;
#2920 = AXIS2_PLACEMENT_3D ( 'NONE', #1741, #2041, #1204 ) ;
#2921 = CARTESIAN_POINT ( 'NONE',  ( 924.0669627781744566, 18.59852801933904587, 9.000000000000000000 ) ) ;
#2922 = DIRECTION ( 'NONE',  ( -0.000000000000000000, -0.000000000000000000, 1.000000000000000000 ) ) ;
#2923 = AXIS2_PLACEMENT_3D ( 'NONE', #3089, #407, #2159 ) ;
#2924 = DIRECTION ( 'NONE',  ( -0.000000000000000000, -0.000000000000000000, 1.000000000000000000 ) ) ;
#2925 = FACE_BOUND ( 'NONE', #2413, .T. ) ;
#2926 = ORIENTED_EDGE ( 'NONE', *, *, #446, .T. ) ;
#2927 = CYLINDRICAL_SURFACE ( 'NONE', #1921, 5.000000000000004441 ) ;
#2928 = EDGE_CURVE ( 'NONE', #750, #750, #3554, .T. ) ;
#2929 = EDGE_LOOP ( 'NONE', ( #73 ) ) ;
#2930 = EDGE_LOOP ( 'NONE', ( #2773 ) ) ;
#2931 = ADVANCED_FACE ( 'NONE', ( #1475, #104 ), #910, .F. ) ;
#2932 = CARTESIAN_POINT ( 'NONE',  ( 1112.566962778174457, -66.90147198065939449, 13.00000000000000000 ) ) ;
#2933 = CARTESIAN_POINT ( 'NONE',  ( 961.5669627781936697, 12.59852801934287214, 13.00000000000000000 ) ) ;
#2934 = DIRECTION ( 'NONE',  ( 1.000000000000000000, 0.000000000000000000, 0.000000000000000000 ) ) ;
#2935 = ORIENTED_EDGE ( 'NONE', *, *, #2222, .F. ) ;
#2936 = ADVANCED_FACE ( 'NONE', ( #3538, #2153 ), #2735, .F. ) ;
#2937 = FACE_BOUND ( 'NONE', #189, .T. ) ;
#2938 = DIRECTION ( 'NONE',  ( -0.000000000000000000, -0.000000000000000000, 1.000000000000000000 ) ) ;
#2939 = CARTESIAN_POINT ( 'NONE',  ( 1076.566962778175366, 32.59852801933908495, 9.000000000000000000 ) ) ;
#2940 = ORIENTED_EDGE ( 'NONE', *, *, #3, .F. ) ;
#2941 = EDGE_LOOP ( 'NONE', ( #127 ) ) ;
#2942 = EDGE_LOOP ( 'NONE', ( #3099 ) ) ;
#2943 = VERTEX_POINT ( 'NONE', #2424 ) ;
#2944 = FACE_OUTER_BOUND ( 'NONE', #165, .T. ) ;
#2945 = CIRCLE ( 'NONE', #1374, 2.750000000000030198 ) ;
#2946 = AXIS2_PLACEMENT_3D ( 'NONE', #2070, #970, #3214 ) ;
#2947 = VERTEX_POINT ( 'NONE', #1239 ) ;
#2948 = EDGE_LOOP ( 'NONE', ( #503 ) ) ;
#2949 = EDGE_CURVE ( 'NONE', #2968, #2968, #1169, .T. ) ;
#2950 = CIRCLE ( 'NONE', #2092, 2.499999999999946709 ) ;
#2951 = AXIS2_PLACEMENT_3D ( 'NONE', #2643, #3482, #431 ) ;
#2952 = DIRECTION ( 'NONE',  ( -0.000000000000000000, -0.000000000000000000, 1.000000000000000000 ) ) ;
#2953 = CARTESIAN_POINT ( 'NONE',  ( 916.5669627781744566, -76.40147198066100032, 15.00000000000000000 ) ) ;
#2954 = AXIS2_PLACEMENT_3D ( 'NONE', #3612, #2253, #2784 ) ;
#2955 = DIRECTION ( 'NONE',  ( -0.000000000000000000, -0.000000000000000000, 1.000000000000000000 ) ) ;
#2956 = EDGE_CURVE ( 'NONE', #1880, #1880, #2230, .T. ) ;
#2957 = COORDINATED_UNIVERSAL_TIME_OFFSET ( 8, 0, .AHEAD. ) ;
#2958 = DIRECTION ( 'NONE',  ( 1.000000000000000000, 0.000000000000000000, 0.000000000000000000 ) ) ;
#2959 = CIRCLE ( 'NONE', #1089, 5.000000000000004441 ) ;
#2960 = VERTEX_POINT ( 'NONE', #424 ) ;
#2961 = CARTESIAN_POINT ( 'NONE',  ( 928.5669627784334352, -32.40147198092958547, 15.00000000000000000 ) ) ;
#2962 = ORIENTED_EDGE ( 'NONE', *, *, #2495, .T. ) ;
#2963 = CIRCLE ( 'NONE', #3031, 2.750000000000030198 ) ;
#2964 = DIRECTION ( 'NONE',  ( 1.000000000000000000, 0.000000000000000000, 0.000000000000000000 ) ) ;
#2965 = ORIENTED_EDGE ( 'NONE', *, *, #2792, .F. ) ;
#2966 = EDGE_LOOP ( 'NONE', ( #2755 ) ) ;
#2967 = FACE_BOUND ( 'NONE', #812, .T. ) ;
#2968 = VERTEX_POINT ( 'NONE', #1639 ) ;
#2969 = FACE_OUTER_BOUND ( 'NONE', #3027, .T. ) ;
#2970 = CARTESIAN_POINT ( 'NONE',  ( 1112.566962778174457, 2.598528019339019224, 9.000000000000000000 ) ) ;
#2971 = ORIENTED_EDGE ( 'NONE', *, *, #342, .F. ) ;
#2972 = ADVANCED_FACE ( 'NONE', ( #2294, #239 ), #544, .F. ) ;
#2973 = CARTESIAN_POINT ( 'NONE',  ( 1086.566962778183097, 118.5985280193389997, 13.00000000000000000 ) ) ;
#2974 = DIRECTION ( 'NONE',  ( 1.000000000000000000, 0.000000000000000000, 0.000000000000000000 ) ) ;
#2975 = DIRECTION ( 'NONE',  ( -0.000000000000000000, -0.000000000000000000, 1.000000000000000000 ) ) ;
#2976 = DIRECTION ( 'NONE',  ( 1.000000000000000000, 0.000000000000000000, 0.000000000000000000 ) ) ;
#2977 = CARTESIAN_POINT ( 'NONE',  ( 1079.066962778175593, 32.59852801933908495, 15.00000000000000000 ) ) ;
#2978 = EDGE_LOOP ( 'NONE', ( #639 ) ) ;
#2979 = EDGE_CURVE ( 'NONE', #518, #518, #381, .T. ) ;
#2980 = PLANE ( 'NONE',  #329 ) ;
#2981 = CARTESIAN_POINT ( 'NONE',  ( 1041.566962778183324, 45.59852801933342192, 15.00000000000000000 ) ) ;
#2982 = AXIS2_PLACEMENT_3D ( 'NONE', #3134, #3360, #1984 ) ;
#2983 = DIRECTION ( 'NONE',  ( -0.000000000000000000, -0.000000000000000000, 1.000000000000000000 ) ) ;
#2984 = VERTEX_POINT ( 'NONE', #1178 ) ;
#2985 = ORIENTED_EDGE ( 'NONE', *, *, #3224, .F. ) ;
#2986 = DIRECTION ( 'NONE',  ( -1.000000000000000000, 0.000000000000000000, -0.000000000000000000 ) ) ;
#2987 = CARTESIAN_POINT ( 'NONE',  ( 924.0669627784334352, 7.598528019070460715, 15.00000000000000000 ) ) ;
#2988 = DIRECTION ( 'NONE',  ( 1.000000000000000000, 0.000000000000000000, 0.000000000000000000 ) ) ;
#2989 = CARTESIAN_POINT ( 'NONE',  ( 932.0669627781775262, 42.59852801933327981, 13.00000000000000000 ) ) ;
#2990 = VERTEX_POINT ( 'NONE', #1595 ) ;
#2991 = DIRECTION ( 'NONE',  ( 1.000000000000000000, 0.000000000000000000, 0.000000000000000000 ) ) ;
#2992 = FACE_BOUND ( 'NONE', #1779, .T. ) ;
#2993 = EDGE_LOOP ( 'NONE', ( #439 ) ) ;
#2994 = DIRECTION ( 'NONE',  ( -1.000000000000000000, 0.000000000000000000, -0.000000000000000000 ) ) ;
#2995 = MANIFOLD_SOLID_BREP ( '切除-拉伸25', #2734 ) ;
#2996 = PLANE ( 'NONE',  #413 ) ;
#2997 = FACE_BOUND ( 'NONE', #2258, .T. ) ;
#2998 = CC_DESIGN_PERSON_AND_ORGANIZATION_ASSIGNMENT ( #2306, #1697, ( #1153 ) ) ;
#2999 = FACE_OUTER_BOUND ( 'NONE', #3080, .T. ) ;
#3000 = EDGE_LOOP ( 'NONE', ( #2781 ) ) ;
#3001 = CARTESIAN_POINT ( 'NONE',  ( 1115.316962778174457, 81.59852801933342903, 13.00000000000000000 ) ) ;
#3002 = EDGE_CURVE ( 'NONE', #2777, #2777, #1999, .T. ) ;
#3003 = DIRECTION ( 'NONE',  ( 1.000000000000000000, 0.000000000000000000, 0.000000000000000000 ) ) ;
#3004 = ORIENTED_EDGE ( 'NONE', *, *, #941, .F. ) ;
#3005 = ORIENTED_EDGE ( 'NONE', *, *, #3097, .T. ) ;
#3006 = DIRECTION ( 'NONE',  ( -1.000000000000000000, 0.000000000000000000, -0.000000000000000000 ) ) ;
#3007 = ADVANCED_FACE ( 'NONE', ( #2309, #660 ), #2353, .F. ) ;
#3008 = DIRECTION ( 'NONE',  ( -0.000000000000000000, -0.000000000000000000, 1.000000000000000000 ) ) ;
#3009 = DIRECTION ( 'NONE',  ( -1.000000000000000000, 0.000000000000000000, -0.000000000000000000 ) ) ;
#3010 = CARTESIAN_POINT ( 'NONE',  ( 999.3585592633630768, 2.598528019339019224, 9.000000000000000000 ) ) ;
#3011 = FACE_BOUND ( 'NONE', #1036, .T. ) ;
#3012 = DIRECTION ( 'NONE',  ( 1.000000000000000000, 0.000000000000000000, 0.000000000000000000 ) ) ;
#3013 = ORIENTED_EDGE ( 'NONE', *, *, #911, .T. ) ;
#3014 = CARTESIAN_POINT ( 'NONE',  ( 1092.316962778183552, -34.90147198066097189, 13.00000000000000000 ) ) ;
#3015 = AXIS2_PLACEMENT_3D ( 'NONE', #1807, #1209, #111 ) ;
#3016 = DIRECTION ( 'NONE',  ( -1.000000000000000000, 0.000000000000000000, -0.000000000000000000 ) ) ;
#3017 = DIRECTION ( 'NONE',  ( -0.000000000000000000, -0.000000000000000000, 1.000000000000000000 ) ) ;
#3018 = FACE_BOUND ( 'NONE', #461, .T. ) ;
#3019 = CARTESIAN_POINT ( 'NONE',  ( 1026.566962778175366, 82.59852801933902811, 9.000000000000000000 ) ) ;
#3020 = FACE_BOUND ( 'NONE', #1994, .T. ) ;
#3021 = AXIS2_PLACEMENT_3D ( 'NONE', #993, #1853, #428 ) ;
#3022 = CIRCLE ( 'NONE', #3187, 5.000000000000004441 ) ;
#3023 = EDGE_LOOP ( 'NONE', ( #1679 ) ) ;
#3024 = CARTESIAN_POINT ( 'NONE',  ( 1041.566962778179004, -66.90147198065939449, 15.00000000000000000 ) ) ;
#3025 = AXIS2_PLACEMENT_3D ( 'NONE', #1532, #182, #1332 ) ;
#3026 = DIRECTION ( 'NONE',  ( 1.000000000000000000, 0.000000000000000000, 0.000000000000000000 ) ) ;
#3027 = EDGE_LOOP ( 'NONE', ( #3302 ) ) ;
#3028 = CARTESIAN_POINT ( 'NONE',  ( 999.3585592633630768, 45.49867323251964280, 13.00000000000000000 ) ) ;
#3029 = ADVANCED_FACE ( 'NONE', ( #91, #999 ), #2391, .F. ) ;
#3030 = ORIENTED_EDGE ( 'NONE', *, *, #472, .F. ) ;
#3031 = AXIS2_PLACEMENT_3D ( 'NONE', #2611, #84, #2019 ) ;
#3032 = FACE_OUTER_BOUND ( 'NONE', #2014, .T. ) ;
#3033 = ORIENTED_EDGE ( 'NONE', *, *, #2362, .T. ) ;
#3034 = EDGE_CURVE ( 'NONE', #796, #796, #2870, .T. ) ;
#3035 = AXIS2_PLACEMENT_3D ( 'NONE', #2970, #1661, #2158 ) ;
#3036 = CARTESIAN_POINT ( 'NONE',  ( 949.3169627784334352, -69.90147198092957126, 9.000000000000000000 ) ) ;
#3037 = CARTESIAN_POINT ( 'NONE',  ( 1089.566962778179004, -66.90147198065939449, 13.00000000000000000 ) ) ;
#3038 = CARTESIAN_POINT ( 'NONE',  ( 1115.066962778174684, 18.59852801933903521, 15.00000000000000000 ) ) ;
#3039 = FACE_BOUND ( 'NONE', #2043, .T. ) ;
#3040 = DIRECTION ( 'NONE',  ( 1.000000000000000000, 0.000000000000000000, 0.000000000000000000 ) ) ;
#3041 = FACE_OUTER_BOUND ( 'NONE', #1220, .T. ) ;
#3042 = ORIENTED_EDGE ( 'NONE', *, *, #3294, .F. ) ;
#3043 = VERTEX_POINT ( 'NONE', #302 ) ;
#3044 = ORIENTED_EDGE ( 'NONE', *, *, #1840, .F. ) ;
#3045 = DIRECTION ( 'NONE',  ( 1.000000000000000000, 0.000000000000000000, 0.000000000000000000 ) ) ;
#3046 = ORIENTED_EDGE ( 'NONE', *, *, #1706, .T. ) ;
#3047 = AXIS2_PLACEMENT_3D ( 'NONE', #3632, #612, #1743 ) ;
#3048 = ORIENTED_EDGE ( 'NONE', *, *, #2421, .T. ) ;
#3049 = CARTESIAN_POINT ( 'NONE',  ( 1089.566962778183324, -34.90147198066097189, 15.00000000000000000 ) ) ;
#3050 = CIRCLE ( 'NONE', #3102, 5.000000000000115463 ) ;
#3051 = AXIS2_PLACEMENT_3D ( 'NONE', #2833, #3321, #2541 ) ;
#3052 = CARTESIAN_POINT ( 'NONE',  ( 1029.066962778175366, -12.40147198066086887, 9.000000000000000000 ) ) ;
#3053 = DIRECTION ( 'NONE',  ( -0.000000000000000000, -0.000000000000000000, 1.000000000000000000 ) ) ;
#3054 = ADVANCED_FACE ( 'NONE', ( #2967, #1573 ), #2688, .F. ) ;
#3055 = ORIENTED_EDGE ( 'NONE', *, *, #1269, .T. ) ;
#3056 = FACE_BOUND ( 'NONE', #806, .T. ) ;
#3057 = FACE_BOUND ( 'NONE', #3634, .T. ) ;
#3058 = CARTESIAN_POINT ( 'NONE',  ( 1086.566962778183097, 118.5985280193389997, 9.000000000000000000 ) ) ;
#3059 = EDGE_LOOP ( 'NONE', ( #1057 ) ) ;
#3060 = DIRECTION ( 'NONE',  ( 1.000000000000000000, 0.000000000000000000, 0.000000000000000000 ) ) ;
#3061 = DIRECTION ( 'NONE',  ( 1.000000000000000000, 0.000000000000000000, 0.000000000000000000 ) ) ;
#3062 = ORIENTED_EDGE ( 'NONE', *, *, #2956, .F. ) ;
#3063 = DIRECTION ( 'NONE',  ( 0.000000000000000000, 0.000000000000000000, -1.000000000000000000 ) ) ;
#3064 = VERTEX_POINT ( 'NONE', #532 ) ;
#3065 = VERTEX_POINT ( 'NONE', #2272 ) ;
#3066 = CARTESIAN_POINT ( 'NONE',  ( 936.5669627781751387, -12.40147198066086887, 15.00000000000000000 ) ) ;
#3067 = CARTESIAN_POINT ( 'NONE',  ( 950.5682651695154846, -34.90147198066080847, 15.00000000000000000 ) ) ;
#3068 = ORIENTED_EDGE ( 'NONE', *, *, #602, .T. ) ;
#3069 = EDGE_CURVE ( 'NONE', #2156, #2156, #2345, .T. ) ;
#3070 = CARTESIAN_POINT ( 'NONE',  ( 0.000000000000000000, 0.000000000000000000, 15.00000000000000000 ) ) ;
#3071 = FACE_BOUND ( 'NONE', #1111, .T. ) ;
#3072 = DIRECTION ( 'NONE',  ( 0.000000000000000000, 0.000000000000000000, -1.000000000000000000 ) ) ;
#3073 = CARTESIAN_POINT ( 'NONE',  ( 1012.566962778174570, -69.90147198066058820, 15.00000000000000000 ) ) ;
#3074 = ORIENTED_EDGE ( 'NONE', *, *, #1944, .T. ) ;
#3075 = AXIS2_PLACEMENT_3D ( 'NONE', #2434, #3530, #1337 ) ;
#3076 = ADVANCED_FACE ( 'NONE', ( #283, #3644 ), #2463, .F. ) ;
#3077 = AXIS2_PLACEMENT_3D ( 'NONE', #629, #350, #952 ) ;
#3078 = ORIENTED_EDGE ( 'NONE', *, *, #451, .T. ) ;
#3079 = AXIS2_PLACEMENT_3D ( 'NONE', #2334, #3165, #1508 ) ;
#3080 = EDGE_LOOP ( 'NONE', ( #323 ) ) ;
#3081 = DIRECTION ( 'NONE',  ( -0.000000000000000000, -0.000000000000000000, 1.000000000000000000 ) ) ;
#3082 = CIRCLE ( 'NONE', #2795, 2.750000000000030198 ) ;
#3083 = ORIENTED_EDGE ( 'NONE', *, *, #2421, .F. ) ;
#3084 = CARTESIAN_POINT ( 'NONE',  ( 1041.566962778174457, -34.90147198066097189, 15.00000000000000000 ) ) ;
#3085 = MECHANICAL_CONTEXT ( 'NONE', #3132, 'mechanical' ) ;
#3086 = ORIENTED_EDGE ( 'NONE', *, *, #3384, .T. ) ;
#3087 = DIRECTION ( 'NONE',  ( 0.000000000000000000, 0.000000000000000000, -1.000000000000000000 ) ) ;
#3088 = CIRCLE ( 'NONE', #1687, 5.000000000000115463 ) ;
#3089 = CARTESIAN_POINT ( 'NONE',  ( 927.0669627781774125, 81.59852801933305955, 15.00000000000000000 ) ) ;
#3090 = CIRCLE ( 'NONE', #854, 2.750000000000030198 ) ;
#3091 = CARTESIAN_POINT ( 'NONE',  ( 933.5669627784334352, -32.40147198092958547, 15.00000000000000000 ) ) ;
#3092 = CYLINDRICAL_SURFACE ( 'NONE', #235, 5.000000000000004441 ) ;
#3093 = DIRECTION ( 'NONE',  ( -0.000000000000000000, -0.000000000000000000, 1.000000000000000000 ) ) ;
#3094 = DIRECTION ( 'NONE',  ( -0.000000000000000000, -0.000000000000000000, 1.000000000000000000 ) ) ;
#3095 = EDGE_CURVE ( 'NONE', #2136, #2136, #3334, .T. ) ;
#3096 = ORIENTED_EDGE ( 'NONE', *, *, #498, .T. ) ;
#3097 = EDGE_CURVE ( 'NONE', #476, #476, #3390, .T. ) ;
#3098 = ORIENTED_EDGE ( 'NONE', *, *, #3297, .T. ) ;
#3099 = ORIENTED_EDGE ( 'NONE', *, *, #1290, .T. ) ;
#3100 = CARTESIAN_POINT ( 'NONE',  ( 927.0669627781775262, 42.59852801933327981, 9.000000000000000000 ) ) ;
#3101 = ORIENTED_EDGE ( 'NONE', *, *, #3178, .T. ) ;
#3102 = AXIS2_PLACEMENT_3D ( 'NONE', #867, #1264, #1030 ) ;
#3103 = CARTESIAN_POINT ( 'NONE',  ( 959.3169627781936697, 12.59852801934287214, 9.000000000000000000 ) ) ;
#3104 = VERTEX_POINT ( 'NONE', #577 ) ;
#3105 = DIRECTION ( 'NONE',  ( 1.000000000000000000, 0.000000000000000000, 0.000000000000000000 ) ) ;
#3106 = AXIS2_PLACEMENT_3D ( 'NONE', #2380, #155, #3458 ) ;
#3107 = DIRECTION ( 'NONE',  ( -0.000000000000000000, -0.000000000000000000, 1.000000000000000000 ) ) ;
#3108 = ORIENTED_EDGE ( 'NONE', *, *, #33, .F. ) ;
#3109 = ADVANCED_FACE ( 'NONE', ( #661, #2944 ), #2315, .F. ) ;
#3110 = DIRECTION ( 'NONE',  ( 1.000000000000000000, 0.000000000000000000, 0.000000000000000000 ) ) ;
#3111 = ADVANCED_FACE ( 'NONE', ( #638, #1780 ), #3545, .F. ) ;
#3112 = ORIENTED_EDGE ( 'NONE', *, *, #451, .F. ) ;
#3113 = VERTEX_POINT ( 'NONE', #2849 ) ;
#3114 = ORIENTED_EDGE ( 'NONE', *, *, #2477, .F. ) ;
#3115 = ADVANCED_FACE ( 'NONE', ( #2709, #3537 ), #1512, .F. ) ;
#3116 = CARTESIAN_POINT ( 'NONE',  ( 916.5669627781744566, -76.40147198066100032, 15.00000000000000000 ) ) ;
#3117 = CARTESIAN_POINT ( 'NONE',  ( 1041.566962778179004, -66.90147198065939449, 15.00000000000000000 ) ) ;
#3118 = VERTEX_POINT ( 'NONE', #1438 ) ;
#3119 = CARTESIAN_POINT ( 'NONE',  ( 1121.566962778174457, 128.5985280193389997, 15.00000000000000000 ) ) ;
#3120 = CARTESIAN_POINT ( 'NONE',  ( 996.6085592633629631, -34.90147198066080847, 13.00000000000000000 ) ) ;
#3121 = EDGE_LOOP ( 'NONE', ( #2554 ) ) ;
#3122 = CARTESIAN_POINT ( 'NONE',  ( 1089.566962778183324, -34.90147198066097189, 13.00000000000000000 ) ) ;
#3123 = DIRECTION ( 'NONE',  ( 1.000000000000000000, 0.000000000000000000, 0.000000000000000000 ) ) ;
#3124 = CIRCLE ( 'NONE', #3582, 2.750000000000030198 ) ;
#3125 = CIRCLE ( 'NONE', #1975, 4.999999999999893419 ) ;
#3126 = CARTESIAN_POINT ( 'NONE',  ( 1001.566962778433435, -69.90147198092957126, 13.00000000000000000 ) ) ;
#3127 = DIRECTION ( 'NONE',  ( -0.000000000000000000, -0.000000000000000000, 1.000000000000000000 ) ) ;
#3128 = CIRCLE ( 'NONE', #3371, 5.000000000000004441 ) ;
#3129 = VERTEX_POINT ( 'NONE', #1776 ) ;
#3130 = CIRCLE ( 'NONE', #2436, 5.000000000000004441 ) ;
#3131 = ORIENTED_EDGE ( 'NONE', *, *, #267, .F. ) ;
#3132 = APPLICATION_CONTEXT ( 'configuration controlled 3d designs of mechanical parts and assemblies' ) ;
#3133 = AXIS2_PLACEMENT_3D ( 'NONE', #1785, #2105, #43 ) ;
#3134 = CARTESIAN_POINT ( 'NONE',  ( 959.3169627781936697, 12.59852801934287214, 13.00000000000000000 ) ) ;
#3135 = DIRECTION ( 'NONE',  ( 1.000000000000000000, 0.000000000000000000, 0.000000000000000000 ) ) ;
#3136 = EDGE_CURVE ( 'NONE', #1082, #1082, #1755, .T. ) ;
#3137 = CIRCLE ( 'NONE', #1625, 2.750000000000030198 ) ;
#3138 = VERTEX_POINT ( 'NONE', #1748 ) ;
#3139 = CYLINDRICAL_SURFACE ( 'NONE', #1544, 2.750000000000030198 ) ;
#3140 = DIRECTION ( 'NONE',  ( -0.000000000000000000, -0.000000000000000000, 1.000000000000000000 ) ) ;
#3141 = CARTESIAN_POINT ( 'NONE',  ( 1122.566962778174457, -77.40147198066100032, 15.00000000000000000 ) ) ;
#3142 = CIRCLE ( 'NONE', #788, 5.000000000000004441 ) ;
#3143 = ORIENTED_EDGE ( 'NONE', *, *, #1709, .T. ) ;
#3144 = DIRECTION ( 'NONE',  ( 1.000000000000000000, 0.000000000000000000, 0.000000000000000000 ) ) ;
#3145 = EDGE_LOOP ( 'NONE', ( #126 ) ) ;
#3146 = CARTESIAN_POINT ( 'NONE',  ( 1079.066962778175593, -12.40147198066086887, 15.00000000000000000 ) ) ;
#3147 = EDGE_LOOP ( 'NONE', ( #2843 ) ) ;
#3148 = CARTESIAN_POINT ( 'NONE',  ( 928.5669627784334352, -32.40147198092958547, 15.00000000000000000 ) ) ;
#3149 = EDGE_LOOP ( 'NONE', ( #3068 ) ) ;
#3150 = ORIENTED_EDGE ( 'NONE', *, *, #1619, .F. ) ;
#3151 = EDGE_CURVE ( 'NONE', #773, #773, #2625, .T. ) ;
#3152 = DIRECTION ( 'NONE',  ( -0.000000000000000000, -0.000000000000000000, 1.000000000000000000 ) ) ;
#3153 = DIRECTION ( 'NONE',  ( 1.000000000000000000, 0.000000000000000000, 0.000000000000000000 ) ) ;
#3154 = AXIS2_PLACEMENT_3D ( 'NONE', #1622, #3230, #2716 ) ;
#3155 = CARTESIAN_POINT ( 'NONE',  ( 951.5669627784334352, -69.90147198092957126, 15.00000000000000000 ) ) ;
#3156 = ADVANCED_FACE ( 'NONE', ( #1850, #1270 ), #1233, .F. ) ;
#3157 = DIRECTION ( 'NONE',  ( 0.000000000000000000, 0.000000000000000000, 1.000000000000000000 ) ) ;
#3158 = DIRECTION ( 'NONE',  ( 1.000000000000000000, 0.000000000000000000, 0.000000000000000000 ) ) ;
#3159 = CARTESIAN_POINT ( 'NONE',  ( 961.5669627784334352, -65.40147198092950021, 9.000000000000000000 ) ) ;
#3160 = CARTESIAN_POINT ( 'NONE',  ( 953.3182651695155982, -34.90147198066080847, 13.00000000000000000 ) ) ;
#3161 = ADVANCED_FACE ( 'NONE', ( #2925, #2676 ), #3259, .F. ) ;
#3162 = CARTESIAN_POINT ( 'NONE',  ( 1076.566962778175366, -12.40147198066086887, 9.000000000000000000 ) ) ;
#3163 = DIRECTION ( 'NONE',  ( -0.000000000000000000, -0.000000000000000000, 1.000000000000000000 ) ) ;
#3164 = FACE_OUTER_BOUND ( 'NONE', #493, .T. ) ;
#3165 = DIRECTION ( 'NONE',  ( -0.000000000000000000, -0.000000000000000000, 1.000000000000000000 ) ) ;
#3166 = EDGE_LOOP ( 'NONE', ( #2548 ) ) ;
#3167 = VERTEX_POINT ( 'NONE', #425 ) ;
#3168 = VERTEX_POINT ( 'NONE', #640 ) ;
#3169 = EDGE_LOOP ( 'NONE', ( #3277 ) ) ;
#3170 = VERTEX_POINT ( 'NONE', #1824 ) ;
#3171 = DIRECTION ( 'NONE',  ( -0.000000000000000000, -0.000000000000000000, 1.000000000000000000 ) ) ;
#3172 = CARTESIAN_POINT ( 'NONE',  ( 1122.566962778174457, 127.5985280193389855, 15.00000000000000000 ) ) ;
#3173 = ORIENTED_EDGE ( 'NONE', *, *, #3224, .T. ) ;
#3174 = ADVANCED_FACE ( 'NONE', ( #2640, #725 ), #2111, .F. ) ;
#3175 = DIRECTION ( 'NONE',  ( 1.000000000000000000, 0.000000000000000000, 0.000000000000000000 ) ) ;
#3176 = CARTESIAN_POINT ( 'NONE',  ( 924.0669627784334352, 7.598528019070460715, 13.00000000000000000 ) ) ;
#3177 = DIRECTION ( 'NONE',  ( 0.000000000000000000, 0.000000000000000000, -1.000000000000000000 ) ) ;
#3178 = EDGE_CURVE ( 'NONE', #500, #500, #3050, .T. ) ;
#3179 = DIRECTION ( 'NONE',  ( 0.000000000000000000, 0.000000000000000000, 1.000000000000000000 ) ) ;
#3180 = DIRECTION ( 'NONE',  ( 1.000000000000000000, 0.000000000000000000, 0.000000000000000000 ) ) ;
#3181 = AXIS2_PLACEMENT_3D ( 'NONE', #1901, #1685, #1351 ) ;
#3182 = EDGE_LOOP ( 'NONE', ( #2484, #2284, #16, #1855 ) ) ;
#3183 = AXIS2_PLACEMENT_3D ( 'NONE', #1648, #2824, #3072 ) ;
#3184 = CIRCLE ( 'NONE', #3308, 2.750000000000030198 ) ;
#3185 = EDGE_LOOP ( 'NONE', ( #3643 ) ) ;
#3186 = AXIS2_PLACEMENT_3D ( 'NONE', #2771, #2166, #3497 ) ;
#3187 = AXIS2_PLACEMENT_3D ( 'NONE', #3249, #2393, #94 ) ;
#3188 = VERTEX_POINT ( 'NONE', #1551 ) ;
#3189 = DATE_AND_TIME ( #3469, #1646 ) ;
#3190 = CARTESIAN_POINT ( 'NONE',  ( 932.0669627781775262, 42.59852801933327981, 15.00000000000000000 ) ) ;
#3191 = CARTESIAN_POINT ( 'NONE',  ( 916.5669627781744566, 127.5985280193390139, 9.000000000000000000 ) ) ;
#3192 = DIRECTION ( 'NONE',  ( 0.000000000000000000, 0.000000000000000000, 1.000000000000000000 ) ) ;
#3193 = DIRECTION ( 'NONE',  ( 1.000000000000000000, 0.000000000000000000, 0.000000000000000000 ) ) ;
#3194 = DIRECTION ( 'NONE',  ( -0.000000000000000000, -0.000000000000000000, 1.000000000000000000 ) ) ;
#3195 = CIRCLE ( 'NONE', #3528, 4.999999999999893419 ) ;
#3196 = ORIENTED_EDGE ( 'NONE', *, *, #2339, .F. ) ;
#3197 = CARTESIAN_POINT ( 'NONE',  ( 1044.316962778179004, -66.90147198065939449, 9.000000000000000000 ) ) ;
#3198 = CYLINDRICAL_SURFACE ( 'NONE', #265, 2.750000000000030198 ) ;
#3199 = ADVANCED_FACE ( 'NONE', ( #799 ), #2560, .T. ) ;
#3200 = CARTESIAN_POINT ( 'NONE',  ( 1091.566962778183324, 118.5985280193389997, 13.00000000000000000 ) ) ;
#3201 = ORIENTED_EDGE ( 'NONE', *, *, #1228, .T. ) ;
#3202 = CIRCLE ( 'NONE', #1628, 2.500000000000168754 ) ;
#3203 = CARTESIAN_POINT ( 'NONE',  ( 936.5669627781751387, -57.40147198066088663, 9.000000000000000000 ) ) ;
#3204 = CARTESIAN_POINT ( 'NONE',  ( 917.5669627781745703, -77.40147198066100032, 9.000000000000000000 ) ) ;
#3205 = EDGE_CURVE ( 'NONE', #2209, #2209, #3395, .T. ) ;
#3206 = CARTESIAN_POINT ( 'NONE',  ( 1112.566962778174457, -34.90147198066097189, 13.00000000000000000 ) ) ;
#3207 = EDGE_LOOP ( 'NONE', ( #478 ) ) ;
#3208 = VERTEX_POINT ( 'NONE', #765 ) ;
#3209 = ORIENTED_EDGE ( 'NONE', *, *, #837, .F. ) ;
#3210 = ADVANCED_FACE ( 'NONE', ( #1162, #366 ), #603, .F. ) ;
#3211 = VERTEX_POINT ( 'NONE', #92 ) ;
#3212 = DIRECTION ( 'NONE',  ( 1.000000000000000000, 0.000000000000000000, 0.000000000000000000 ) ) ;
#3213 = FACE_BOUND ( 'NONE', #2830, .T. ) ;
#3214 = DIRECTION ( 'NONE',  ( 1.000000000000000000, 0.000000000000000000, 0.000000000000000000 ) ) ;
#3215 = EDGE_LOOP ( 'NONE', ( #3346 ) ) ;
#3216 = VERTEX_POINT ( 'NONE', #685 ) ;
#3217 = VECTOR ( 'NONE', #3479, 1000.000000000000000 ) ;
#3218 = FACE_BOUND ( 'NONE', #2801, .T. ) ;
#3219 = PRODUCT_DEFINITION_FORMATION_WITH_SPECIFIED_SOURCE ( '任何', '', #1153, .NOT_KNOWN. ) ;
#3220 = DIRECTION ( 'NONE',  ( 0.000000000000000000, 0.000000000000000000, 1.000000000000000000 ) ) ;
#3221 = DIRECTION ( 'NONE',  ( 0.000000000000000000, 0.000000000000000000, 1.000000000000000000 ) ) ;
#3222 = CARTESIAN_POINT ( 'NONE',  ( 950.5682651695154846, -34.90147198066080847, 13.00000000000000000 ) ) ;
#3223 = EDGE_LOOP ( 'NONE', ( #3173 ) ) ;
#3224 = EDGE_CURVE ( 'NONE', #230, #230, #82, .T. ) ;
#3225 = EDGE_LOOP ( 'NONE', ( #264 ) ) ;
#3226 = DIRECTION ( 'NONE',  ( -0.000000000000000000, -0.000000000000000000, 1.000000000000000000 ) ) ;
#3227 = CARTESIAN_POINT ( 'NONE',  ( 981.5669627781751387, 32.59852801933908495, 9.000000000000000000 ) ) ;
#3228 = EDGE_CURVE ( 'NONE', #1380, #1380, #2471, .T. ) ;
#3229 = VERTEX_POINT ( 'NONE', #2372 ) ;
#3230 = DIRECTION ( 'NONE',  ( -0.000000000000000000, -0.000000000000000000, 1.000000000000000000 ) ) ;
#3231 = PLANE ( 'NONE',  #2025 ) ;
#3232 = PLANE ( 'NONE',  #2279 ) ;
#3233 = DIRECTION ( 'NONE',  ( 0.000000000000000000, 0.000000000000000000, 1.000000000000000000 ) ) ;
#3234 = FACE_BOUND ( 'NONE', #508, .T. ) ;
#3235 = ORIENTED_EDGE ( 'NONE', *, *, #974, .F. ) ;
#3236 = CARTESIAN_POINT ( 'NONE',  ( 1092.316962778183552, 2.598528019339019224, 9.000000000000000000 ) ) ;
#3237 = DIRECTION ( 'NONE',  ( 1.000000000000000000, 0.000000000000000000, 0.000000000000000000 ) ) ;
#3238 = DIRECTION ( 'NONE',  ( 0.000000000000000000, 0.000000000000000000, 1.000000000000000000 ) ) ;
#3239 = ORIENTED_EDGE ( 'NONE', *, *, #2675, .F. ) ;
#3240 = ORIENTED_EDGE ( 'NONE', *, *, #2654, .T. ) ;
#3241 = EDGE_CURVE ( 'NONE', #3603, #3603, #2575, .T. ) ;
#3242 = CIRCLE ( 'NONE', #2497, 5.000000000000004441 ) ;
#3243 = CIRCLE ( 'NONE', #2551, 2.750000000000030198 ) ;
#3244 = FACE_OUTER_BOUND ( 'NONE', #2165, .T. ) ;
#3245 = VERTEX_POINT ( 'NONE', #1859 ) ;
#3246 = CARTESIAN_POINT ( 'NONE',  ( 939.0669627781751387, -12.40147198066086887, 15.00000000000000000 ) ) ;
#3247 = AXIS2_PLACEMENT_3D ( 'NONE', #1253, #976, #763 ) ;
#3248 = FACE_OUTER_BOUND ( 'NONE', #1834, .T. ) ;
#3249 = CARTESIAN_POINT ( 'NONE',  ( 950.5669627781774125, 118.5985280193389997, 13.00000000000000000 ) ) ;
#3250 = EDGE_CURVE ( 'NONE', #1325, #1325, #1457, .T. ) ;
#3251 = AXIS2_PLACEMENT_3D ( 'NONE', #1597, #221, #287 ) ;
#3252 = CYLINDRICAL_SURFACE ( 'NONE', #181, 2.750000000000030198 ) ;
#3253 = CALENDAR_DATE ( 2026, 12, 5 ) ;
#3254 = FACE_OUTER_BOUND ( 'NONE', #3531, .T. ) ;
#3255 = DIRECTION ( 'NONE',  ( 1.000000000000000000, 0.000000000000000000, 0.000000000000000000 ) ) ;
#3256 = AXIS2_PLACEMENT_3D ( 'NONE', #510, #1096, #7 ) ;
#3257 = CIRCLE ( 'NONE', #1481, 2.750000000000030198 ) ;
#3258 = CARTESIAN_POINT ( 'NONE',  ( 999.3585592633630768, 45.49867323251964280, 9.000000000000000000 ) ) ;
#3259 = PLANE ( 'NONE',  #2174 ) ;
#3260 = ORIENTED_EDGE ( 'NONE', *, *, #2099, .T. ) ;
#3261 = CARTESIAN_POINT ( 'NONE',  ( 950.5682651695154846, 2.598528019338810946, 13.00000000000000000 ) ) ;
#3262 = ORIENTED_EDGE ( 'NONE', *, *, #3228, .F. ) ;
#3263 = EDGE_LOOP ( 'NONE', ( #3597 ) ) ;
#3264 = DIRECTION ( 'NONE',  ( 1.000000000000000000, 0.000000000000000000, 0.000000000000000000 ) ) ;
#3265 = CARTESIAN_POINT ( 'NONE',  ( 939.0669627781751387, 82.59852801933902811, 9.000000000000000000 ) ) ;
#3266 = EDGE_CURVE ( 'NONE', #2690, #2690, #204, .T. ) ;
#3267 = CYLINDRICAL_SURFACE ( 'NONE', #1150, 2.500000000000168754 ) ;
#3268 = DIRECTION ( 'NONE',  ( -0.000000000000000000, -0.000000000000000000, 1.000000000000000000 ) ) ;
#3269 = EDGE_LOOP ( 'NONE', ( #3569 ) ) ;
#3270 = EDGE_CURVE ( 'NONE', #193, #193, #2004, .T. ) ;
#3271 = CARTESIAN_POINT ( 'NONE',  ( 1089.566962778179004, -66.90147198065939449, 15.00000000000000000 ) ) ;
#3272 = CYLINDRICAL_SURFACE ( 'NONE', #550, 2.500000000000168754 ) ;
#3273 = ORIENTED_EDGE ( 'NONE', *, *, #1731, .F. ) ;
#3274 = EDGE_CURVE ( 'NONE', #2984, #2663, #701, .T. ) ;
#3275 = EDGE_LOOP ( 'NONE', ( #1444 ) ) ;
#3276 = CIRCLE ( 'NONE', #981, 5.000000000000115463 ) ;
#3277 = ORIENTED_EDGE ( 'NONE', *, *, #291, .T. ) ;
#3278 = ORIENTED_EDGE ( 'NONE', *, *, #22, .F. ) ;
#3279 = CARTESIAN_POINT ( 'NONE',  ( 916.5669627781744566, 136.5985280193388292, 15.00000000000000000 ) ) ;
#3280 = CARTESIAN_POINT ( 'NONE',  ( 1001.566962778433435, -69.90147198092957126, 15.00000000000000000 ) ) ;
#3281 = CYLINDRICAL_SURFACE ( 'NONE', #1350, 5.000000000000004441 ) ;
#3282 = CARTESIAN_POINT ( 'NONE',  ( 1046.566962778178777, -66.90147198065939449, 15.00000000000000000 ) ) ;
#3283 = FACE_BOUND ( 'NONE', #95, .T. ) ;
#3284 = CYLINDRICAL_SURFACE ( 'NONE', #1924, 4.999999999999893419 ) ;
#3285 = EDGE_LOOP ( 'NONE', ( #3621 ) ) ;
#3286 = DIRECTION ( 'NONE',  ( 0.000000000000000000, 0.000000000000000000, 1.000000000000000000 ) ) ;
#3287 = APPROVAL_DATE_TIME ( #3347, #1862 ) ;
#3288 = CYLINDRICAL_SURFACE ( 'NONE', #60, 5.000000000000115463 ) ;
#3289 = DATE_AND_TIME ( #3253, #1282 ) ;
#3290 = FACE_BOUND ( 'NONE', #914, .T. ) ;
#3291 = FACE_BOUND ( 'NONE', #1857, .T. ) ;
#3292 = DIRECTION ( 'NONE',  ( 1.000000000000000000, 0.000000000000000000, 0.000000000000000000 ) ) ;
#3293 = FACE_BOUND ( 'NONE', #1317, .T. ) ;
#3294 = EDGE_CURVE ( 'NONE', #2065, #3464, #584, .T. ) ;
#3295 = ORIENTED_EDGE ( 'NONE', *, *, #2139, .F. ) ;
#3296 = CARTESIAN_POINT ( 'NONE',  ( 1076.566962778175366, -57.40147198066088663, 15.00000000000000000 ) ) ;
#3297 = EDGE_CURVE ( 'NONE', #2427, #2427, #737, .T. ) ;
#3298 = ORIENTED_EDGE ( 'NONE', *, *, #3250, .F. ) ;
#3299 = VERTEX_POINT ( 'NONE', #1654 ) ;
#3300 = EDGE_LOOP ( 'NONE', ( #2394 ) ) ;
#3301 = DIRECTION ( 'NONE',  ( 1.000000000000000000, 0.000000000000000000, 0.000000000000000000 ) ) ;
#3302 = ORIENTED_EDGE ( 'NONE', *, *, #1059, .T. ) ;
#3303 = CARTESIAN_POINT ( 'NONE',  ( 1115.316962778174457, -66.90147198065939449, 13.00000000000000000 ) ) ;
#3304 = FACE_OUTER_BOUND ( 'NONE', #924, .T. ) ;
#3305 = CYLINDRICAL_SURFACE ( 'NONE', #667, 5.000000000000004441 ) ;
#3306 = DIRECTION ( 'NONE',  ( -0.000000000000000000, -0.000000000000000000, 1.000000000000000000 ) ) ;
#3307 = CIRCLE ( 'NONE', #1485, 4.999999999999893419 ) ;
#3308 = AXIS2_PLACEMENT_3D ( 'NONE', #2342, #716, #643 ) ;
#3309 = CYLINDRICAL_SURFACE ( 'NONE', #46, 4.999999999999893419 ) ;
#3310 = DIRECTION ( 'NONE',  ( 1.000000000000000000, 0.000000000000000000, 0.000000000000000000 ) ) ;
#3311 = DIRECTION ( 'NONE',  ( -0.000000000000000000, -0.000000000000000000, 1.000000000000000000 ) ) ;
#3312 = AXIS2_PLACEMENT_3D ( 'NONE', #1194, #947, #2841 ) ;
#3313 = EDGE_LOOP ( 'NONE', ( #3433 ) ) ;
#3314 = AXIS2_PLACEMENT_3D ( 'NONE', #297, #3398, #3585 ) ;
#3315 = AXIS2_PLACEMENT_3D ( 'NONE', #1284, #3549, #1051 ) ;
#3316 = DIRECTION ( 'NONE',  ( -0.000000000000000000, -0.000000000000000000, 1.000000000000000000 ) ) ;
#3317 = DIRECTION ( 'NONE',  ( 1.000000000000000000, 0.000000000000000000, 0.000000000000000000 ) ) ;
#3318 = ORIENTED_EDGE ( 'NONE', *, *, #866, .T. ) ;
#3319 = EDGE_CURVE ( 'NONE', #1022, #1022, #2403, .T. ) ;
#3320 = CIRCLE ( 'NONE', #1552, 5.000000000000115463 ) ;
#3321 = DIRECTION ( 'NONE',  ( 0.7071067811865868746, -0.7071067811865082708, 0.000000000000000000 ) ) ;
#3322 = CARTESIAN_POINT ( 'NONE',  ( 1029.066962778175366, 82.59852801933902811, 15.00000000000000000 ) ) ;
#3323 = CARTESIAN_POINT ( 'NONE',  ( 953.3182651695155982, 42.59852801933307376, 13.00000000000000000 ) ) ;
#3324 = EDGE_CURVE ( 'NONE', #2472, #2472, #1757, .T. ) ;
#3325 = DIRECTION ( 'NONE',  ( 1.000000000000000000, 0.000000000000000000, 0.000000000000000000 ) ) ;
#3326 = ORIENTED_EDGE ( 'NONE', *, *, #933, .T. ) ;
#3327 = FACE_BOUND ( 'NONE', #2812, .T. ) ;
#3328 = FACE_BOUND ( 'NONE', #2291, .T. ) ;
#3329 = DIRECTION ( 'NONE',  ( -0.000000000000000000, -0.000000000000000000, 1.000000000000000000 ) ) ;
#3330 = FACE_BOUND ( 'NONE', #2929, .T. ) ;
#3331 = ORIENTED_EDGE ( 'NONE', *, *, #3572, .T. ) ;
#3332 = FACE_OUTER_BOUND ( 'NONE', #69, .T. ) ;
#3333 = FACE_BOUND ( 'NONE', #2217, .T. ) ;
#3334 = CIRCLE ( 'NONE', #2678, 2.750000000000030198 ) ;
#3335 = ORIENTED_EDGE ( 'NONE', *, *, #1450, .F. ) ;
#3336 = CIRCLE ( 'NONE', #2406, 2.499999999999946709 ) ;
#3337 = EDGE_CURVE ( 'NONE', #1803, #2400, #959, .T. ) ;
#3338 = CARTESIAN_POINT ( 'NONE',  ( 956.5669627781936697, 12.59852801934287214, 15.00000000000000000 ) ) ;
#3339 = CC_DESIGN_APPROVAL ( #2128, ( #3219 ) ) ;
#3340 =( NAMED_UNIT ( * ) SI_UNIT ( $, .STERADIAN. ) SOLID_ANGLE_UNIT ( ) );
#3341 = ORIENTED_EDGE ( 'NONE', *, *, #1050, .F. ) ;
#3342 = DIRECTION ( 'NONE',  ( -1.000000000000000000, 0.000000000000000000, -0.000000000000000000 ) ) ;
#3343 = DIRECTION ( 'NONE',  ( 1.000000000000000000, 0.000000000000000000, 0.000000000000000000 ) ) ;
#3344 = FACE_OUTER_BOUND ( 'NONE', #124, .T. ) ;
#3345 = EDGE_CURVE ( 'NONE', #2400, #2663, #1819, .T. ) ;
#3346 = ORIENTED_EDGE ( 'NONE', *, *, #3565, .T. ) ;
#3347 = DATE_AND_TIME ( #1462, #874 ) ;
#3348 = FACE_BOUND ( 'NONE', #3446, .T. ) ;
#3349 = FACE_OUTER_BOUND ( 'NONE', #3417, .T. ) ;
#3350 = FACE_BOUND ( 'NONE', #1473, .T. ) ;
#3351 = ORIENTED_EDGE ( 'NONE', *, *, #2675, .T. ) ;
#3352 = VERTEX_POINT ( 'NONE', #2257 ) ;
#3353 = EDGE_LOOP ( 'NONE', ( #852 ) ) ;
#3354 = ORIENTED_EDGE ( 'NONE', *, *, #3205, .F. ) ;
#3355 = DIRECTION ( 'NONE',  ( -0.7071067811865081598, -0.7071067811865868746, 0.000000000000000000 ) ) ;
#3356 = CARTESIAN_POINT ( 'NONE',  ( 1086.566962778183097, 118.5985280193389997, 15.00000000000000000 ) ) ;
#3357 = ORIENTED_EDGE ( 'NONE', *, *, #1714, .F. ) ;
#3358 = DIRECTION ( 'NONE',  ( 1.000000000000000000, 0.000000000000000000, 0.000000000000000000 ) ) ;
#3359 = EDGE_LOOP ( 'NONE', ( #613 ) ) ;
#3360 = DIRECTION ( 'NONE',  ( 0.000000000000000000, 0.000000000000000000, -1.000000000000000000 ) ) ;
#3361 = EDGE_LOOP ( 'NONE', ( #1477 ) ) ;
#3362 = CARTESIAN_POINT ( 'NONE',  ( 1046.566962778183324, 45.59852801933342192, 15.00000000000000000 ) ) ;
#3363 = EDGE_CURVE ( 'NONE', #2990, #2990, #2469, .T. ) ;
#3364 = FACE_BOUND ( 'NONE', #861, .T. ) ;
#3365 = CARTESIAN_POINT ( 'NONE',  ( 1076.566962778175366, -57.40147198066088663, 9.000000000000000000 ) ) ;
#3366 = FACE_OUTER_BOUND ( 'NONE', #3630, .T. ) ;
#3367 = EDGE_LOOP ( 'NONE', ( #3574 ) ) ;
#3368 = CIRCLE ( 'NONE', #170, 2.500000000000168754 ) ;
#3369 = VERTEX_POINT ( 'NONE', #3160 ) ;
#3370 = EDGE_LOOP ( 'NONE', ( #2940 ) ) ;
#3371 = AXIS2_PLACEMENT_3D ( 'NONE', #1045, #2106, #2691 ) ;
#3372 = CIRCLE ( 'NONE', #485, 2.500000000000168754 ) ;
#3373 = EDGE_LOOP ( 'NONE', ( #2593 ) ) ;
#3374 = DIRECTION ( 'NONE',  ( 1.000000000000000000, 0.000000000000000000, 0.000000000000000000 ) ) ;
#3375 = VECTOR ( 'NONE', #1810, 1000.000000000000000 ) ;
#3376 = AXIS2_PLACEMENT_3D ( 'NONE', #438, #1328, #752 ) ;
#3377 = EDGE_LOOP ( 'NONE', ( #792 ) ) ;
#3378 = EDGE_CURVE ( 'NONE', #2714, #2714, #2056, .T. ) ;
#3379 = VERTEX_POINT ( 'NONE', #2000 ) ;
#3380 = CARTESIAN_POINT ( 'NONE',  ( 1122.566962778174457, 128.5985280193389997, 9.000000000000000000 ) ) ;
#3381 = FACE_OUTER_BOUND ( 'NONE', #901, .T. ) ;
#3382 = DIRECTION ( 'NONE',  ( -0.000000000000000000, -0.000000000000000000, 1.000000000000000000 ) ) ;
#3383 = ORIENTED_EDGE ( 'NONE', *, *, #1865, .F. ) ;
#3384 = EDGE_CURVE ( 'NONE', #1044, #1044, #870, .T. ) ;
#3385 = DIRECTION ( 'NONE',  ( -1.000000000000000000, 0.000000000000000000, -0.000000000000000000 ) ) ;
#3386 = DIRECTION ( 'NONE',  ( 0.000000000000000000, 0.000000000000000000, 1.000000000000000000 ) ) ;
#3387 = DIRECTION ( 'NONE',  ( 1.000000000000000000, 0.000000000000000000, 0.000000000000000000 ) ) ;
#3388 = ADVANCED_FACE ( 'NONE', ( #627, #2860 ), #1454, .F. ) ;
#3389 = DIRECTION ( 'NONE',  ( -0.000000000000000000, -0.000000000000000000, 1.000000000000000000 ) ) ;
#3390 = CIRCLE ( 'NONE', #734, 5.000000000000115463 ) ;
#3391 = ORIENTED_EDGE ( 'NONE', *, *, #1472, .F. ) ;
#3392 = VERTEX_POINT ( 'NONE', #875 ) ;
#3393 = ORIENTED_EDGE ( 'NONE', *, *, #2558, .T. ) ;
#3394 = FACE_OUTER_BOUND ( 'NONE', #746, .T. ) ;
#3395 = CIRCLE ( 'NONE', #1817, 2.500000000000168754 ) ;
#3396 = ORIENTED_EDGE ( 'NONE', *, *, #2304, .T. ) ;
#3397 = VERTEX_POINT ( 'NONE', #882 ) ;
#3398 = DIRECTION ( 'NONE',  ( 0.000000000000000000, 0.000000000000000000, -1.000000000000000000 ) ) ;
#3399 = DIRECTION ( 'NONE',  ( 1.000000000000000000, 0.000000000000000000, 0.000000000000000000 ) ) ;
#3400 = CARTESIAN_POINT ( 'NONE',  ( 916.5669627781744566, 128.5985280193389997, 9.000000000000000000 ) ) ;
#3401 = EDGE_CURVE ( 'NONE', #857, #857, #2233, .T. ) ;
#3402 = ADVANCED_FACE ( 'NONE', ( #363, #3466 ), #847, .F. ) ;
#3403 = CARTESIAN_POINT ( 'NONE',  ( 981.5669627781751387, -57.40147198066088663, 9.000000000000000000 ) ) ;
#3404 = EDGE_LOOP ( 'NONE', ( #144 ) ) ;
#3405 = CARTESIAN_POINT ( 'NONE',  ( 0.000000000000000000, 0.000000000000000000, 0.000000000000000000 ) ) ;
#3406 = ORIENTED_EDGE ( 'NONE', *, *, #295, .F. ) ;
#3407 = VERTEX_POINT ( 'NONE', #895 ) ;
#3408 = CYLINDRICAL_SURFACE ( 'NONE', #3312, 2.750000000000030198 ) ;
#3409 = CARTESIAN_POINT ( 'NONE',  ( 924.0669627781744566, 18.59852801933904587, 15.00000000000000000 ) ) ;
#3410 = DIRECTION ( 'NONE',  ( 0.000000000000000000, 0.000000000000000000, 1.000000000000000000 ) ) ;
#3411 = CIRCLE ( 'NONE', #2370, 2.750000000000030198 ) ;
#3412 = AXIS2_PLACEMENT_3D ( 'NONE', #2874, #285, #2546 ) ;
#3413 = CC_DESIGN_PERSON_AND_ORGANIZATION_ASSIGNMENT ( #932, #2078, ( #1759 ) ) ;
#3414 = AXIS2_PLACEMENT_3D ( 'NONE', #1326, #2452, #1003 ) ;
#3415 = AXIS2_PLACEMENT_3D ( 'NONE', #3100, #2027, #328 ) ;
#3416 = AXIS2_PLACEMENT_3D ( 'NONE', #1184, #2855, #2295 ) ;
#3417 = EDGE_LOOP ( 'NONE', ( #971 ) ) ;
#3418 = AXIS2_PLACEMENT_3D ( 'NONE', #3539, #497, #1571 ) ;
#3419 = ADVANCED_FACE ( 'NONE', ( #609, #2254 ), #337, .F. ) ;
#3420 = ORIENTED_EDGE ( 'NONE', *, *, #2979, .F. ) ;
#3421 = AXIS2_PLACEMENT_3D ( 'NONE', #2460, #3491, #990 ) ;
#3422 = DIRECTION ( 'NONE',  ( 0.000000000000000000, -0.000000000000000000, 1.000000000000000000 ) ) ;
#3423 = EDGE_LOOP ( 'NONE', ( #3262 ) ) ;
#3424 = EDGE_CURVE ( 'NONE', #2817, #2817, #3276, .T. ) ;
#3425 = AXIS2_PLACEMENT_3D ( 'NONE', #2718, #180, #2457 ) ;
#3426 = VERTEX_POINT ( 'NONE', #3103 ) ;
#3427 = FACE_BOUND ( 'NONE', #580, .T. ) ;
#3428 = CARTESIAN_POINT ( 'NONE',  ( 964.3169627784334352, -65.40147198092950021, 13.00000000000000000 ) ) ;
#3429 = EDGE_LOOP ( 'NONE', ( #868 ) ) ;
#3430 = DIRECTION ( 'NONE',  ( 1.000000000000000000, 0.000000000000000000, 0.000000000000000000 ) ) ;
#3431 = FACE_OUTER_BOUND ( 'NONE', #1775, .T. ) ;
#3432 = DIRECTION ( 'NONE',  ( 1.000000000000000000, 0.000000000000000000, 0.000000000000000000 ) ) ;
#3433 = ORIENTED_EDGE ( 'NONE', *, *, #2577, .T. ) ;
#3434 = EDGE_LOOP ( 'NONE', ( #540 ) ) ;
#3435 = ADVANCED_FACE ( 'NONE', ( #357, #1951 ), #290, .F. ) ;
#3436 = FACE_OUTER_BOUND ( 'NONE', #2571, .T. ) ;
#3437 = VERTEX_POINT ( 'NONE', #1838 ) ;
#3438 = DIRECTION ( 'NONE',  ( 1.000000000000000000, 0.000000000000000000, 0.000000000000000000 ) ) ;
#3439 = CARTESIAN_POINT ( 'NONE',  ( 1122.566962778174457, -77.40147198066100032, 9.000000000000000000 ) ) ;
#3440 = EDGE_CURVE ( 'NONE', #1123, #1123, #808, .T. ) ;
#3441 = DIRECTION ( 'NONE',  ( -0.000000000000000000, -0.000000000000000000, 1.000000000000000000 ) ) ;
#3442 = CC_DESIGN_SECURITY_CLASSIFICATION ( #1759, ( #3219 ) ) ;
#3443 = FACE_OUTER_BOUND ( 'NONE', #2717, .T. ) ;
#3444 = DIRECTION ( 'NONE',  ( 1.000000000000000000, 0.000000000000000000, 0.000000000000000000 ) ) ;
#3445 = EDGE_LOOP ( 'NONE', ( #3583 ) ) ;
#3446 = EDGE_LOOP ( 'NONE', ( #2537 ) ) ;
#3447 = ORIENTED_EDGE ( 'NONE', *, *, #2928, .T. ) ;
#3448 = EDGE_LOOP ( 'NONE', ( #3044 ) ) ;
#3449 = CARTESIAN_POINT ( 'NONE',  ( 950.5682651695154846, 81.59852801933305955, 15.00000000000000000 ) ) ;
#3450 = CARTESIAN_POINT ( 'NONE',  ( 1046.566962778174457, -34.90147198066097189, 13.00000000000000000 ) ) ;
#3451 = ADVANCED_FACE ( 'NONE', ( #634, #375 ), #1982, .F. ) ;
#3452 = DIRECTION ( 'NONE',  ( 1.000000000000000000, 0.000000000000000000, 0.000000000000000000 ) ) ;
#3453 = FACE_OUTER_BOUND ( 'NONE', #2021, .T. ) ;
#3454 = ORIENTED_EDGE ( 'NONE', *, *, #3401, .T. ) ;
#3455 = DIRECTION ( 'NONE',  ( -0.000000000000000000, -0.000000000000000000, 1.000000000000000000 ) ) ;
#3456 = CARTESIAN_POINT ( 'NONE',  ( 953.3182651695155982, 81.59852801933305955, 13.00000000000000000 ) ) ;
#3457 = EDGE_CURVE ( 'NONE', #3113, #3113, #2628, .T. ) ;
#3458 = DIRECTION ( 'NONE',  ( 1.000000000000000000, 0.000000000000000000, 0.000000000000000000 ) ) ;
#3459 = CARTESIAN_POINT ( 'NONE',  ( 956.5669627781936697, 12.59852801934287214, 15.00000000000000000 ) ) ;
#3460 = VERTEX_POINT ( 'NONE', #2800 ) ;
#3461 = CARTESIAN_POINT ( 'NONE',  ( 1041.566962778174457, -34.90147198066097189, 13.00000000000000000 ) ) ;
#3462 = ORIENTED_EDGE ( 'NONE', *, *, #22, .T. ) ;
#3463 = CIRCLE ( 'NONE', #1613, 2.750000000000030198 ) ;
#3464 = VERTEX_POINT ( 'NONE', #721 ) ;
#3465 = DIRECTION ( 'NONE',  ( 0.000000000000000000, 0.000000000000000000, 1.000000000000000000 ) ) ;
#3466 = FACE_OUTER_BOUND ( 'NONE', #601, .T. ) ;
#3467 = AXIS2_PLACEMENT_3D ( 'NONE', #1004, #1577, #3193 ) ;
#3468 = VECTOR ( 'NONE', #3175, 1000.000000000000000 ) ;
#3469 = CALENDAR_DATE ( 2026, 12, 5 ) ;
#3470 = VERTEX_POINT ( 'NONE', #1259 ) ;
#3471 = DIRECTION ( 'NONE',  ( -0.000000000000000000, -0.000000000000000000, 1.000000000000000000 ) ) ;
#3472 = DIRECTION ( 'NONE',  ( 1.000000000000000000, 0.000000000000000000, 0.000000000000000000 ) ) ;
#3473 = ORIENTED_EDGE ( 'NONE', *, *, #1664, .T. ) ;
#3474 = DIRECTION ( 'NONE',  ( 0.7071067811865081598, 0.7071067811865868746, 0.000000000000000000 ) ) ;
#3475 = CIRCLE ( 'NONE', #2565, 5.000000000000115463 ) ;
#3476 = FACE_BOUND ( 'NONE', #1781, .T. ) ;
#3477 = ADVANCED_FACE ( 'NONE', ( #1866, #1581 ), #2980, .F. ) ;
#3478 = AXIS2_PLACEMENT_3D ( 'NONE', #2192, #3053, #150 ) ;
#3479 = DIRECTION ( 'NONE',  ( 0.000000000000000000, 0.000000000000000000, -1.000000000000000000 ) ) ;
#3480 = EDGE_LOOP ( 'NONE', ( #2404 ) ) ;
#3481 = EDGE_LOOP ( 'NONE', ( #2820 ) ) ;
#3482 = DIRECTION ( 'NONE',  ( -0.000000000000000000, -0.000000000000000000, 1.000000000000000000 ) ) ;
#3483 = CARTESIAN_POINT ( 'NONE',  ( 1117.566962778174684, -66.90147198065939449, 15.00000000000000000 ) ) ;
#3484 = FACE_OUTER_BOUND ( 'NONE', #2847, .T. ) ;
#3485 = LINE ( 'NONE', #1243, #1614 ) ;
#3486 = ORIENTED_EDGE ( 'NONE', *, *, #2362, .F. ) ;
#3487 = CYLINDRICAL_SURFACE ( 'NONE', #2100, 5.000000000000004441 ) ;
#3488 = DIRECTION ( 'NONE',  ( 1.000000000000000000, 0.000000000000000000, 0.000000000000000000 ) ) ;
#3489 = AXIS2_PLACEMENT_3D ( 'NONE', #2349, #2863, #275 ) ;
#3490 = CYLINDRICAL_SURFACE ( 'NONE', #689, 2.500000000000168754 ) ;
#3491 = DIRECTION ( 'NONE',  ( -0.000000000000000000, -0.000000000000000000, 1.000000000000000000 ) ) ;
#3492 = CARTESIAN_POINT ( 'NONE',  ( 955.5682651695154846, 2.598528019338810946, 13.00000000000000000 ) ) ;
#3493 = ORIENTED_EDGE ( 'NONE', *, *, #2738, .T. ) ;
#3494 = AXIS2_PLACEMENT_3D ( 'NONE', #1000, #1298, #2988 ) ;
#3495 = ADVANCED_FACE ( 'NONE', ( #817, #1997 ), #3496, .F. ) ;
#3496 = PLANE ( 'NONE',  #2875 ) ;
#3497 = DIRECTION ( 'NONE',  ( 1.000000000000000000, 0.000000000000000000, 0.000000000000000000 ) ) ;
#3498 = VERTEX_POINT ( 'NONE', #3540 ) ;
#3499 = EDGE_LOOP ( 'NONE', ( #1656 ) ) ;
#3500 = ADVANCED_FACE ( 'NONE', ( #1896, #1297 ), #1618, .F. ) ;
#3501 = VERTEX_POINT ( 'NONE', #2132 ) ;
#3502 = CARTESIAN_POINT ( 'NONE',  ( 1115.316962778174457, 2.598528019339019224, 9.000000000000000000 ) ) ;
#3503 = CARTESIAN_POINT ( 'NONE',  ( 999.3169627781832105, 118.5985280193389997, 9.000000000000000000 ) ) ;
#3504 = FACE_OUTER_BOUND ( 'NONE', #2086, .T. ) ;
#3505 = DIRECTION ( 'NONE',  ( -0.000000000000000000, -0.000000000000000000, 1.000000000000000000 ) ) ;
#3506 = FACE_OUTER_BOUND ( 'NONE', #1186, .T. ) ;
#3507 = EDGE_LOOP ( 'NONE', ( #3005 ) ) ;
#3508 = DIRECTION ( 'NONE',  ( 1.000000000000000000, 0.000000000000000000, 0.000000000000000000 ) ) ;
#3509 = EDGE_CURVE ( 'NONE', #3392, #3392, #3336, .T. ) ;
#3510 = ORIENTED_EDGE ( 'NONE', *, *, #3509, .T. ) ;
#3511 = ORIENTED_EDGE ( 'NONE', *, *, #3002, .T. ) ;
#3512 = DIRECTION ( 'NONE',  ( 0.000000000000000000, 0.000000000000000000, 1.000000000000000000 ) ) ;
#3513 = ADVANCED_FACE ( 'NONE', ( #2172, #192 ), #1916, .F. ) ;
#3514 = CIRCLE ( 'NONE', #249, 5.000000000000004441 ) ;
#3515 = AXIS2_PLACEMENT_3D ( 'NONE', #2823, #1720, #864 ) ;
#3516 = VERTEX_POINT ( 'NONE', #2487 ) ;
#3517 = DIRECTION ( 'NONE',  ( -0.000000000000000000, -0.000000000000000000, 1.000000000000000000 ) ) ;
#3518 = AXIS2_PLACEMENT_3D ( 'NONE', #1012, #449, #1589 ) ;
#3519 = DIRECTION ( 'NONE',  ( 1.000000000000000000, 0.000000000000000000, 0.000000000000000000 ) ) ;
#3520 = EDGE_LOOP ( 'NONE', ( #3273 ) ) ;
#3521 = ADVANCED_FACE ( 'NONE', ( #2711, #3032 ), #3281, .F. ) ;
#3522 = DIRECTION ( 'NONE',  ( 0.000000000000000000, 0.000000000000000000, -1.000000000000000000 ) ) ;
#3523 = VECTOR ( 'NONE', #1441, 1000.000000000000000 ) ;
#3524 = CIRCLE ( 'NONE', #3315, 2.750000000000030198 ) ;
#3525 = CARTESIAN_POINT ( 'NONE',  ( 1092.316962778179004, -66.90147198065939449, 13.00000000000000000 ) ) ;
#3526 = DIRECTION ( 'NONE',  ( 1.000000000000000000, 0.000000000000000000, 0.000000000000000000 ) ) ;
#3527 = FACE_OUTER_BOUND ( 'NONE', #1893, .T. ) ;
#3528 = AXIS2_PLACEMENT_3D ( 'NONE', #2704, #2772, #3061 ) ;
#3529 = AXIS2_PLACEMENT_3D ( 'NONE', #137, #1008, #2723 ) ;
#3530 = DIRECTION ( 'NONE',  ( -0.000000000000000000, -0.000000000000000000, 1.000000000000000000 ) ) ;
#3531 = EDGE_LOOP ( 'NONE', ( #1197 ) ) ;
#3532 = AXIS2_PLACEMENT_3D ( 'NONE', #772, #278, #2226 ) ;
#3533 = CARTESIAN_POINT ( 'NONE',  ( 1089.566962778183324, 2.598528019339019224, 15.00000000000000000 ) ) ;
#3534 = ORIENTED_EDGE ( 'NONE', *, *, #3270, .F. ) ;
#3535 = ORIENTED_EDGE ( 'NONE', *, *, #3095, .T. ) ;
#3536 = DIRECTION ( 'NONE',  ( 1.000000000000000000, 0.000000000000000000, 0.000000000000000000 ) ) ;
#3537 = FACE_OUTER_BOUND ( 'NONE', #815, .T. ) ;
#3538 = FACE_OUTER_BOUND ( 'NONE', #1338, .T. ) ;
#3539 = CARTESIAN_POINT ( 'NONE',  ( 981.5669627781751387, -57.40147198066088663, 15.00000000000000000 ) ) ;
#3540 = CARTESIAN_POINT ( 'NONE',  ( 917.5669627781745703, -77.40147198066100032, 15.00000000000000000 ) ) ;
#3541 = VERTEX_POINT ( 'NONE', #2977 ) ;
#3542 = CARTESIAN_POINT ( 'NONE',  ( 966.5669627784334352, -65.40147198092950021, 13.00000000000000000 ) ) ;
#3543 = FACE_OUTER_BOUND ( 'NONE', #24, .T. ) ;
#3544 = EDGE_CURVE ( 'NONE', #1173, #1173, #935, .T. ) ;
#3545 = CYLINDRICAL_SURFACE ( 'NONE', #3154, 2.750000000000030198 ) ;
#3546 = CARTESIAN_POINT ( 'NONE',  ( 1086.566962778183097, 118.5985280193389997, 15.00000000000000000 ) ) ;
#3547 = ORIENTED_EDGE ( 'NONE', *, *, #2661, .T. ) ;
#3548 = DIRECTION ( 'NONE',  ( 1.000000000000000000, 0.000000000000000000, 0.000000000000000000 ) ) ;
#3549 = DIRECTION ( 'NONE',  ( -0.000000000000000000, -0.000000000000000000, 1.000000000000000000 ) ) ;
#3550 = ADVANCED_FACE ( 'NONE', ( #2744, #151 ), #1048, .F. ) ;
#3551 = FACE_BOUND ( 'NONE', #617, .T. ) ;
#3552 = FACE_BOUND ( 'NONE', #645, .T. ) ;
#3553 = ORIENTED_EDGE ( 'NONE', *, *, #3424, .T. ) ;
#3554 = CIRCLE ( 'NONE', #1877, 2.499999999999946709 ) ;
#3555 = DIRECTION ( 'NONE',  ( 1.000000000000000000, 0.000000000000000000, 0.000000000000000000 ) ) ;
#3556 = AXIS2_PLACEMENT_3D ( 'NONE', #1662, #2898, #3422 ) ;
#3557 = DIRECTION ( 'NONE',  ( -1.000000000000000000, 0.000000000000000000, -0.000000000000000000 ) ) ;
#3558 = EDGE_LOOP ( 'NONE', ( #59 ) ) ;
#3559 = ORIENTED_EDGE ( 'NONE', *, *, #2068, .T. ) ;
#3560 = PLANE ( 'NONE',  #56 ) ;
#3561 = VERTEX_POINT ( 'NONE', #2507 ) ;
#3562 = LINE ( 'NONE', #1379, #2907 ) ;
#3563 = CARTESIAN_POINT ( 'NONE',  ( 926.8169627784335489, 7.598528019070460715, 9.000000000000000000 ) ) ;
#3564 = FACE_OUTER_BOUND ( 'NONE', #3633, .T. ) ;
#3565 = EDGE_CURVE ( 'NONE', #1402, #1402, #811, .T. ) ;
#3566 = FACE_BOUND ( 'NONE', #1904, .T. ) ;
#3567 = DIRECTION ( 'NONE',  ( -0.000000000000000000, -0.000000000000000000, 1.000000000000000000 ) ) ;
#3568 = FACE_BOUND ( 'NONE', #246, .T. ) ;
#3569 = ORIENTED_EDGE ( 'NONE', *, *, #295, .T. ) ;
#3570 = ADVANCED_FACE ( 'NONE', ( #2816, #229 ), #2555, .F. ) ;
#3571 = DIRECTION ( 'NONE',  ( -0.000000000000000000, -0.000000000000000000, 1.000000000000000000 ) ) ;
#3572 = EDGE_CURVE ( 'NONE', #2024, #2024, #1459, .T. ) ;
#3573 = ORIENTED_EDGE ( 'NONE', *, *, #2455, .F. ) ;
#3574 = ORIENTED_EDGE ( 'NONE', *, *, #3440, .F. ) ;
#3575 = CARTESIAN_POINT ( 'NONE',  ( 1112.566962778174457, 118.5985280193389713, 15.00000000000000000 ) ) ;
#3576 = FACE_OUTER_BOUND ( 'NONE', #3377, .T. ) ;
#3577 = CARTESIAN_POINT ( 'NONE',  ( 1117.566962778174684, 2.598528019339019224, 15.00000000000000000 ) ) ;
#3578 = ORIENTED_EDGE ( 'NONE', *, *, #837, .T. ) ;
#3579 = CARTESIAN_POINT ( 'NONE',  ( 1044.316962778183324, 45.59852801933342192, 13.00000000000000000 ) ) ;
#3580 = FACE_OUTER_BOUND ( 'NONE', #873, .T. ) ;
#3581 = DIRECTION ( 'NONE',  ( 0.000000000000000000, 0.000000000000000000, 1.000000000000000000 ) ) ;
#3582 = AXIS2_PLACEMENT_3D ( 'NONE', #2635, #2952, #2121 ) ;
#3583 = ORIENTED_EDGE ( 'NONE', *, *, #602, .F. ) ;
#3584 = CIRCLE ( 'NONE', #839, 2.750000000000030198 ) ;
#3585 = DIRECTION ( 'NONE',  ( -1.000000000000000000, 0.000000000000000000, -0.000000000000000000 ) ) ;
#3586 = FACE_BOUND ( 'NONE', #2530, .T. ) ;
#3587 = FACE_BOUND ( 'NONE', #1762, .T. ) ;
#3588 = CYLINDRICAL_SURFACE ( 'NONE', #1142, 5.000000000000004441 ) ;
#3589 = FACE_BOUND ( 'NONE', #887, .T. ) ;
#3590 = CIRCLE ( 'NONE', #2439, 2.500000000000168754 ) ;
#3591 = AXIS2_PLACEMENT_3D ( 'NONE', #2137, #3517, #681 ) ;
#3592 = ORIENTED_EDGE ( 'NONE', *, *, #2072, .T. ) ;
#3593 = AXIS2_PLACEMENT_3D ( 'NONE', #3126, #1723, #1740 ) ;
#3594 = AXIS2_PLACEMENT_3D ( 'NONE', #2075, #581, #305 ) ;
#3595 = ADVANCED_FACE ( 'NONE', ( #830 ), #277, .T. ) ;
#3596 = VECTOR ( 'NONE', #3286, 1000.000000000000000 ) ;
#3597 = ORIENTED_EDGE ( 'NONE', *, *, #3205, .T. ) ;
#3598 = ORIENTED_EDGE ( 'NONE', *, *, #1290, .F. ) ;
#3599 = DIRECTION ( 'NONE',  ( 1.000000000000000000, 0.000000000000000000, 0.000000000000000000 ) ) ;
#3600 = ADVANCED_FACE ( 'NONE', ( #2486, #3576 ), #1958, .F. ) ;
#3601 = CIRCLE ( 'NONE', #2613, 4.999999999999893419 ) ;
#3602 = EDGE_LOOP ( 'NONE', ( #1010 ) ) ;
#3603 = VERTEX_POINT ( 'NONE', #1576 ) ;
#3604 = EDGE_LOOP ( 'NONE', ( #1494 ) ) ;
#3605 = DIRECTION ( 'NONE',  ( -1.000000000000000000, 0.000000000000000000, -0.000000000000000000 ) ) ;
#3606 = CARTESIAN_POINT ( 'NONE',  ( 1115.316962778174457, 2.598528019339019224, 13.00000000000000000 ) ) ;
#3607 = CYLINDRICAL_SURFACE ( 'NONE', #9, 2.750000000000030198 ) ;
#3608 = DIRECTION ( 'NONE',  ( -1.000000000000000000, 0.000000000000000000, -0.000000000000000000 ) ) ;
#3609 = ORIENTED_EDGE ( 'NONE', *, *, #974, .T. ) ;
#3610 = FACE_BOUND ( 'NONE', #276, .T. ) ;
#3611 = DIRECTION ( 'NONE',  ( 1.000000000000000000, 0.000000000000000000, 0.000000000000000000 ) ) ;
#3612 = CARTESIAN_POINT ( 'NONE',  ( 1001.566962778433435, -69.90147198092957126, 15.00000000000000000 ) ) ;
#3613 = EDGE_LOOP ( 'NONE', ( #225 ) ) ;
#3614 = CYLINDRICAL_SURFACE ( 'NONE', #3256, 5.000000000000004441 ) ;
#3615 = ADVANCED_FACE ( 'NONE', ( #1432, #517 ), #2067, .F. ) ;
#3616 = EDGE_LOOP ( 'NONE', ( #3239 ) ) ;
#3617 = LINE ( 'NONE', #1078, #410 ) ;
#3618 = AXIS2_PLACEMENT_3D ( 'NONE', #1800, #404, #2964 ) ;
#3619 = ADVANCED_FACE ( 'NONE', ( #3366, #2018 ), #528, .F. ) ;
#3620 = AXIS2_PLACEMENT_3D ( 'NONE', #2509, #210, #1711 ) ;
#3621 = ORIENTED_EDGE ( 'NONE', *, *, #1368, .T. ) ;
#3622 = DIRECTION ( 'NONE',  ( 0.000000000000000000, 0.000000000000000000, -1.000000000000000000 ) ) ;
#3623 = ORIENTED_EDGE ( 'NONE', *, *, #472, .T. ) ;
#3624 = DIRECTION ( 'NONE',  ( -0.000000000000000000, -0.000000000000000000, 1.000000000000000000 ) ) ;
#3625 = CARTESIAN_POINT ( 'NONE',  ( 953.3182651695155982, 42.59852801933307376, 13.00000000000000000 ) ) ;
#3626 = DIRECTION ( 'NONE',  ( -0.000000000000000000, -0.000000000000000000, 1.000000000000000000 ) ) ;
#3627 = FACE_BOUND ( 'NONE', #1918, .T. ) ;
#3628 = DIRECTION ( 'NONE',  ( 1.000000000000000000, 0.000000000000000000, 0.000000000000000000 ) ) ;
#3629 = CARTESIAN_POINT ( 'NONE',  ( 1044.316962778179004, -66.90147198065939449, 13.00000000000000000 ) ) ;
#3630 = EDGE_LOOP ( 'NONE', ( #944 ) ) ;
#3631 = DIRECTION ( 'NONE',  ( -0.000000000000000000, -0.000000000000000000, 1.000000000000000000 ) ) ;
#3632 = CARTESIAN_POINT ( 'NONE',  ( 950.5682651695154846, -34.90147198066080847, 15.00000000000000000 ) ) ;
#3633 = EDGE_LOOP ( 'NONE', ( #3240 ) ) ;
#3634 = EDGE_LOOP ( 'NONE', ( #78 ) ) ;
#3635 = CYLINDRICAL_SURFACE ( 'NONE', #1086, 5.000000000000004441 ) ;
#3636 = ADVANCED_FACE ( 'NONE', ( #536, #2265 ), #279, .F. ) ;
#3637 = EDGE_LOOP ( 'NONE', ( #419 ) ) ;
#3638 = PERSON_AND_ORGANIZATION ( #1364, #511 ) ;
#3639 = ORIENTED_EDGE ( 'NONE', *, *, #1418, .T. ) ;
#3640 = FACE_OUTER_BOUND ( 'NONE', #1663, .T. ) ;
#3641 = DIRECTION ( 'NONE',  ( 1.000000000000000000, 0.000000000000000000, 0.000000000000000000 ) ) ;
#3642 = EDGE_CURVE ( 'NONE', #2228, #2228, #332, .T. ) ;
#3643 = ORIENTED_EDGE ( 'NONE', *, *, #1714, .T. ) ;
#3644 = FACE_OUTER_BOUND ( 'NONE', #3223, .T. ) ;
#3645 = CARTESIAN_POINT ( 'NONE',  ( 999.3169627781832105, 118.5985280193389997, 13.00000000000000000 ) ) ;
ENDSEC;
END-ISO-10303-21;
